promotion_id,promotion_type,asin,promo_price,original_price,start,end
6b4f4563,Best Deal,B0BK8X47M5,14.37,13.43,2025-12-26 00:00:00,2026-01-08 23:45:00
6b4f4563,Best Deal,B0BK8X47M5,14.37,0.0,2025-12-26 00:00:00,2026-01-08 23:45:00
23985214102,Coupon,B0BK8X47M5,12.75,13.43,2026-02-17 00:00:00,2026-03-17 23:59:00
2ef28cba,Best Deal,B0FQW6FYT9,23.72,22.17,2026-03-10 00:00:00,2026-03-16 23:45:00
4b90a925,Best Deal,B0D637HBP1,15.21,14.21,2026-02-08 00:00:00,2026-02-15 23:59:00
2ef28cba,Best Deal,B08XZLYCZ5,22.87,21.37,2026-03-10 00:00:00,2026-03-16 23:45:00
2ef28cba,Best Deal,B08XZLYCZ5,22.87,0.0,2026-03-10 00:00:00,2026-03-16 23:45:00
2ef28cba,Best Deal,B0BK8X47M5,14.37,13.43,2026-03-10 00:00:00,2026-03-16 23:45:00
2ef28cba,Best Deal,B0FQW6FYT9,23.72,0.0,2026-03-10 00:00:00,2026-03-16 23:45:00
4b90a925,Best Deal,B0D637HBP1,15.21,0.0,2026-02-08 00:00:00,2026-02-15 23:59:00
23985214102,Coupon,B0BK8X47M5,14.99,15.79,2026-02-17 00:00:00,2026-03-17 23:59:00
2ef28cba,Best Deal,B0D637HBP1,15.2,0.0,2026-03-10 00:00:00,2026-03-16 23:45:00
2ef28cba,Best Deal,B0D637HBP1,15.2,14.21,2026-03-10 00:00:00,2026-03-16 23:45:00
2ef28cba,Best Deal,B0BK8X47M5,14.37,0.0,2026-03-10 00:00:00,2026-03-16 23:45:00
5feb7df2,Best Deal,B0BK8X47M5,14.37,13.43,2026-05-24 00:00:00,2026-05-30 23:59:00
5feb7df2,Best Deal,B0BK8X47M5,14.37,0.0,2026-05-24 00:00:00,2026-05-30 23:59:00
23985214102,Coupon,B091Z4JQBD,17.66,18.6,2026-02-17 00:00:00,2026-03-17 23:59:00
6b4f4563,Best Deal,B091Z4JQBD,16.91,15.8,2025-12-26 00:00:00,2026-01-08 23:45:00
6b4f4563,Best Deal,B091Z4JQBD,16.91,0.0,2025-12-26 00:00:00,2026-01-08 23:45:00
6b4f4563,Best Deal,B08XZLYCZ5,22.87,21.37,2025-12-26 00:00:00,2026-01-08 23:45:00
6b4f4563,Best Deal,B08XZLYCZ5,22.87,0.0,2025-12-26 00:00:00,2026-01-08 23:45:00
6b4f4563,Best Deal,B094R1JQ6K,15.33,14.33,2025-12-26 00:00:00,2026-01-08 23:45:00
6b4f4563,Best Deal,B094R1JQ6K,15.33,0.0,2025-12-26 00:00:00,2026-01-08 23:45:00
2ef28cba,Best Deal,B0DGGWX7WN,12.67,11.84,2026-03-10 00:00:00,2026-03-16 23:45:00
2ef28cba,Best Deal,B0DGGWX7WN,12.67,0.0,2026-03-10 00:00:00,2026-03-16 23:45:00
2ef28cba,Best Deal,B091Z4JQBD,16.92,15.81,2026-03-10 00:00:00,2026-03-16 23:45:00
23985214102,Coupon,B0BK8X47M5,15.0,15.79,2026-02-17 00:00:00,2026-03-17 23:59:00
23985214102,Coupon,B07F1FKM3M,22.1,23.27,2026-02-17 00:00:00,2026-03-17 23:59:00
2ef28cba,Best Deal,B08QVYP7YH,20.32,18.99,2026-03-10 00:00:00,2026-03-16 23:45:00
2ef28cba,Best Deal,B091Z4JQBD,16.92,0.0,2026-03-10 00:00:00,2026-03-16 23:45:00
23985214102,Coupon,B091Z4JQBD,15.01,15.81,2026-02-17 00:00:00,2026-03-17 23:59:00
2f1f00de,Best Deal,B091Z4JQBD,16.92,0.0,2026-05-24 00:00:00,2026-05-30 23:59:00
2f1f00de,Best Deal,B091Z4JQBD,16.92,15.81,2026-05-24 00:00:00,2026-05-30 23:59:00
2ef28cba,Best Deal,B08QVYP7YH,20.32,0.0,2026-03-10 00:00:00,2026-03-16 23:45:00
6b4f4563,Best Deal,B0D637HBP1,15.21,14.21,2025-12-26 00:00:00,2026-01-08 23:45:00
6b4f4563,Best Deal,B08QVYP7YH,20.31,0.0,2025-12-26 00:00:00,2026-01-08 23:45:00
6b4f4563,Best Deal,B08QVYP7YH,20.31,18.98,2025-12-26 00:00:00,2026-01-08 23:45:00
23985214102,Coupon,B0BK8X47M5,-0.68,0.0,2026-02-17 00:00:00,2026-03-17 23:59:00
6b4f4563,Best Deal,B0BMQXCX1X,20.18,18.86,2025-12-26 00:00:00,2026-01-08 23:45:00
6b4f4563,Best Deal,B0DFCQLLSY,12.66,11.83,2025-12-26 00:00:00,2026-01-08 23:45:00
6b4f4563,Best Deal,B0BMQXCX1X,20.18,0.0,2025-12-26 00:00:00,2026-01-08 23:45:00
6b4f4563,Best Deal,B07F1FKM3M,21.16,19.78,2025-12-26 00:00:00,2026-01-08 23:45:00
6b4f4563,Best Deal,B0DFCQLLSY,12.66,0.0,2025-12-26 00:00:00,2026-01-08 23:45:00
23985214102,Coupon,B09C6FG128,23.88,25.14,2026-02-17 00:00:00,2026-03-17 23:59:00
6b4f4563,Best Deal,B07F1FKM3M,21.16,0.0,2025-12-26 00:00:00,2026-01-08 23:45:00
6b4f4563,Best Deal,B07WH27VXM,19.12,17.87,2025-12-26 00:00:00,2026-01-08 23:45:00
2ef28cba,Best Deal,B09NRH4J1C,21.17,0.0,2026-03-10 00:00:00,2026-03-16 23:45:00
2ef28cba,Best Deal,B09NRH4J1C,21.17,19.79,2026-03-10 00:00:00,2026-03-16 23:45:00
2ef28cba,Best Deal,B094R1JQ6K,18.62,17.4,2026-03-10 00:00:00,2026-03-16 23:45:00
d81fe83c,Best Deal,B0FLQQCMYH,16.92,15.81,2026-05-24 00:00:00,2026-05-30 23:59:00
6b4f4563,Best Deal,B0D22ZQTSC,18.61,17.39,2025-12-26 00:00:00,2026-01-08 23:45:00
23985214102,Coupon,B091Z4JQBD,15.02,15.81,2026-02-17 00:00:00,2026-03-17 23:59:00
6e217478,Best Deal,B0D22ZQTSC,17.68,16.52,2026-03-10 00:00:00,2026-03-16 23:45:00
23985214102,Coupon,B091Z4JQBD,-0.8,0.0,2026-02-17 00:00:00,2026-03-17 23:59:00
6b4f4563,Best Deal,B09JCNKXV5,19.85,18.55,2025-12-26 00:00:00,2026-01-08 23:45:00
6b4f4563,Best Deal,B00RBUM5JQ,23.65,0.0,2025-12-26 00:00:00,2026-01-08 23:45:00
6b4f4563,Best Deal,B00RBUM5JQ,23.65,22.1,2025-12-26 00:00:00,2026-01-08 23:45:00
2ef28cba,Best Deal,B07WH27VXM,20.32,18.99,2026-03-10 00:00:00,2026-03-16 23:45:00
6b4f4563,Best Deal,B08JC2YLYL,16.91,15.8,2025-12-26 00:00:00,2026-01-08 23:45:00
23985214102,Coupon,B0BK8X47M5,15.01,15.79,2026-02-17 00:00:00,2026-03-17 23:59:00
6b4f4563,Best Deal,B07WH27VXM,19.12,0.0,2025-12-26 00:00:00,2026-01-08 23:45:00
2ef28cba,Best Deal,B075T9G9YS,22.02,20.58,2026-03-10 00:00:00,2026-03-16 23:45:00
c649ea21,Best Deal,B086XBB126,16.06,15.01,2026-01-26 00:00:00,2026-02-02 23:59:00
6b4f4563,Best Deal,B09C6GDG72,19.47,18.2,2025-12-26 00:00:00,2026-01-08 23:45:00
6e217478,Best Deal,B0DFCQLLSY,12.03,11.24,2026-03-10 00:00:00,2026-03-16 23:45:00
6b4f4563,Best Deal,B0DXFV5SYV,16.91,15.8,2025-12-26 00:00:00,2026-01-08 23:45:00
6cbcc9bf,Best Deal,B08JC9XBGM,19.89,18.59,2026-02-22 00:00:00,2026-02-28 23:59:00
2ef28cba,Best Deal,B00RBUM5JQ,23.34,21.81,2026-03-10 00:00:00,2026-03-16 23:45:00
2ef28cba,Best Deal,B096W3GD2S,20.32,18.99,2026-03-10 00:00:00,2026-03-16 23:45:00
6e217478,Best Deal,B0D22ZQTSC,17.68,0.0,2026-03-10 00:00:00,2026-03-16 23:45:00
2ef28cba,Best Deal,B01BNV0IUQ,18.62,17.4,2026-03-10 00:00:00,2026-03-16 23:45:00
6b4f4563,Best Deal,B0CPJG6XL8,19.46,18.19,2025-12-26 00:00:00,2026-01-08 23:45:00
6b4f4563,Best Deal,B07NNVS8M4,22.01,20.57,2025-12-26 00:00:00,2026-01-08 23:45:00
6b4f4563,Best Deal,B0BD81KP8K,16.91,15.8,2025-12-26 00:00:00,2026-01-08 23:45:00
6b4f4563,Best Deal,B089FZBMW9,22.01,20.57,2025-12-26 00:00:00,2026-01-08 23:45:00
1335d912,Best Deal,B0CS6HDRFW,15.22,14.22,2026-02-17 00:00:00,2026-02-28 23:59:00
6b4f4563,Best Deal,B0D637HBP1,15.21,0.0,2025-12-26 00:00:00,2026-01-08 23:45:00
6b4f4563,Best Deal,B07C5Q7T4D,15.12,14.13,2025-12-26 00:00:00,2026-01-08 23:45:00
6b4f4563,Best Deal,B072VJ9FFZ,17.76,16.6,2025-12-26 00:00:00,2026-01-08 23:45:00
23985214102,Coupon,B0BK8X47M5,-0.8,0.0,2026-02-17 00:00:00,2026-03-17 23:59:00
5243546e,Best Deal,B08XZLYCZ5,26.26,24.54,2026-05-25 00:00:00,2026-05-31 23:59:00
c649ea21,Best Deal,B086XBB126,16.06,0.0,2026-01-26 00:00:00,2026-02-02 23:59:00
2ef28cba,Best Deal,B07WH27VXM,20.32,0.0,2026-03-10 00:00:00,2026-03-16 23:45:00
6b4f4563,Best Deal,B0B6WCHGMK,12.66,11.83,2025-12-26 00:00:00,2026-01-08 23:45:00
2ef28cba,Best Deal,B0BMQXCX1X,22.87,21.37,2026-03-10 00:00:00,2026-03-16 23:45:00
6b4f4563,Best Deal,B0C947V4GH,16.91,15.8,2025-12-26 00:00:00,2026-01-08 23:45:00
23985214102,Coupon,B091Z4JQBD,-0.94,0.0,2026-02-17 00:00:00,2026-03-17 23:59:00
2ef28cba,Best Deal,B09C6GDG72,19.47,18.2,2026-03-10 00:00:00,2026-03-16 23:45:00
6b4f4563,Best Deal,B08JC2YLYL,16.91,0.0,2025-12-26 00:00:00,2026-01-08 23:45:00
5243546e,Best Deal,B08XZLYCZ5,26.26,0.0,2026-05-25 00:00:00,2026-05-31 23:59:00
8aff8531,Best Deal,B0BMQXCX1X,22.86,21.36,2026-05-24 00:00:00,2026-05-30 23:59:00
6b4f4563,Best Deal,B09C6GDG72,19.47,0.0,2025-12-26 00:00:00,2026-01-08 23:45:00
e9a6ebdb,Best Deal,B086XBB126,16.06,15.01,2026-02-22 00:00:00,2026-02-28 23:59:00
23985374402,Coupon,B0CS6HDRFW,12.8,14.22,2026-02-17 00:00:00,2026-03-19 23:59:00
d81fe83c,Best Deal,B0FLQQCMYH,16.92,0.0,2026-05-24 00:00:00,2026-05-30 23:59:00
6b4f4563,Best Deal,B09TJTTP84,16.91,15.8,2025-12-26 00:00:00,2026-01-08 23:45:00
4b90a925,Best Deal,B0FLQRB13X,25.42,23.76,2026-02-08 00:00:00,2026-02-15 23:59:00
2ef28cba,Best Deal,B096W54FGM,15.22,14.22,2026-03-10 00:00:00,2026-03-16 23:45:00
2ef28cba,Best Deal,B094R1JQ6K,18.62,0.0,2026-03-10 00:00:00,2026-03-16 23:45:00
6e217478,Best Deal,B0FLQQCMYH,16.91,15.8,2026-03-10 00:00:00,2026-03-16 23:45:00
2ef28cba,Best Deal,B08QVWRHP2,20.32,18.99,2026-03-10 00:00:00,2026-03-16 23:45:00
1335d912,Best Deal,B0CS6HDRFW,15.22,0.0,2026-02-17 00:00:00,2026-02-28 23:59:00
2ef28cba,Best Deal,B0BMQXCX1X,22.87,0.0,2026-03-10 00:00:00,2026-03-16 23:45:00
6b4f4563,Best Deal,B0CPJFC9BP,18.61,17.39,2025-12-26 00:00:00,2026-01-08 23:45:00
6b4f4563,Best Deal,B096W2GHQV,18.61,17.39,2025-12-26 00:00:00,2026-01-08 23:45:00
2ef28cba,Best Deal,B09JCMLXP5,22.02,20.58,2026-03-10 00:00:00,2026-03-16 23:45:00
941274b7,Best Deal,B076MBD6KQ,16.06,15.01,2026-05-24 00:00:00,2026-05-30 23:59:00
6b4f4563,Best Deal,B081TJ62WV,17.76,16.6,2025-12-26 00:00:00,2026-01-08 23:45:00
6e217478,Best Deal,B096W3WGCN,16.91,15.8,2026-03-10 00:00:00,2026-03-16 23:45:00
6b4f4563,Best Deal,B096W54FGM,15.22,14.22,2025-12-26 00:00:00,2026-01-08 23:45:00
2ef28cba,Best Deal,B086XBB126,16.05,15.0,2026-03-10 00:00:00,2026-03-16 23:45:00
23985374402,Coupon,B0CS6HDRFW,15.06,16.73,2026-02-17 00:00:00,2026-03-19 23:59:00
6e217478,Best Deal,B0CMV9BH8K,19.46,18.19,2026-03-10 00:00:00,2026-03-16 23:45:00
2ef28cba,Best Deal,B096W2GHQV,20.32,18.99,2026-03-10 00:00:00,2026-03-16 23:45:00
4a402a65,Best Deal,B08JC2YLYL,19.89,0.0,2026-02-22 00:00:00,2026-02-28 23:59:00
4a402a65,Best Deal,B08JC2YLYL,19.89,18.59,2026-02-22 00:00:00,2026-02-28 23:59:00
23985214102,Coupon,B096W3GD2S,21.22,22.34,2026-02-17 00:00:00,2026-03-17 23:59:00
2ef28cba,Best Deal,B09C6GDG72,19.47,0.0,2026-03-10 00:00:00,2026-03-16 23:45:00
6b4f4563,Best Deal,B09NRH4J1C,21.16,19.78,2025-12-26 00:00:00,2026-01-08 23:45:00
6e217478,Best Deal,B0BD81KP8K,16.06,15.01,2026-03-10 00:00:00,2026-03-16 23:45:00
6cbcc9bf,Best Deal,B08JC9XBGM,19.89,0.0,2026-02-22 00:00:00,2026-02-28 23:59:00
2555ceb3,Best Deal,B086XBB126,16.05,15.0,2026-04-19 00:00:00,2026-04-25 23:59:00
6b4f4563,Best Deal,B096W3WGCN,16.91,15.8,2025-12-26 00:00:00,2026-01-08 23:45:00
6b4f4563,Best Deal,B08JCSQGVK,13.52,12.64,2025-12-26 00:00:00,2026-01-08 23:45:00
23985374402,Coupon,B01FFWYJV8,16.74,18.6,2026-02-17 00:00:00,2026-03-19 23:59:00
6b4f4563,Best Deal,B0DFCR6LPY,13.51,12.63,2025-12-26 00:00:00,2026-01-08 23:45:00
2ef28cba,Best Deal,B075T9G9YS,22.02,0.0,2026-03-10 00:00:00,2026-03-16 23:45:00
6e217478,Best Deal,B08JC9NN3X,16.91,15.8,2026-03-10 00:00:00,2026-03-16 23:45:00
6b4f4563,Best Deal,B096W3GD2S,20.31,18.98,2025-12-26 00:00:00,2026-01-08 23:45:00
6e217478,Best Deal,B076MBD6KQ,15.26,14.26,2026-03-10 00:00:00,2026-03-16 23:45:00
6e217478,Best Deal,B076MBD6KQ,15.26,0.0,2026-03-10 00:00:00,2026-03-16 23:45:00
0b3e50ac,Best Deal,B09JCNKXV5,20.89,19.52,2026-02-22 00:00:00,2026-02-28 23:59:00
6e217478,Best Deal,B0DFCR6LPY,13.51,12.63,2026-03-10 00:00:00,2026-03-16 23:45:00
2ef28cba,Best Deal,B096W2GHQV,20.32,0.0,2026-03-10 00:00:00,2026-03-16 23:45:00
6b4f4563,Best Deal,B09TJTTP84,16.91,0.0,2025-12-26 00:00:00,2026-01-08 23:45:00
6b4f4563,Best Deal,B0CPJG6XL8,19.46,0.0,2025-12-26 00:00:00,2026-01-08 23:45:00
c130a194,Best Deal,B0DFCR6LPY,13.51,12.63,2026-04-19 00:00:00,2026-04-25 23:59:00
23985214102,Coupon,B0BK8X47M5,12.76,13.43,2026-02-17 00:00:00,2026-03-17 23:59:00
2ef28cba,Best Deal,B096W3GD2S,20.32,0.0,2026-03-10 00:00:00,2026-03-16 23:45:00
6b4f4563,Best Deal,B072VJ9FFZ,17.76,0.0,2025-12-26 00:00:00,2026-01-08 23:45:00
6b4f4563,Best Deal,B0D22ZQTSC,18.61,0.0,2025-12-26 00:00:00,2026-01-08 23:45:00
6b4f4563,Best Deal,B07C5Q7T4D,15.12,0.0,2025-12-26 00:00:00,2026-01-08 23:45:00
8aff8531,Best Deal,B0BMQXCX1X,22.86,0.0,2026-05-24 00:00:00,2026-05-30 23:59:00
6e217478,Best Deal,B01D3FVKWA,15.26,14.26,2026-03-10 00:00:00,2026-03-16 23:45:00
e9a6ebdb,Best Deal,B086XBB126,16.06,0.0,2026-02-22 00:00:00,2026-02-28 23:59:00
6e217478,Best Deal,B096W3WGCN,16.91,0.0,2026-03-10 00:00:00,2026-03-16 23:45:00
2ef28cba,Best Deal,B086XBB126,16.05,0.0,2026-03-10 00:00:00,2026-03-16 23:45:00
2ef28cba,Best Deal,B00RBUM5JQ,23.34,0.0,2026-03-10 00:00:00,2026-03-16 23:45:00
6b4f4563,Best Deal,B07NNVS8M4,22.01,0.0,2025-12-26 00:00:00,2026-01-08 23:45:00
6b4f4563,Best Deal,B086XBB126,16.06,15.01,2025-12-26 00:00:00,2026-01-08 23:45:00
2ef28cba,Best Deal,B096W54FGM,15.22,0.0,2026-03-10 00:00:00,2026-03-16 23:45:00
6b4f4563,Best Deal,B0BK8STFVG,16.91,15.8,2025-12-26 00:00:00,2026-01-08 23:45:00
6e217478,Best Deal,B0DFCQLLSY,12.03,0.0,2026-03-10 00:00:00,2026-03-16 23:45:00
8ca53fdf,Best Deal,B0BK8X47M5,14.37,13.43,2026-04-26 00:00:00,2026-04-30 23:59:00
8ca53fdf,Best Deal,B0BK8X47M5,14.37,0.0,2026-04-26 00:00:00,2026-04-30 23:59:00
6b4f4563,Best Deal,B08JC9NN3X,15.92,14.88,2025-12-26 00:00:00,2026-01-08 23:45:00
6b4f4563,Best Deal,B01BNV0IUQ,18.61,17.39,2025-12-26 00:00:00,2026-01-08 23:45:00
6b4f4563,Best Deal,B09JCNKXV5,19.85,0.0,2025-12-26 00:00:00,2026-01-08 23:45:00
0b3e50ac,Best Deal,B09JCNKXV5,20.89,0.0,2026-02-22 00:00:00,2026-02-28 23:59:00
941274b7,Best Deal,B076MBD6KQ,16.06,0.0,2026-05-24 00:00:00,2026-05-30 23:59:00
6b4f4563,Best Deal,B0D2319J4L,14.36,13.42,2025-12-26 00:00:00,2026-01-08 23:45:00
2ef28cba,Best Deal,B01BNV0IUQ,18.62,0.0,2026-03-10 00:00:00,2026-03-16 23:45:00
6b4f4563,Best Deal,B01FFWYJV8,16.91,15.8,2025-12-26 00:00:00,2026-01-08 23:45:00
6b4f4563,Best Deal,B096W2GHQV,18.61,0.0,2025-12-26 00:00:00,2026-01-08 23:45:00
6b4f4563,Best Deal,B0CS6HDRFW,15.21,14.21,2025-12-26 00:00:00,2026-01-08 23:45:00
6b4f4563,Best Deal,B081TJ62WV,17.76,0.0,2025-12-26 00:00:00,2026-01-08 23:45:00
6b4f4563,Best Deal,B0BD81KP8K,16.91,0.0,2025-12-26 00:00:00,2026-01-08 23:45:00
6e217478,Best Deal,B07B9NWQ61,14.45,13.5,2026-03-10 00:00:00,2026-03-16 23:45:00
2555ceb3,Best Deal,B086XBB126,16.05,0.0,2026-04-19 00:00:00,2026-04-25 23:59:00
23985214102,Coupon,B0BMQXCX1X,23.88,25.14,2026-02-17 00:00:00,2026-03-17 23:59:00
6b4f4563,Best Deal,B0C947V4GH,16.91,0.0,2025-12-26 00:00:00,2026-01-08 23:45:00
6b4f4563,Best Deal,B09NRH4J1C,21.16,0.0,2025-12-26 00:00:00,2026-01-08 23:45:00
6a2de3c8,Best Deal,B09TJTTP84,16.92,15.81,2026-05-25 00:00:00,2026-05-31 23:59:00
6b4f4563,Best Deal,B00XU8EF0K,17.52,16.37,2025-12-26 00:00:00,2026-01-08 23:45:00
6b4f4563,Best Deal,B076MBD6KQ,16.06,15.01,2025-12-26 00:00:00,2026-01-08 23:45:00
2ef28cba,Best Deal,B0BSQVND4T,20.11,18.79,2026-03-10 00:00:00,2026-03-16 23:45:00
23985214102,Coupon,B086XBB126,14.26,15.01,2026-02-17 00:00:00,2026-03-17 23:59:00
6e217478,Best Deal,B08DCXNCWS,18.61,17.39,2026-03-10 00:00:00,2026-03-16 23:45:00
6b4f4563,Best Deal,B07DGGD49G,16.32,15.25,2025-12-26 00:00:00,2026-01-08 23:45:00
6e217478,Best Deal,B08VX84KW4,16.91,15.8,2026-03-10 00:00:00,2026-03-16 23:45:00
6e217478,Best Deal,B0BD81KP8K,16.06,0.0,2026-03-10 00:00:00,2026-03-16 23:45:00
23985214102,Coupon,B096W3GD2S,18.03,18.99,2026-02-17 00:00:00,2026-03-17 23:59:00
6b4f4563,Best Deal,B087JJ4M8H,23.71,22.16,2025-12-26 00:00:00,2026-01-08 23:45:00
23985214102,Coupon,B09JCNKXV5,18.55,19.53,2026-02-17 00:00:00,2026-03-17 23:59:00
23985214102,Coupon,B091Z4JQBD,15.61,15.81,2026-02-17 00:00:00,2026-03-17 23:59:00
6b4f4563,Best Deal,B08DCZD13T,16.92,15.81,2025-12-26 00:00:00,2026-01-08 23:45:00
23985214102,Coupon,B091Z4JQBD,17.67,18.6,2026-02-17 00:00:00,2026-03-17 23:59:00
6b4f4563,Best Deal,B08JCSQGVK,13.52,0.0,2025-12-26 00:00:00,2026-01-08 23:45:00
2ef28cba,Best Deal,B08JCSQGVK,13.52,12.64,2026-03-10 00:00:00,2026-03-16 23:45:00
6b4f4563,Best Deal,B075T9G9YS,22.01,20.57,2025-12-26 00:00:00,2026-01-08 23:45:00
6e217478,Best Deal,B08JCV95Y3,15.26,14.26,2026-03-10 00:00:00,2026-03-16 23:45:00
070c48d7,Best Deal,B096W3GD2S,20.32,18.99,2026-05-25 00:00:00,2026-05-31 23:59:00
23985374402,Coupon,B01FFWYJV8,14.23,15.81,2026-02-17 00:00:00,2026-03-19 23:59:00
2ef28cba,Best Deal,B01FFWYJV8,16.92,15.81,2026-03-10 00:00:00,2026-03-16 23:45:00
6b4f4563,Best Deal,B0CMV9BH8K,19.46,18.19,2025-12-26 00:00:00,2026-01-08 23:45:00
2ef28cba,Best Deal,B0BD85KJQV,20.11,18.79,2026-03-10 00:00:00,2026-03-16 23:45:00
c130a194,Best Deal,B0DFCR6LPY,13.51,0.0,2026-04-19 00:00:00,2026-04-25 23:59:00
6b4f4563,Best Deal,B0BSQVND4T,21.16,19.78,2025-12-26 00:00:00,2026-01-08 23:45:00
23985214102,Coupon,B091Z4JQBD,17.68,18.6,2026-02-17 00:00:00,2026-03-17 23:59:00
6b4f4563,Best Deal,B0D63B5WBM,13.51,12.63,2025-12-26 00:00:00,2026-01-08 23:45:00
23985214102,Coupon,B076MBD6KQ,13.55,14.26,2026-02-17 00:00:00,2026-03-17 23:59:00
6b4f4563,Best Deal,B087JTHDN1,16.06,15.01,2025-12-26 00:00:00,2026-01-08 23:45:00
6b4f4563,Best Deal,B096W54FGM,15.22,0.0,2025-12-26 00:00:00,2026-01-08 23:45:00
23985214102,Coupon,B091Z4JQBD,15.41,15.81,2026-02-17 00:00:00,2026-03-17 23:59:00
6b4f4563,Best Deal,B0FDBDWDL2,8.41,7.86,2025-12-26 00:00:00,2026-01-08 23:45:00
23985214102,Coupon,B0BK8X47M5,15.39,15.79,2026-02-17 00:00:00,2026-03-17 23:59:00
2ef28cba,Best Deal,B07C5Q7T4D,16.07,15.02,2026-03-10 00:00:00,2026-03-16 23:45:00
2ef28cba,Best Deal,B0B6WGC16M,20.92,19.55,2026-03-10 00:00:00,2026-03-16 23:45:00
6e217478,Best Deal,B09C6HJ2CC,16.06,15.01,2026-03-10 00:00:00,2026-03-16 23:45:00
6b4f4563,Best Deal,B086XBB126,16.06,0.0,2025-12-26 00:00:00,2026-01-08 23:45:00
6b4f4563,Best Deal,B0FLQNTV2G,32.25,30.14,2025-12-26 00:00:00,2026-01-08 23:45:00
fd49a7ae,Best Deal,B01FFWYDVO,16.06,15.01,2026-02-22 00:00:00,2026-02-28 23:59:00
6b4f4563,Best Deal,B08NPB4GCD,16.06,15.01,2025-12-26 00:00:00,2026-01-08 23:45:00
6b4f4563,Best Deal,B08GCFFDMH,16.91,15.8,2025-12-26 00:00:00,2026-01-08 23:45:00
23985214102,Coupon,B0BK8X47M5,-0.79,0.0,2026-02-17 00:00:00,2026-03-17 23:59:00
6b4f4563,Best Deal,B09JCMLXP5,22.01,20.57,2025-12-26 00:00:00,2026-01-08 23:45:00
6e217478,Best Deal,B0FLQQCMYH,16.91,0.0,2026-03-10 00:00:00,2026-03-16 23:45:00
6b4f4563,Best Deal,B08DDBGBZG,21.16,19.78,2025-12-26 00:00:00,2026-01-08 23:45:00
6b4f4563,Best Deal,B087JHVV7T,16.91,15.8,2025-12-26 00:00:00,2026-01-08 23:45:00
6b4f4563,Best Deal,B0C948KKRG,16.91,15.8,2025-12-26 00:00:00,2026-01-08 23:45:00
2ef28cba,Best Deal,B09JCMLXP5,22.02,0.0,2026-03-10 00:00:00,2026-03-16 23:45:00
6e217478,Best Deal,B0DFCRNY8W,15.21,14.21,2026-03-10 00:00:00,2026-03-16 23:45:00
6e217478,Best Deal,B08GCFFDMH,16.06,15.01,2026-03-10 00:00:00,2026-03-16 23:45:00
6b4f4563,Best Deal,B0DFCRNY8W,15.21,14.21,2025-12-26 00:00:00,2026-01-08 23:45:00
2ef28cba,Best Deal,B01FFWYJV8,16.92,0.0,2026-03-10 00:00:00,2026-03-16 23:45:00
6b4f4563,Best Deal,B08DCXNCWS,18.61,17.39,2025-12-26 00:00:00,2026-01-08 23:45:00
6e217478,Best Deal,B08DCXNCWS,18.61,0.0,2026-03-10 00:00:00,2026-03-16 23:45:00
6b4f4563,Best Deal,B01FFWYDVO,16.06,15.01,2025-12-26 00:00:00,2026-01-08 23:45:00
c9562f4d,Best Deal,B08NPF3LJ7,19.89,18.59,2026-05-25 00:00:00,2026-05-31 23:59:00
6b4f4563,Best Deal,B07B9NWQ61,15.21,14.21,2025-12-26 00:00:00,2026-01-08 23:45:00
07490b67,Best Deal,B00XU8EF0K,18.62,17.4,2026-02-22 00:00:00,2026-02-28 23:59:00
2ef28cba,Best Deal,B0BSQVND4T,20.11,0.0,2026-03-10 00:00:00,2026-03-16 23:45:00
6b4f4563,Best Deal,B0BK8W6JM3,16.92,15.81,2025-12-26 00:00:00,2026-01-08 23:45:00
23985214102,Coupon,B075T9G9YS,19.55,20.58,2026-02-17 00:00:00,2026-03-17 23:59:00
6b4f4563,Best Deal,B01FFWYJV8,16.91,0.0,2025-12-26 00:00:00,2026-01-08 23:45:00
6e217478,Best Deal,B0D2322MMQ,14.36,13.42,2026-03-10 00:00:00,2026-03-16 23:45:00
23985214102,Coupon,B086XBB126,14.25,15.0,2026-02-17 00:00:00,2026-03-17 23:59:00
23985214102,Coupon,B0BK8X47M5,-0.32,0.0,2026-02-17 00:00:00,2026-03-17 23:59:00
6b4f4563,Best Deal,B08XZMCR17,22.01,20.57,2025-12-26 00:00:00,2026-01-08 23:45:00
6b4f4563,Best Deal,B096W3WGCN,16.91,0.0,2025-12-26 00:00:00,2026-01-08 23:45:00
6b4f4563,Best Deal,B0DXFV5SYV,16.91,0.0,2025-12-26 00:00:00,2026-01-08 23:45:00
6e217478,Best Deal,B00XU8EF0K,18.61,17.39,2026-03-10 00:00:00,2026-03-16 23:45:00
6b4f4563,Best Deal,B07B9FTCXV,22.01,20.57,2025-12-26 00:00:00,2026-01-08 23:45:00
6e217478,Best Deal,B08JCV95Y3,15.26,0.0,2026-03-10 00:00:00,2026-03-16 23:45:00
6b4f4563,Best Deal,B08JCRVJX7,14.32,13.38,2025-12-26 00:00:00,2026-01-08 23:45:00
6b4f4563,Best Deal,B09C6HJ2CC,16.06,15.01,2025-12-26 00:00:00,2026-01-08 23:45:00
6b4f4563,Best Deal,B0CHWM51XY,14.36,13.42,2025-12-26 00:00:00,2026-01-08 23:45:00
6e217478,Best Deal,B0F44795N1,13.51,12.63,2026-03-10 00:00:00,2026-03-16 23:45:00
6b4f4563,Best Deal,B0DQDRRFPF,9.26,8.65,2025-12-26 00:00:00,2026-01-08 23:45:00
4b90a925,Best Deal,B0FLQRB13X,25.42,0.0,2026-02-08 00:00:00,2026-02-15 23:59:00
23985214102,Coupon,B08DCXNCWS,16.52,17.39,2026-02-17 00:00:00,2026-03-17 23:59:00
6b4f4563,Best Deal,B0DFCR6LPY,13.51,0.0,2025-12-26 00:00:00,2026-01-08 23:45:00
23985214102,Coupon,B08JCSQGVK,14.11,14.86,2026-02-17 00:00:00,2026-03-17 23:59:00
6b4f4563,Best Deal,B08VX84KW4,14.93,13.95,2025-12-26 00:00:00,2026-01-08 23:45:00
6b4f4563,Best Deal,B076MKZHV4,19.46,18.19,2025-12-26 00:00:00,2026-01-08 23:45:00
24320180402,Price Discount,B01G7428BG,19.46,18.19,2026-03-10 17:37:00,2026-03-16 23:59:00
6b4f4563,Best Deal,B0D47FKGDD,12.66,11.83,2025-12-26 00:00:00,2026-01-08 23:45:00
6e217478,Best Deal,B08JC9NN3X,16.91,0.0,2026-03-10 00:00:00,2026-03-16 23:45:00
6b4f4563,Best Deal,B0B6WGC16M,22.01,20.57,2025-12-26 00:00:00,2026-01-08 23:45:00
23985374402,Coupon,B0D2322MMQ,12.07,13.42,2026-02-17 00:00:00,2026-03-19 23:59:00
6e217478,Best Deal,B0DQDRRFPF,9.26,8.65,2026-03-10 00:00:00,2026-03-16 23:45:00
6b4f4563,Best Deal,B0CPJFC9BP,18.61,0.0,2025-12-26 00:00:00,2026-01-08 23:45:00
2ef28cba,Best Deal,B07B9FTCXV,22.02,20.58,2026-03-10 00:00:00,2026-03-16 23:45:00
6b4f4563,Best Deal,B0CS6HDRFW,15.21,0.0,2025-12-26 00:00:00,2026-01-08 23:45:00
6b4f4563,Best Deal,B0B6WCHGMK,12.66,0.0,2025-12-26 00:00:00,2026-01-08 23:45:00
6b4f4563,Best Deal,B0BSQVND4T,21.16,0.0,2025-12-26 00:00:00,2026-01-08 23:45:00
6b4f4563,Best Deal,B0D638MLB2,15.12,14.13,2025-12-26 00:00:00,2026-01-08 23:45:00
6b4f4563,Best Deal,B0DQDSMTPW,14.36,13.42,2025-12-26 00:00:00,2026-01-08 23:45:00
6b4f4563,Best Deal,B0DK9KCD8Y,15.21,14.21,2025-12-26 00:00:00,2026-01-08 23:45:00
6e217478,Best Deal,B0DFCR6LPY,13.51,0.0,2026-03-10 00:00:00,2026-03-16 23:45:00
6b4f4563,Best Deal,B08JC9NN3X,15.92,0.0,2025-12-26 00:00:00,2026-01-08 23:45:00
23985214102,Coupon,B075T9G9YS,23.0,24.21,2026-02-17 00:00:00,2026-03-17 23:59:00
6e217478,Best Deal,B075T82C1X,16.91,15.8,2026-03-10 00:00:00,2026-03-16 23:45:00
6b4f4563,Best Deal,B0D2322MMQ,14.36,13.42,2025-12-26 00:00:00,2026-01-08 23:45:00
6b4f4563,Best Deal,B089FZBMW9,22.01,0.0,2025-12-26 00:00:00,2026-01-08 23:45:00
6b4f4563,Best Deal,B00XU8EF0K,17.52,0.0,2025-12-26 00:00:00,2026-01-08 23:45:00
2ef28cba,Best Deal,B0FLQNTV2G,36.45,34.07,2026-03-10 00:00:00,2026-03-16 23:45:00
6b4f4563,Best Deal,B075FDD21R,14.36,13.42,2025-12-26 00:00:00,2026-01-08 23:45:00
070c48d7,Best Deal,B096W3GD2S,20.32,0.0,2026-05-25 00:00:00,2026-05-31 23:59:00
6b4f4563,Best Deal,B0CCJVV9GF,18.61,17.39,2025-12-26 00:00:00,2026-01-08 23:45:00
6b4f4563,Best Deal,B096W3GD2S,20.31,0.0,2025-12-26 00:00:00,2026-01-08 23:45:00
2ef28cba,Best Deal,B085YFBCNL,20.32,18.99,2026-03-10 00:00:00,2026-03-16 23:45:00
6b4f4563,Best Deal,B08VWKYVKS,16.3,15.23,2025-12-26 00:00:00,2026-01-08 23:45:00
6b4f4563,Best Deal,B08JCV95Y3,16.06,15.01,2025-12-26 00:00:00,2026-01-08 23:45:00
2ef28cba,Best Deal,B081TDP6YF,25.76,24.07,2026-03-10 00:00:00,2026-03-16 23:45:00
23985214102,Coupon,B08JCV95Y3,13.55,14.26,2026-02-17 00:00:00,2026-03-17 23:59:00
6e217478,Best Deal,B01D3FVKWA,15.26,0.0,2026-03-10 00:00:00,2026-03-16 23:45:00
6b4f4563,Best Deal,B00SBSJ16C,16.06,15.01,2025-12-26 00:00:00,2026-01-08 23:45:00
6b4f4563,Best Deal,B0BD85KJQV,21.16,19.78,2025-12-26 00:00:00,2026-01-08 23:45:00
6b4f4563,Best Deal,B08GCTM58N,16.91,15.8,2025-12-26 00:00:00,2026-01-08 23:45:00
23985214102,Coupon,B091Z4JQBD,18.14,18.6,2026-02-17 00:00:00,2026-03-17 23:59:00
6b4f4563,Best Deal,B08DDBGBZG,21.16,0.0,2025-12-26 00:00:00,2026-01-08 23:45:00
23985374402,Coupon,B0D2322MMQ,14.21,15.79,2026-02-17 00:00:00,2026-03-19 23:59:00
6e217478,Best Deal,B0D2319J4L,14.36,13.42,2026-03-10 00:00:00,2026-03-16 23:45:00
6e217478,Best Deal,B0BMQTBYKT,16.91,15.8,2026-03-10 00:00:00,2026-03-16 23:45:00
6e217478,Best Deal,B07B9NWQ61,14.45,0.0,2026-03-10 00:00:00,2026-03-16 23:45:00
6a2de3c8,Best Deal,B09TJTTP84,16.92,0.0,2026-05-25 00:00:00,2026-05-31 23:59:00
6b4f4563,Best Deal,B08VWF8Y96,17.76,16.6,2025-12-26 00:00:00,2026-01-08 23:45:00
6b4f4563,Best Deal,B07J5M5PZW,16.06,15.01,2025-12-26 00:00:00,2026-01-08 23:45:00
6b4f4563,Best Deal,B075T9G9YS,22.01,0.0,2025-12-26 00:00:00,2026-01-08 23:45:00
6b4f4563,Best Deal,B081TDP6YF,27.11,25.34,2025-12-26 00:00:00,2026-01-08 23:45:00
6b4f4563,Best Deal,B08DCZD13T,16.92,0.0,2025-12-26 00:00:00,2026-01-08 23:45:00
6b4f4563,Best Deal,B0DGGVW1NH,16.06,15.01,2025-12-26 00:00:00,2026-01-08 23:45:00
2ef28cba,Best Deal,B08JCSQGVK,13.52,0.0,2026-03-10 00:00:00,2026-03-16 23:45:00
23985214102,Coupon,B0BSQVND4T,17.85,18.79,2026-02-17 00:00:00,2026-03-17 23:59:00
6e217478,Best Deal,B08JCRVJX7,15.21,14.21,2026-03-10 00:00:00,2026-03-16 23:45:00
6b4f4563,Best Deal,B08XZMCR17,22.01,0.0,2025-12-26 00:00:00,2026-01-08 23:45:00
6b4f4563,Best Deal,B0D2319J4L,14.36,0.0,2025-12-26 00:00:00,2026-01-08 23:45:00
6b4f4563,Best Deal,B09TJXDWKF,20.31,18.98,2025-12-26 00:00:00,2026-01-08 23:45:00
2ef28cba,Best Deal,B07C5Q7T4D,16.07,0.0,2026-03-10 00:00:00,2026-03-16 23:45:00
6b4f4563,Best Deal,B01BNV0IUQ,18.61,0.0,2025-12-26 00:00:00,2026-01-08 23:45:00
6b4f4563,Best Deal,B0CHSLDL5K,11.81,11.04,2025-12-26 00:00:00,2026-01-08 23:45:00
2ef28cba,Best Deal,B0C2QPSPS6,16.92,15.81,2026-03-10 00:00:00,2026-03-16 23:45:00
23985214102,Coupon,B076MBD6KQ,16.77,17.66,2026-02-17 00:00:00,2026-03-17 23:59:00
6b4f4563,Best Deal,B09TJXLQ4Z,18.61,17.39,2025-12-26 00:00:00,2026-01-08 23:45:00
23985214102,Coupon,B09JCNKXV5,18.55,19.52,2026-02-17 00:00:00,2026-03-17 23:59:00
6e217478,Best Deal,B075FDD21R,13.64,12.75,2026-03-10 00:00:00,2026-03-16 23:45:00
6b4f4563,Best Deal,B01D3FVKBG,18.32,17.12,2025-12-26 00:00:00,2026-01-08 23:45:00
6b4f4563,Best Deal,B087JHVV7T,16.91,0.0,2025-12-26 00:00:00,2026-01-08 23:45:00
23985214102,Coupon,B0BD81KP8K,14.26,15.01,2026-02-17 00:00:00,2026-03-17 23:59:00
23985214102,Coupon,B08JCSQGVK,12.01,12.64,2026-02-17 00:00:00,2026-03-17 23:59:00
6b4f4563,Best Deal,B0D47DZG2Q,12.66,11.83,2025-12-26 00:00:00,2026-01-08 23:45:00
6e217478,Best Deal,B09C6HJ2CC,16.06,0.0,2026-03-10 00:00:00,2026-03-16 23:45:00
6b4f4563,Best Deal,B0B2Q12FVY,16.91,15.8,2025-12-26 00:00:00,2026-01-08 23:45:00
6b4f4563,Best Deal,B076MBD6KQ,16.06,0.0,2025-12-26 00:00:00,2026-01-08 23:45:00
6b4f4563,Best Deal,B09JCMLXP5,22.01,0.0,2025-12-26 00:00:00,2026-01-08 23:45:00
6e217478,Best Deal,B087JK7673,16.06,15.01,2026-03-10 00:00:00,2026-03-16 23:45:00
23985214102,Coupon,B08XZMCR17,23.0,24.21,2026-02-17 00:00:00,2026-03-17 23:59:00
6e217478,Best Deal,B09TJXLQ4Z,18.61,17.39,2026-03-10 00:00:00,2026-03-16 23:45:00
6b4f4563,Best Deal,B08DCY34MX,15.21,14.21,2025-12-26 00:00:00,2026-01-08 23:45:00
6b4f4563,Best Deal,B01FFWYDVO,16.06,0.0,2025-12-26 00:00:00,2026-01-08 23:45:00
6b4f4563,Best Deal,B01D3FVKWA,16.06,15.01,2025-12-26 00:00:00,2026-01-08 23:45:00
6b4f4563,Best Deal,B01G7428BG,19.46,0.0,2025-12-26 00:00:00,2026-01-08 23:45:00
2ef28cba,Best Deal,B0BD85KJQV,20.11,0.0,2026-03-10 00:00:00,2026-03-16 23:45:00
6b4f4563,Best Deal,B0BK8W6JM3,16.92,0.0,2025-12-26 00:00:00,2026-01-08 23:45:00
6b4f4563,Best Deal,B08VX84KW4,14.93,0.0,2025-12-26 00:00:00,2026-01-08 23:45:00
6e217478,Best Deal,B0BK8WLZT5,16.06,15.01,2026-03-10 00:00:00,2026-03-16 23:45:00
2ef28cba,Best Deal,B082XFTS6H,22.02,20.58,2026-03-10 00:00:00,2026-03-16 23:45:00
6e217478,Best Deal,B0CHSLDL5K,11.81,11.04,2026-03-10 00:00:00,2026-03-16 23:45:00
6e217478,Best Deal,B07J5M5PZW,15.26,14.26,2026-03-10 00:00:00,2026-03-16 23:45:00
23985214102,Coupon,B08GCFFDMH,17.66,18.6,2026-02-17 00:00:00,2026-03-17 23:59:00
23985214102,Coupon,B01D3FVKWA,-0.71,0.0,2026-02-17 00:00:00,2026-03-17 23:59:00
6b4f4563,Best Deal,B0BMQTBYKT,16.91,15.8,2025-12-26 00:00:00,2026-01-08 23:45:00
6b4f4563,Best Deal,B07B9NWQ61,15.21,0.0,2025-12-26 00:00:00,2026-01-08 23:45:00
6b4f4563,Best Deal,B0D2322MMQ,14.36,0.0,2025-12-26 00:00:00,2026-01-08 23:45:00
23985214102,Coupon,B086XBB126,16.77,17.66,2026-02-17 00:00:00,2026-03-17 23:59:00
6b4f4563,Best Deal,B07DGGD49G,16.32,0.0,2025-12-26 00:00:00,2026-01-08 23:45:00
6b4f4563,Best Deal,B077QQ2XV8,16.06,15.01,2025-12-26 00:00:00,2026-01-08 23:45:00
6e217478,Best Deal,B00SBSJ16C,15.26,14.26,2026-03-10 00:00:00,2026-03-16 23:45:00
6b4f4563,Best Deal,B07DGFDLKP,17.52,16.37,2025-12-26 00:00:00,2026-01-08 23:45:00
2ef28cba,Best Deal,B08QVWRHP2,20.32,0.0,2026-03-10 00:00:00,2026-03-16 23:45:00
6b4f4563,Best Deal,B08JCV95Y3,16.06,0.0,2025-12-26 00:00:00,2026-01-08 23:45:00
6b4f4563,Best Deal,B0C6FHKNM7,20.99,19.62,2025-12-26 00:00:00,2026-01-08 23:45:00
6e217478,Best Deal,B0D47DZG2Q,12.66,11.83,2026-03-10 00:00:00,2026-03-16 23:45:00
6b4f4563,Best Deal,B0C2QM9WK6,16.91,15.8,2025-12-26 00:00:00,2026-01-08 23:45:00
2ef28cba,Best Deal,B0B6WGC16M,20.92,0.0,2026-03-10 00:00:00,2026-03-16 23:45:00
6b4f4563,Best Deal,B00XJE09CI,17.76,16.6,2025-12-26 00:00:00,2026-01-08 23:45:00
2ef28cba,Best Deal,B0FLQM4R56,33.84,31.63,2026-03-10 00:00:00,2026-03-16 23:45:00
6e217478,Best Deal,B08VX84KW4,16.91,0.0,2026-03-10 00:00:00,2026-03-16 23:45:00
23985214102,Coupon,B07C5Q7T4D,-0.75,0.0,2026-02-17 00:00:00,2026-03-17 23:59:00
6b4f4563,Best Deal,B0D22ZSZ2H,16.91,15.8,2025-12-26 00:00:00,2026-01-08 23:45:00
6b4f4563,Best Deal,B0CHWM51XY,14.36,0.0,2025-12-26 00:00:00,2026-01-08 23:45:00
2ef28cba,Best Deal,B09C6FWGJR,22.02,20.58,2026-03-10 00:00:00,2026-03-16 23:45:00
6b4f4563,Best Deal,B08GCFFDMH,16.91,0.0,2025-12-26 00:00:00,2026-01-08 23:45:00
6b4f4563,Best Deal,B07R5XPNMP,16.91,15.8,2025-12-26 00:00:00,2026-01-08 23:45:00
23985214102,Coupon,B0BMQXCX1X,20.31,21.37,2026-02-17 00:00:00,2026-03-17 23:59:00
23985214102,Coupon,B0BK8W6JM3,17.66,18.6,2026-02-17 00:00:00,2026-03-17 23:59:00
23985214102,Coupon,B0BSQVND4T,22.1,23.27,2026-02-17 00:00:00,2026-03-17 23:59:00
6b4f4563,Best Deal,B087JK7673,16.91,15.8,2025-12-26 00:00:00,2026-01-08 23:45:00
6b4f4563,Best Deal,B0D63B1QGN,15.21,14.21,2025-12-26 00:00:00,2026-01-08 23:45:00
6b4f4563,Best Deal,B09C6FWGJR,22.01,20.57,2025-12-26 00:00:00,2026-01-08 23:45:00
6e217478,Best Deal,B0F446RQXB,17.76,16.6,2026-03-10 00:00:00,2026-03-16 23:45:00
23985214102,Coupon,B0BD81KP8K,-0.75,0.0,2026-02-17 00:00:00,2026-03-17 23:59:00
6e217478,Best Deal,B077QQ2XV8,16.06,15.01,2026-03-10 00:00:00,2026-03-16 23:45:00
6b4f4563,Best Deal,B09C6HJ2CC,16.06,0.0,2025-12-26 00:00:00,2026-01-08 23:45:00
6b4f4563,Best Deal,B096W5QCHX,19.46,18.19,2025-12-26 00:00:00,2026-01-08 23:45:00
6b4f4563,Best Deal,B082XFTS6H,19.43,18.16,2025-12-26 00:00:00,2026-01-08 23:45:00
23985214102,Coupon,B09JCMLXP5,23.0,24.21,2026-02-17 00:00:00,2026-03-17 23:59:00
6b4f4563,Best Deal,B09ZDLZXDM,16.91,15.8,2025-12-26 00:00:00,2026-01-08 23:45:00
6b4f4563,Best Deal,B0C2QPSPS6,16.92,15.81,2025-12-26 00:00:00,2026-01-08 23:45:00
23985214102,Coupon,B09C6FG128,24.51,25.14,2026-02-17 00:00:00,2026-03-17 23:59:00
23985374402,Coupon,B0D2322MMQ,12.08,13.42,2026-02-17 00:00:00,2026-03-19 23:59:00
6b4f4563,Best Deal,B07F14GMP2,20.31,18.98,2025-12-26 00:00:00,2026-01-08 23:45:00
6b4f4563,Best Deal,B0BK8WLZT5,16.06,15.01,2025-12-26 00:00:00,2026-01-08 23:45:00
6b4f4563,Best Deal,B0FLQNTV2G,32.25,0.0,2025-12-26 00:00:00,2026-01-08 23:45:00
2ef28cba,Best Deal,B082XFTS6H,22.02,0.0,2026-03-10 00:00:00,2026-03-16 23:45:00
6e217478,Best Deal,B01D3FVKBG,19.46,18.19,2026-03-10 00:00:00,2026-03-16 23:45:00
6b4f4563,Best Deal,B0B2PSK2MC,19.46,18.19,2025-12-26 00:00:00,2026-01-08 23:45:00
6e217478,Best Deal,B00XU8EF0K,18.61,0.0,2026-03-10 00:00:00,2026-03-16 23:45:00
6b4f4563,Best Deal,B0DQDSMTPW,14.36,0.0,2025-12-26 00:00:00,2026-01-08 23:45:00
6b4f4563,Best Deal,B0FDBCQ9QR,20.31,18.98,2025-12-26 00:00:00,2026-01-08 23:45:00
6b4f4563,Best Deal,B07PM7B4NK,33.06,30.9,2025-12-26 00:00:00,2026-01-08 23:45:00
2ef28cba,Best Deal,B0FLQNHCRZ,31.35,29.3,2026-03-10 00:00:00,2026-03-16 23:45:00
fd49a7ae,Best Deal,B01FFWYDVO,16.06,0.0,2026-02-22 00:00:00,2026-02-28 23:59:00
6e217478,Best Deal,B0F44795N1,13.51,0.0,2026-03-10 00:00:00,2026-03-16 23:45:00
6e217478,Best Deal,B0DXFV7GSR,16.91,15.8,2026-03-10 00:00:00,2026-03-16 23:45:00
6b4f4563,Best Deal,B01G7428BG,19.46,18.19,2025-12-26 00:00:00,2026-01-08 23:45:00
6b4f4563,Best Deal,B085YDZPXM,24.56,22.95,2025-12-26 00:00:00,2026-01-08 23:45:00
6b4f4563,Best Deal,B075FDD21R,14.36,0.0,2025-12-26 00:00:00,2026-01-08 23:45:00
6e217478,Best Deal,B0D2322MMQ,14.36,0.0,2026-03-10 00:00:00,2026-03-16 23:45:00
6b4f4563,Best Deal,B077QNG9M4,16.91,15.8,2025-12-26 00:00:00,2026-01-08 23:45:00
c9562f4d,Best Deal,B08NPF3LJ7,19.89,0.0,2026-05-25 00:00:00,2026-05-31 23:59:00
6b4f4563,Best Deal,B01CYDY6TQ,16.91,15.8,2025-12-26 00:00:00,2026-01-08 23:45:00
6b4f4563,Best Deal,B0CCJWSS2P,13.51,12.63,2025-12-26 00:00:00,2026-01-08 23:45:00
6b4f4563,Best Deal,B01D3FVKBG,18.32,0.0,2025-12-26 00:00:00,2026-01-08 23:45:00
23985214102,Coupon,B08DCXNCWS,19.44,20.47,2026-02-17 00:00:00,2026-03-17 23:59:00
23985374402,Coupon,B0CS6HDRFW,12.79,14.22,2026-02-17 00:00:00,2026-03-19 23:59:00
6b4f4563,Best Deal,B08DCXNCWS,18.61,0.0,2025-12-26 00:00:00,2026-01-08 23:45:00
6b4f4563,Best Deal,B08VWF8Y96,17.76,0.0,2025-12-26 00:00:00,2026-01-08 23:45:00
6b4f4563,Best Deal,B0CMV8JRKN,16.91,15.8,2025-12-26 00:00:00,2026-01-08 23:45:00
23985214102,Coupon,B0BD81KP8K,17.67,18.6,2026-02-17 00:00:00,2026-03-17 23:59:00
23985214102,Coupon,B08JCSQGVK,14.12,14.86,2026-02-17 00:00:00,2026-03-17 23:59:00
6b4f4563,Best Deal,B0DFCRYTBC,10.96,10.24,2025-12-26 00:00:00,2026-01-08 23:45:00
6b4f4563,Best Deal,B09C6FG128,17.76,16.6,2025-12-26 00:00:00,2026-01-08 23:45:00
6b4f4563,Best Deal,B0DQDTVZNW,18.61,17.39,2025-12-26 00:00:00,2026-01-08 23:45:00
23985214102,Coupon,B08JCSQGVK,-0.74,0.0,2026-02-17 00:00:00,2026-03-17 23:59:00
23985214102,Coupon,B01D3FVKWA,16.77,17.66,2026-02-17 00:00:00,2026-03-17 23:59:00
6b4f4563,Best Deal,B07ZQHMLQY,16.91,15.8,2025-12-26 00:00:00,2026-01-08 23:45:00
23985214102,Coupon,B0BSQVND4T,18.32,18.79,2026-02-17 00:00:00,2026-03-17 23:59:00
6e217478,Best Deal,B075T82C1X,16.91,0.0,2026-03-10 00:00:00,2026-03-16 23:45:00
23985374402,Coupon,B09C6HJ2CC,15.89,17.66,2026-02-17 00:00:00,2026-03-19 23:59:00
23985374402,Coupon,B0C94719Z8,16.74,18.6,2026-02-17 00:00:00,2026-03-19 23:59:00
23985214102,Coupon,B08JCRVJX7,15.89,16.73,2026-02-17 00:00:00,2026-03-17 23:59:00
6b4f4563,Best Deal,B0F446RQXB,17.76,16.6,2025-12-26 00:00:00,2026-01-08 23:45:00
30edf348,Best Deal,B0FLQM4R56,35.62,33.29,2026-02-22 00:00:00,2026-02-27 23:59:00
6b4f4563,Best Deal,B0F4451PSV,16.91,15.8,2025-12-26 00:00:00,2026-01-08 23:45:00
6b4f4563,Best Deal,B0CCJ8R191,21.16,19.78,2025-12-26 00:00:00,2026-01-08 23:45:00
07490b67,Best Deal,B00XU8EF0K,18.62,0.0,2026-02-22 00:00:00,2026-02-28 23:59:00
6b4f4563,Best Deal,B0C94548F5,16.91,15.8,2025-12-26 00:00:00,2026-01-08 23:45:00
6b4f4563,Best Deal,B0F448XPL3,17.76,16.6,2025-12-26 00:00:00,2026-01-08 23:45:00
23985214102,Coupon,B08JCV95Y3,16.77,17.66,2026-02-17 00:00:00,2026-03-17 23:59:00
2ef28cba,Best Deal,B08B8SJK6K,20.92,19.55,2026-03-10 00:00:00,2026-03-16 23:45:00
6b4f4563,Best Deal,B0BD88S1FW,16.06,15.01,2025-12-26 00:00:00,2026-01-08 23:45:00
6b4f4563,Best Deal,B0F4451PSV,16.91,0.0,2025-12-26 00:00:00,2026-01-08 23:45:00
6b4f4563,Best Deal,B0C94719Z8,16.91,15.8,2025-12-26 00:00:00,2026-01-08 23:45:00
6b4f4563,Best Deal,B085YDYWV8,16.91,15.8,2025-12-26 00:00:00,2026-01-08 23:45:00
6e217478,Best Deal,B0F4451PSV,16.91,15.8,2026-03-10 00:00:00,2026-03-16 23:45:00
6b4f4563,Best Deal,B0DK9L5MWL,11.81,11.04,2025-12-26 00:00:00,2026-01-08 23:45:00
2ef28cba,Best Deal,B0FDB9CKTZ,27.97,26.14,2026-03-10 00:00:00,2026-03-16 23:45:00
6b4f4563,Best Deal,B0FDBDWDL2,8.41,0.0,2025-12-26 00:00:00,2026-01-08 23:45:00
6e217478,Best Deal,B0CS6GFLRM,15.26,14.26,2026-03-10 00:00:00,2026-03-16 23:45:00
6b4f4563,Best Deal,B0D63B5WBM,13.51,0.0,2025-12-26 00:00:00,2026-01-08 23:45:00
6e217478,Best Deal,B0DFCRTV9C,11.81,11.04,2026-03-10 00:00:00,2026-03-16 23:45:00
6b4f4563,Best Deal,B0BK8STFVG,16.91,0.0,2025-12-26 00:00:00,2026-01-08 23:45:00
2ef28cba,Best Deal,B081TDP6YF,25.76,0.0,2026-03-10 00:00:00,2026-03-16 23:45:00
23985214102,Coupon,B09C6HJ2CC,14.26,15.01,2026-02-17 00:00:00,2026-03-17 23:59:00
6e217478,Best Deal,B0BD88S1FW,16.06,15.01,2026-03-10 00:00:00,2026-03-16 23:45:00
23985214102,Coupon,B08DCXNCWS,-0.87,0.0,2026-02-17 00:00:00,2026-03-17 23:59:00
6b4f4563,Best Deal,B075FDQ6KJ,22.01,20.57,2025-12-26 00:00:00,2026-01-08 23:45:00
23985214102,Coupon,B09GD1YKWW,17.66,18.6,2026-02-17 00:00:00,2026-03-17 23:59:00
2ef28cba,Best Deal,B0FLQNTV2G,36.45,0.0,2026-03-10 00:00:00,2026-03-16 23:45:00
23985214102,Coupon,B082XFTS6H,23.0,24.21,2026-02-17 00:00:00,2026-03-17 23:59:00
6e217478,Best Deal,B0DFCRNY8W,15.21,0.0,2026-03-10 00:00:00,2026-03-16 23:45:00
2ef28cba,Best Deal,B085YFBCNL,20.32,0.0,2026-03-10 00:00:00,2026-03-16 23:45:00
23985214102,Coupon,B07PM7B4NK,34.53,36.36,2026-02-17 00:00:00,2026-03-17 23:59:00
6b4f4563,Best Deal,B00XJE09CI,17.76,0.0,2025-12-26 00:00:00,2026-01-08 23:45:00
6e217478,Best Deal,B077QQ2XV8,16.06,0.0,2026-03-10 00:00:00,2026-03-16 23:45:00
23985214102,Coupon,B08XZMCR17,-0.47,0.0,2026-02-17 00:00:00,2026-03-17 23:59:00
6b4f4563,Best Deal,B0D63B2G5N,15.21,14.21,2025-12-26 00:00:00,2026-01-08 23:45:00
6b4f4563,Best Deal,B0CS6GFLRM,16.06,15.01,2025-12-26 00:00:00,2026-01-08 23:45:00
23985214102,Coupon,B09C6FWGJR,19.55,20.58,2026-02-17 00:00:00,2026-03-17 23:59:00
23985214102,Coupon,B08GCFFDMH,14.26,15.01,2026-02-17 00:00:00,2026-03-17 23:59:00
6b4f4563,Best Deal,B082XFTS6H,19.43,0.0,2025-12-26 00:00:00,2026-01-08 23:45:00
6b4f4563,Best Deal,B0DFCRTV9C,11.81,11.04,2025-12-26 00:00:00,2026-01-08 23:45:00
6b4f4563,Best Deal,B00N1QKQ5Y,15.21,14.21,2025-12-26 00:00:00,2026-01-08 23:45:00
23985374402,Coupon,B01FFWYJV8,-1.58,0.0,2026-02-17 00:00:00,2026-03-19 23:59:00
23985214102,Coupon,B08JCRVJX7,13.5,14.21,2026-02-17 00:00:00,2026-03-17 23:59:00
23985374402,Coupon,B0D2322MMQ,-1.35,0.0,2026-02-17 00:00:00,2026-03-19 23:59:00
23985348002,Coupon,B0CS6GFLRM,11.41,14.26,2026-02-17 00:00:00,2026-03-19 23:59:00
6b4f4563,Best Deal,B0D22ZSZ2H,16.91,0.0,2025-12-26 00:00:00,2026-01-08 23:45:00
6b4f4563,Best Deal,B0BD85KJQV,21.16,0.0,2025-12-26 00:00:00,2026-01-08 23:45:00
6e217478,Best Deal,B0B2PSK2MC,19.46,18.19,2026-03-10 00:00:00,2026-03-16 23:45:00
23985214102,Coupon,B08XZMCR17,23.69,24.21,2026-02-17 00:00:00,2026-03-17 23:59:00
6e217478,Best Deal,B0D2319J4L,14.36,0.0,2026-03-10 00:00:00,2026-03-16 23:45:00
23985214102,Coupon,B08JCV95Y3,-0.71,0.0,2026-02-17 00:00:00,2026-03-17 23:59:00
6b4f4563,Best Deal,B0D638JD41,15.21,14.21,2025-12-26 00:00:00,2026-01-08 23:45:00
23985374402,Coupon,B0CS6HDRFW,-1.67,0.0,2026-02-17 00:00:00,2026-03-19 23:59:00
23985214102,Coupon,B08DCXNCWS,-1.03,0.0,2026-02-17 00:00:00,2026-03-17 23:59:00
6b4f4563,Best Deal,B0D63B1QGN,15.21,0.0,2025-12-26 00:00:00,2026-01-08 23:45:00
6e217478,Best Deal,B0DK9KCD8Y,15.21,14.21,2026-03-10 00:00:00,2026-03-16 23:45:00
23985214102,Coupon,B0BSQVND4T,-0.94,0.0,2026-02-17 00:00:00,2026-03-17 23:59:00
6b4f4563,Best Deal,B0D22XWFBT,16.06,15.01,2025-12-26 00:00:00,2026-01-08 23:45:00
6b4f4563,Best Deal,B07F14GMP2,20.31,0.0,2025-12-26 00:00:00,2026-01-08 23:45:00
6b4f4563,Best Deal,B0CMV9BH8K,19.46,0.0,2025-12-26 00:00:00,2026-01-08 23:45:00
23985374402,Coupon,B01FFWYJV8,16.73,18.6,2026-02-17 00:00:00,2026-03-19 23:59:00
6b4f4563,Best Deal,B06Y3Q6XNX,20.31,18.98,2025-12-26 00:00:00,2026-01-08 23:45:00
6e217478,Best Deal,B01D3FVKBG,19.46,0.0,2026-03-10 00:00:00,2026-03-16 23:45:00
6e217478,Best Deal,B08GCFFDMH,16.06,0.0,2026-03-10 00:00:00,2026-03-16 23:45:00
6b4f4563,Best Deal,B0DFCRNY8W,15.21,0.0,2025-12-26 00:00:00,2026-01-08 23:45:00
23985214102,Coupon,B081TDP6YF,28.31,29.81,2026-02-17 00:00:00,2026-03-17 23:59:00
2ef28cba,Best Deal,B0C2QPSPS6,16.92,0.0,2026-03-10 00:00:00,2026-03-16 23:45:00
6b4f4563,Best Deal,B0D232K3RP,11.81,11.04,2025-12-26 00:00:00,2026-01-08 23:45:00
6b4f4563,Best Deal,B08JCRVJX7,14.32,0.0,2025-12-26 00:00:00,2026-01-08 23:45:00
23985214102,Coupon,B0B6WGC16M,-1.21,0.0,2026-02-17 00:00:00,2026-03-17 23:59:00
6b4f4563,Best Deal,B0DK9KCD8Y,15.21,0.0,2025-12-26 00:00:00,2026-01-08 23:45:00
6b4f4563,Best Deal,B07B9FTCXV,22.01,0.0,2025-12-26 00:00:00,2026-01-08 23:45:00
23985214102,Coupon,B076MBD6KQ,16.78,17.66,2026-02-17 00:00:00,2026-03-17 23:59:00
24319645302,Price Discount,B0FLQMTC82,21.16,19.78,2026-03-10 17:07:00,2026-03-16 23:59:00
6b4f4563,Best Deal,B0D92MFDPB,16.91,15.8,2025-12-26 00:00:00,2026-01-08 23:45:00
6e217478,Best Deal,B0DQDRRFPF,9.26,0.0,2026-03-10 00:00:00,2026-03-16 23:45:00
23985374402,Coupon,B0CS6HDRFW,14.3,15.89,2026-02-17 00:00:00,2026-03-19 23:59:00
6e217478,Best Deal,B00SBSJ16C,15.26,0.0,2026-03-10 00:00:00,2026-03-16 23:45:00
fd49a7ae,Best Deal,B0FDBB81FJ,27.96,26.13,2026-02-22 00:00:00,2026-02-28 23:59:00
6b4f4563,Best Deal,B077QNG9M4,16.91,0.0,2025-12-26 00:00:00,2026-01-08 23:45:00
6b4f4563,Best Deal,B0B2Q12FVY,16.91,0.0,2025-12-26 00:00:00,2026-01-08 23:45:00
23985214102,Coupon,B07J5M5PZW,16.77,17.66,2026-02-17 00:00:00,2026-03-17 23:59:00
6b4f4563,Best Deal,B0B2WSTP9W,16.91,15.8,2025-12-26 00:00:00,2026-01-08 23:45:00
23985348002,Coupon,B0CS6GFLRM,14.13,17.66,2026-02-17 00:00:00,2026-03-19 23:59:00
2ef28cba,Best Deal,B0FLQM4R56,33.84,0.0,2026-03-10 00:00:00,2026-03-16 23:45:00
6b4f4563,Best Deal,B096W5QCHX,19.46,0.0,2025-12-26 00:00:00,2026-01-08 23:45:00
23985214102,Coupon,B08GCTM58N,17.66,18.6,2026-02-17 00:00:00,2026-03-17 23:59:00
6b4f4563,Best Deal,B0D47FKGDD,12.66,0.0,2025-12-26 00:00:00,2026-01-08 23:45:00
6b4f4563,Best Deal,B087JTHDN1,16.06,0.0,2025-12-26 00:00:00,2026-01-08 23:45:00
23985214102,Coupon,B0C2QPSPS6,15.01,15.81,2026-02-17 00:00:00,2026-03-17 23:59:00
23985214102,Coupon,B08JCV95Y3,16.78,17.66,2026-02-17 00:00:00,2026-03-17 23:59:00
6b4f4563,Best Deal,B0C946Q235,19.46,18.19,2025-12-26 00:00:00,2026-01-08 23:45:00
6e217478,Best Deal,B0BK8WLZT5,16.06,0.0,2026-03-10 00:00:00,2026-03-16 23:45:00
6b4f4563,Best Deal,B08GCTM58N,16.91,0.0,2025-12-26 00:00:00,2026-01-08 23:45:00
23985214102,Coupon,B09TJXLQ4Z,17.01,17.39,2026-02-17 00:00:00,2026-03-17 23:59:00
6e217478,Best Deal,B089FYV2HT,15.21,14.21,2026-03-10 00:00:00,2026-03-16 23:45:00
6b4f4563,Best Deal,B075FDQ6KJ,22.01,0.0,2025-12-26 00:00:00,2026-01-08 23:45:00
23985214102,Coupon,B081TDP6YF,23.78,24.07,2026-02-17 00:00:00,2026-03-17 23:59:00
6e217478,Best Deal,B0BMQTBYKT,16.91,0.0,2026-03-10 00:00:00,2026-03-16 23:45:00
6b4f4563,Best Deal,B0CMV8JRKN,16.91,0.0,2025-12-26 00:00:00,2026-01-08 23:45:00
23985214102,Coupon,B0BK8W6JM3,17.68,18.6,2026-02-17 00:00:00,2026-03-17 23:59:00
23985374402,Coupon,B0D232K3RP,9.94,11.04,2026-02-17 00:00:00,2026-03-19 23:59:00
6e217478,Best Deal,B0D232K3RP,11.81,11.04,2026-03-10 00:00:00,2026-03-16 23:45:00
23985214102,Coupon,B0B2Q12FVY,17.66,18.6,2026-02-17 00:00:00,2026-03-17 23:59:00
6e217478,Best Deal,B0F446RQXB,17.76,0.0,2026-03-10 00:00:00,2026-03-16 23:45:00
6b4f4563,Best Deal,B0CS6GFLRM,16.06,0.0,2025-12-26 00:00:00,2026-01-08 23:45:00
23985214102,Coupon,B07J5M5PZW,13.93,14.26,2026-02-17 00:00:00,2026-03-17 23:59:00
23985214102,Coupon,B077QQ2XV8,16.77,17.66,2026-02-17 00:00:00,2026-03-17 23:59:00
6b4f4563,Best Deal,B0D47DZG2Q,12.66,0.0,2025-12-26 00:00:00,2026-01-08 23:45:00
6b4f4563,Best Deal,B0DGGVW1NH,16.06,0.0,2025-12-26 00:00:00,2026-01-08 23:45:00
2ef28cba,Best Deal,B09C6FWGJR,22.02,0.0,2026-03-10 00:00:00,2026-03-16 23:45:00
23985374402,Coupon,B0D232K3RP,11.69,12.99,2026-02-17 00:00:00,2026-03-19 23:59:00
23985214102,Coupon,B0BMQTBYKT,17.66,18.6,2026-02-17 00:00:00,2026-03-17 23:59:00
6b4f4563,Best Deal,B0C2QM9WK6,16.91,0.0,2025-12-26 00:00:00,2026-01-08 23:45:00
6b4f4563,Best Deal,B0CMXQYZ4S,11.81,11.04,2025-12-26 00:00:00,2026-01-08 23:45:00
23985214102,Coupon,B087JHVV7T,17.68,18.6,2026-02-17 00:00:00,2026-03-17 23:59:00
6b4f4563,Best Deal,B0D92MHJL8,12.66,11.83,2025-12-26 00:00:00,2026-01-08 23:45:00
6b4f4563,Best Deal,B076MKZHV4,19.46,0.0,2025-12-26 00:00:00,2026-01-08 23:45:00
6e217478,Best Deal,B08JCRVJX7,15.21,0.0,2026-03-10 00:00:00,2026-03-16 23:45:00
23985214102,Coupon,B096W5QCHX,20.32,21.4,2026-02-17 00:00:00,2026-03-17 23:59:00
6b4f4563,Best Deal,B075T82C1X,16.91,15.8,2025-12-26 00:00:00,2026-01-08 23:45:00
6b4f4563,Best Deal,B08B8SJK6K,22.01,0.0,2025-12-26 00:00:00,2026-01-08 23:45:00
6e217478,Best Deal,B0DK9L5MWL,11.81,11.04,2026-03-10 00:00:00,2026-03-16 23:45:00
6b4f4563,Best Deal,B07R5XPNMP,16.91,0.0,2025-12-26 00:00:00,2026-01-08 23:45:00
6b4f4563,Best Deal,B0D92M1BPN,14.36,13.42,2025-12-26 00:00:00,2026-01-08 23:45:00
2ef28cba,Best Deal,B0FDBB81FJ,27.95,26.12,2026-03-10 00:00:00,2026-03-16 23:45:00
6e217478,Best Deal,B0C94719Z8,16.91,15.8,2026-03-10 00:00:00,2026-03-16 23:45:00
6b4f4563,Best Deal,B077QQ2XV8,16.06,0.0,2025-12-26 00:00:00,2026-01-08 23:45:00
23985214102,Coupon,B08DCY34MX,15.89,16.73,2026-02-17 00:00:00,2026-03-17 23:59:00
6b4f4563,Best Deal,B0DFCRYTBC,10.96,0.0,2025-12-26 00:00:00,2026-01-08 23:45:00
23985374402,Coupon,B0D2322MMQ,-1.58,0.0,2026-02-17 00:00:00,2026-03-19 23:59:00
6b4f4563,Best Deal,B081TDP6YF,27.11,0.0,2025-12-26 00:00:00,2026-01-08 23:45:00
2ef28cba,Best Deal,B0DQDQ98QN,22.02,20.58,2026-03-10 00:00:00,2026-03-16 23:45:00
6e217478,Best Deal,B07J5M5PZW,15.26,0.0,2026-03-10 00:00:00,2026-03-16 23:45:00
23985214102,Coupon,B0B2Q12FVY,18.18,18.6,2026-02-17 00:00:00,2026-03-17 23:59:00
6b4f4563,Best Deal,B09C6FWGJR,22.01,0.0,2025-12-26 00:00:00,2026-01-08 23:45:00
6b4f4563,Best Deal,B0BMQTBYKT,16.91,0.0,2025-12-26 00:00:00,2026-01-08 23:45:00
23985214102,Coupon,B075FDD21R,14.99,15.79,2026-02-17 00:00:00,2026-03-17 23:59:00
6e217478,Best Deal,B0FGQLPVB1,11.81,11.04,2026-03-10 00:00:00,2026-03-16 23:45:00
23985348002,Coupon,B0D92MHJL8,11.14,13.93,2026-02-17 00:00:00,2026-03-19 23:59:00
6b4f4563,Best Deal,B087JK7673,16.91,0.0,2025-12-26 00:00:00,2026-01-08 23:45:00
6e217478,Best Deal,B0CS6GFLRM,15.26,0.0,2026-03-10 00:00:00,2026-03-16 23:45:00
23985214102,Coupon,B0B6WGC16M,22.99,24.21,2026-02-17 00:00:00,2026-03-17 23:59:00
6b4f4563,Best Deal,B0DQDRRFPF,9.26,0.0,2025-12-26 00:00:00,2026-01-08 23:45:00
6b4f4563,Best Deal,B09ZDLZXDM,16.91,0.0,2025-12-26 00:00:00,2026-01-08 23:45:00
6e217478,Best Deal,B0D47DZG2Q,12.66,0.0,2026-03-10 00:00:00,2026-03-16 23:45:00
23985374402,Coupon,B08JCRVJX7,15.06,16.73,2026-02-17 00:00:00,2026-03-19 23:59:00
6b4f4563,Best Deal,B089FYV2HT,15.21,14.21,2025-12-26 00:00:00,2026-01-08 23:45:00
23985348002,Coupon,B0D92MHJL8,-2.79,0.0,2026-02-17 00:00:00,2026-03-19 23:59:00
6b4f4563,Best Deal,B085YDZPXM,24.56,0.0,2025-12-26 00:00:00,2026-01-08 23:45:00
23985214102,Coupon,B09C6FWGJR,23.0,24.21,2026-02-17 00:00:00,2026-03-17 23:59:00
6b4f4563,Best Deal,B07DGFDLKP,17.52,0.0,2025-12-26 00:00:00,2026-01-08 23:45:00
6e217478,Best Deal,B0DXFV7GSR,16.91,0.0,2026-03-10 00:00:00,2026-03-16 23:45:00
6b4f4563,Best Deal,B085YFBCNL,20.31,18.98,2025-12-26 00:00:00,2026-01-08 23:45:00
6b4f4563,Best Deal,B0B2PSK2MC,19.46,0.0,2025-12-26 00:00:00,2026-01-08 23:45:00
6b4f4563,Best Deal,B0CHSKHD1Z,19.46,18.19,2025-12-26 00:00:00,2026-01-08 23:45:00
6b4f4563,Best Deal,B09TJXDWKF,20.31,0.0,2025-12-26 00:00:00,2026-01-08 23:45:00
6e217478,Best Deal,B0D92M1BPN,14.36,13.42,2026-03-10 00:00:00,2026-03-16 23:45:00
6b4f4563,Best Deal,B0DGGWX7WN,12.67,0.0,2025-12-26 00:00:00,2026-01-08 23:45:00
2ef28cba,Best Deal,B0FDB9KM34,31.37,29.32,2026-03-10 00:00:00,2026-03-16 23:45:00
23985214102,Coupon,B0B2PSK2MC,17.29,18.19,2026-02-17 00:00:00,2026-03-17 23:59:00
23985214102,Coupon,B075T82C1X,17.66,18.6,2026-02-17 00:00:00,2026-03-17 23:59:00
6b4f4563,Best Deal,B0FDB9KM34,29.36,27.44,2025-12-26 00:00:00,2026-01-08 23:45:00
6b4f4563,Best Deal,B0C946Q235,19.46,0.0,2025-12-26 00:00:00,2026-01-08 23:45:00
6b4f4563,Best Deal,B0D26DXLP4,20.31,18.98,2025-12-26 00:00:00,2026-01-08 23:45:00
6b4f4563,Best Deal,B0BK8WLZT5,16.06,0.0,2025-12-26 00:00:00,2026-01-08 23:45:00
6b4f4563,Best Deal,B0D232K3RP,11.81,0.0,2025-12-26 00:00:00,2026-01-08 23:45:00
2ef28cba,Best Deal,B0FLQRB13X,25.42,23.76,2026-03-10 00:00:00,2026-03-16 23:45:00
6e217478,Best Deal,B0DK9L5MWL,11.81,0.0,2026-03-10 00:00:00,2026-03-16 23:45:00
6b4f4563,Best Deal,B08VWKYVKS,16.3,0.0,2025-12-26 00:00:00,2026-01-08 23:45:00
23985214102,Coupon,B0BK8WLZT5,16.77,17.66,2026-02-17 00:00:00,2026-03-17 23:59:00
6b4f4563,Best Deal,B0FDB9KM34,29.36,0.0,2025-12-26 00:00:00,2026-01-08 23:45:00
6b4f4563,Best Deal,B06Y3Q6XNX,20.31,0.0,2025-12-26 00:00:00,2026-01-08 23:45:00
6e217478,Best Deal,B0FGQLPVB1,11.81,0.0,2026-03-10 00:00:00,2026-03-16 23:45:00
6e217478,Best Deal,B0B2PSK2MC,19.46,0.0,2026-03-10 00:00:00,2026-03-16 23:45:00
6b4f4563,Best Deal,B08B8SJK6K,22.01,20.57,2025-12-26 00:00:00,2026-01-08 23:45:00
6e217478,Best Deal,B0C2QM9WK6,16.91,15.8,2026-03-10 00:00:00,2026-03-16 23:45:00
23985348002,Coupon,B0CS6GFLRM,-2.85,0.0,2026-02-17 00:00:00,2026-03-19 23:59:00
6e217478,Best Deal,B0C94548F5,16.91,15.8,2026-03-10 00:00:00,2026-03-16 23:45:00
6b4f4563,Best Deal,B0D638JD41,15.21,0.0,2025-12-26 00:00:00,2026-01-08 23:45:00
6e217478,Best Deal,B0D92M1BPN,14.36,0.0,2026-03-10 00:00:00,2026-03-16 23:45:00
6b4f4563,Best Deal,B0DQDQ98QN,22.01,20.57,2025-12-26 00:00:00,2026-01-08 23:45:00
23985374402,Coupon,B0C94719Z8,-1.86,0.0,2026-02-17 00:00:00,2026-03-19 23:59:00
6b4f4563,Best Deal,B085YFBCNL,20.31,0.0,2025-12-26 00:00:00,2026-01-08 23:45:00
6b4f4563,Best Deal,B089FYV2HT,15.21,0.0,2025-12-26 00:00:00,2026-01-08 23:45:00
23985374402,Coupon,B0C94719Z8,16.75,18.6,2026-02-17 00:00:00,2026-03-19 23:59:00
6b4f4563,Best Deal,B0CL9SHVTQ,15.21,14.21,2025-12-26 00:00:00,2026-01-08 23:45:00
6b4f4563,Best Deal,B0D26DXLP4,20.31,0.0,2025-12-26 00:00:00,2026-01-08 23:45:00
17492259202,Coupon,B08QVWRHP2,22.0,22.34,2025-01-13 00:00:00,2025-02-12 23:59:00
17492259202,Coupon,B01G7428BG,-1.07,0.0,2025-01-13 00:00:00,2025-02-12 23:59:00
18062815702,Sales Discount,B08NPB4GCD,16.31,16.73,2025-03-01 00:00:00,2025-03-31 23:59:00
17492259202,Coupon,B087JK7673,18.39,18.6,2025-01-13 00:00:00,2025-02-12 23:59:00
776b9f88,Best Deal,B08GCFFDMH,16.81,15.71,2025-03-25 00:00:00,2025-03-31 23:55:00
18062815702,Sales Discount,B08JCSQGVK,12.69,13.13,2025-03-01 00:00:00,2025-03-31 23:59:00
17492259202,Coupon,B01D3FVKBG,20.33,21.4,2025-01-13 00:00:00,2025-02-12 23:59:00
17029211802,Sales Discount,B081TDP6YF,28.98,29.81,2024-12-11 00:00:00,2025-01-31 23:59:00
17492259202,Coupon,B08VWV18N7,-0.98,0.0,2025-01-13 00:00:00,2025-02-12 23:59:00
18062815702,Sales Discount,B08XZLYCZ5,21.27,22.34,2025-03-01 00:00:00,2025-03-31 23:59:00
18062815702,Sales Discount,B0BMQXCX1X,22.9,23.27,2025-03-01 00:00:00,2025-03-31 23:59:00
25401079802,Sales Discount,B0DHL6WSMT,23.47,26.07,2026-05-23 00:00:00,2026-06-06 23:59:00
17492259202,Coupon,B075T7D86D,18.29,18.6,2025-01-13 00:00:00,2025-02-12 23:59:00
18062815702,Sales Discount,B0C94548F5,15.21,15.71,2025-03-01 00:00:00,2025-03-31 23:59:00
e5936dd2,Best Deal,B0BSQVQX75,18.14,16.95,2024-12-26 00:00:00,2025-01-05 23:55:00
17492259202,Coupon,B075T82C1X,18.34,18.6,2025-01-13 00:00:00,2025-02-12 23:59:00
18062815702,Sales Discount,B0DGGVW1NH,16.83,17.66,2025-03-01 00:00:00,2025-03-31 23:59:00
17029211802,Sales Discount,B00XU8AUC2,16.74,18.6,2024-12-11 00:00:00,2025-01-31 23:59:00
17492259202,Coupon,B0BMQXCX1X,-1.16,0.0,2025-01-13 00:00:00,2025-02-12 23:59:00
17492259202,Coupon,B075FDQ6KJ,23.0,24.21,2025-01-13 00:00:00,2025-02-12 23:59:00
e5936dd2,Best Deal,B0D2322MMQ,14.25,0.0,2024-12-26 00:00:00,2025-01-05 23:55:00
17492259202,Coupon,B01D3FVKWA,17.26,17.66,2025-01-13 00:00:00,2025-02-12 23:59:00
776b9f88,Best Deal,B0CHSLDL5K,10.91,10.2,2025-03-25 00:00:00,2025-03-31 23:55:00
17492259202,Coupon,B09C6FG128,24.61,25.14,2025-01-13 00:00:00,2025-02-12 23:59:00
18062815702,Sales Discount,B0BD85KJQV,20.11,22.34,2025-03-01 00:00:00,2025-03-31 23:59:00
18062815702,Sales Discount,B07C5Q7T4D,-1.46,0.0,2025-03-01 00:00:00,2025-03-31 23:59:00
18062815702,Sales Discount,B08DCXNCWS,16.74,18.6,2025-03-01 00:00:00,2025-03-31 23:59:00
16105181202,Sales Discount,B082XFTS6H,17.87,22.34,2024-10-10 00:01:00,2025-03-31 23:59:00
17492259202,Coupon,B0CCJ8R191,22.1,23.27,2025-01-13 00:00:00,2025-02-12 23:59:00
17492259202,Coupon,B08XZMCR17,23.0,24.21,2025-01-13 00:00:00,2025-02-12 23:59:00
17492259202,Coupon,B00XU8AUC2,18.13,18.6,2025-01-13 00:00:00,2025-02-12 23:59:00
18062815702,Sales Discount,B081TJ62WV,15.29,15.79,2025-03-01 00:00:00,2025-03-31 23:59:00
17492259202,Coupon,B07J5M5PZW,16.77,17.66,2025-01-13 00:00:00,2025-02-12 23:59:00
17492259202,Coupon,B0D26DXLP4,21.22,22.34,2025-01-13 00:00:00,2025-02-12 23:59:00
18062815702,Sales Discount,B0BMQXCX1X,22.5,23.27,2025-03-01 00:00:00,2025-03-31 23:59:00
17492259202,Coupon,B087JHVV7T,18.14,18.6,2025-01-13 00:00:00,2025-02-12 23:59:00
18062815702,Sales Discount,B075T9G9YS,21.79,24.21,2025-03-01 00:00:00,2025-03-31 23:59:00
17492259202,Coupon,B08JC9NN3X,16.33,16.73,2025-01-13 00:00:00,2025-02-12 23:59:00
17792199702,Coupon,B0D22ZQTSC,20.32,20.47,2025-02-17 00:00:00,2025-02-23 23:59:00
18062815702,Sales Discount,B0D47DZG2Q,9.86,10.95,2025-03-01 00:00:00,2025-03-31 23:59:00
776b9f88,Best Deal,B08QVWRHP2,20.21,18.89,2025-03-25 00:00:00,2025-03-31 23:55:00
776b9f88,Best Deal,B096W2GHQV,15.75,0.0,2025-03-25 00:00:00,2025-03-31 23:55:00
17492259202,Coupon,B01G7428BG,20.33,21.4,2025-01-13 00:00:00,2025-02-12 23:59:00
17492259202,Coupon,B094R1JQ6K,18.17,18.6,2025-01-13 00:00:00,2025-02-12 23:59:00
17492259202,Coupon,B08DDBGBZG,20.93,21.4,2025-01-13 00:00:00,2025-02-12 23:59:00
17492259202,Coupon,B08NPB4GCD,16.46,16.73,2025-01-13 00:00:00,2025-02-12 23:59:00
17492259202,Coupon,B0BK8X47M5,15.45,15.79,2025-01-13 00:00:00,2025-02-12 23:59:00
17492259202,Coupon,B0BK8X47M5,15.59,15.79,2025-01-13 00:00:00,2025-02-12 23:59:00
18062815702,Sales Discount,B08JCSQGVK,12.54,13.93,2025-03-01 00:00:00,2025-03-31 23:59:00
17492259202,Coupon,B094R1JQ6K,18.29,18.6,2025-01-13 00:00:00,2025-02-12 23:59:00
da7ca825,Best Deal,B0D63B5WBM,12.51,11.69,2025-05-21 00:00:00,2025-05-27 23:55:00
17029211802,Sales Discount,B0BMQXCX1X,17.97,18.47,2024-12-11 00:00:00,2025-01-31 23:59:00
17029211802,Sales Discount,B09C6FG128,23.89,25.14,2024-12-11 00:00:00,2025-01-31 23:59:00
17492259202,Coupon,B08VWKYVKS,21.08,21.4,2025-01-13 00:00:00,2025-02-12 23:59:00
8f39fad6,Best Deal,B0CPJG6XL8,19.36,18.09,2025-03-25 00:00:00,2025-03-31 23:55:00
18062815702,Sales Discount,B08VWKYVKS,17.49,18.09,2025-03-01 00:00:00,2025-03-31 23:59:00
17029211802,Sales Discount,B087JHVV7T,17.67,18.6,2024-12-11 00:00:00,2025-01-31 23:59:00
18062815702,Sales Discount,B07WH27VXM,19.49,20.47,2025-03-01 00:00:00,2025-03-31 23:59:00
17029211802,Sales Discount,B076MBD6KQ,11.88,12.51,2024-12-11 00:00:00,2025-01-31 23:59:00
17029211802,Sales Discount,B00RBUM5JQ,19.83,20.47,2024-12-11 00:00:00,2025-01-31 23:59:00
17029211802,Sales Discount,B0C6FJQ7S5,14.36,14.82,2024-12-11 00:00:00,2025-01-31 23:59:00
17492259202,Coupon,B076MBD6KQ,15.0,15.79,2025-01-13 00:00:00,2025-02-12 23:59:00
17492259202,Coupon,B076MKZHV4,20.33,21.4,2025-01-13 00:00:00,2025-02-12 23:59:00
18062815702,Sales Discount,B09NRH4J1C,18.74,19.68,2025-03-01 00:00:00,2025-03-31 23:59:00
18062815702,Sales Discount,B075T82C1X,14.14,15.71,2025-03-01 00:00:00,2025-03-31 23:59:00
18062815702,Sales Discount,B0C94548F5,17.75,18.6,2025-03-01 00:00:00,2025-03-31 23:59:00
18062815702,Sales Discount,B08JC9XBGM,16.74,18.6,2025-03-01 00:00:00,2025-03-31 23:59:00
18062815702,Sales Discount,B07F14GMP2,21.75,22.34,2025-03-01 00:00:00,2025-03-31 23:59:00
e5936dd2,Best Deal,B0BD88S1FW,15.13,0.0,2024-12-26 00:00:00,2025-01-05 23:55:00
17492259202,Coupon,B075T9G9YS,23.0,24.21,2025-01-13 00:00:00,2025-02-12 23:59:00
18062815702,Sales Discount,B09TJTTP84,17.75,18.6,2025-03-01 00:00:00,2025-03-31 23:59:00
17029211802,Sales Discount,B09GD1YKWW,17.67,18.6,2024-12-11 00:00:00,2025-01-31 23:59:00
17965660802,Price Discount,B081TJ62WV,15.0,15.81,2025-02-24 00:00:00,2025-02-28 23:59:00
25401079802,Sales Discount,B0CB87LMH1,35.86,37.29,2026-05-23 00:00:00,2026-06-06 23:59:00
18062815702,Sales Discount,B0CMV9BH8K,20.41,21.4,2025-03-01 00:00:00,2025-03-31 23:59:00
17029211802,Sales Discount,B08VX84KW4,18.08,18.6,2024-12-11 00:00:00,2025-01-31 23:59:00
18062815702,Sales Discount,B09TJTTP84,18.13,18.6,2025-03-01 00:00:00,2025-03-31 23:59:00
17029211802,Sales Discount,B07C5Q7T4D,15.89,17.66,2024-12-11 00:00:00,2025-01-31 23:59:00
17492259202,Coupon,B09TJXDWKF,21.78,22.34,2025-01-13 00:00:00,2025-02-12 23:59:00
17965660802,Price Discount,B00XU8EF0K,15.0,0.0,2025-02-24 00:00:00,2025-02-28 23:59:00
17492259202,Coupon,B075FDQ6KJ,23.63,24.21,2025-01-13 00:00:00,2025-02-12 23:59:00
17029211802,Sales Discount,B08JC2YLYL,17.75,18.6,2024-12-11 00:00:00,2025-01-31 23:59:00
18062815702,Sales Discount,B077QNG9M4,16.74,18.6,2025-03-01 00:00:00,2025-03-31 23:59:00
17029211802,Sales Discount,B0D47FKGDD,13.65,13.93,2024-12-11 00:00:00,2025-01-31 23:59:00
17492259202,Coupon,B08VWF8Y96,17.67,18.6,2025-01-13 00:00:00,2025-02-12 23:59:00
17029211802,Sales Discount,B0C6FHKNM7,20.94,23.27,2024-12-11 00:00:00,2025-01-31 23:59:00
776b9f88,Best Deal,B09NRH4J1C,21.06,19.68,2025-03-25 00:00:00,2025-03-31 23:55:00
18062815702,Sales Discount,B087JTHDN1,17.23,17.66,2025-03-01 00:00:00,2025-03-31 23:59:00
17492259202,Coupon,B085YDZPXM,25.65,27.01,2025-01-13 00:00:00,2025-02-12 23:59:00
17029211802,Sales Discount,B096W2GHQV,13.32,14.81,2024-12-11 00:00:00,2025-01-31 23:59:00
776b9f88,Best Deal,B07ZQHMLQY,16.81,15.71,2025-03-25 00:00:00,2025-03-31 23:55:00
18341715402,Coupon,B0DFCQLLSY,12.66,12.99,2025-03-24 00:00:00,2025-04-23 23:59:00
17492259202,Coupon,B0BK8WLZT5,16.78,17.66,2025-01-13 00:00:00,2025-02-12 23:59:00
17029211802,Sales Discount,B0D22ZQTSC,19.79,20.47,2024-12-11 00:00:00,2025-01-31 23:59:00
17492259202,Coupon,B0C947V4GH,18.15,18.6,2025-01-13 00:00:00,2025-02-12 23:59:00
8f39fad6,Best Deal,B072VJ9FFZ,17.85,0.0,2025-03-25 00:00:00,2025-03-31 23:55:00
17029211802,Sales Discount,B08JC9NN3X,15.06,16.73,2024-12-11 00:00:00,2025-01-31 23:59:00
17492259202,Coupon,B08DDBGBZG,20.33,21.4,2025-01-13 00:00:00,2025-02-12 23:59:00
16105181202,Sales Discount,B07WH27VXM,12.36,15.45,2024-10-10 00:01:00,2025-03-31 23:59:00
18062815702,Sales Discount,B08QVYP7YH,20.11,22.34,2025-03-01 00:00:00,2025-03-31 23:59:00
25401079802,Sales Discount,B0CB87LMH1,36.45,37.29,2026-05-23 00:00:00,2026-06-06 23:59:00
17492259202,Coupon,B09NRH4J1C,22.1,23.27,2025-01-13 00:00:00,2025-02-12 23:59:00
18062815702,Sales Discount,B096W2GHQV,17.98,18.6,2025-03-01 00:00:00,2025-03-31 23:59:00
776b9f88,Best Deal,B087JK7673,16.81,15.71,2025-03-25 00:00:00,2025-03-31 23:55:00
17029211802,Sales Discount,B09C6FG128,22.62,25.14,2024-12-11 00:00:00,2025-01-31 23:59:00
16105181202,Sales Discount,B0CMV9BH8K,17.12,21.4,2024-10-10 00:01:00,2025-03-31 23:59:00
17492259202,Coupon,B01FFWYDVO,16.77,17.66,2025-01-13 00:00:00,2025-02-12 23:59:00
17492259202,Coupon,B082XFKXJ2,17.67,18.6,2025-01-13 00:00:00,2025-02-12 23:59:00
17029211802,Sales Discount,B08JC9NN3X,15.89,16.73,2024-12-11 00:00:00,2025-01-31 23:59:00
24569252002,Sales Discount,B075T9G9YS,21.01,24.21,2026-03-30 09:01:00,2027-01-01 09:01:00
25401079802,Sales Discount,B0CB87LMH1,33.56,37.29,2026-05-23 00:00:00,2026-06-06 23:59:00
17492259202,Coupon,B0CMV9BH8K,20.33,21.4,2025-01-13 00:00:00,2025-02-12 23:59:00
18062815702,Sales Discount,B0BK8X47M5,15.14,15.79,2025-03-01 00:00:00,2025-03-31 23:59:00
24409622502,Sales Discount,B0BK8STFVG,17.67,18.6,2026-03-17 21:00:00,2026-03-31 23:59:00
38329440,Best Deal,B0DGGVW1NH,16.05,0.0,2025-03-25 00:00:00,2025-03-31 23:55:00
17492259202,Coupon,B0B6WCHGMK,13.58,13.93,2025-01-13 00:00:00,2025-02-12 23:59:00
17492259202,Coupon,B08GCTM58N,17.67,18.6,2025-01-13 00:00:00,2025-02-12 23:59:00
18062815702,Sales Discount,B07R5XPNMP,17.98,18.6,2025-03-01 00:00:00,2025-03-31 23:59:00
17029211802,Sales Discount,B09TJTTP84,17.7,18.6,2024-12-11 00:00:00,2025-01-31 23:59:00
17029211802,Sales Discount,B08GCFFDMH,16.74,18.6,2024-12-11 00:00:00,2025-01-31 23:59:00
17029211802,Sales Discount,B07WH27VXM,-1.54,0.0,2024-12-11 00:00:00,2025-01-31 23:59:00
17492259202,Coupon,B0D638JD41,15.89,16.73,2025-01-13 00:00:00,2025-02-12 23:59:00
18062815702,Sales Discount,B075T82C1X,18.19,18.6,2025-03-01 00:00:00,2025-03-31 23:59:00
18062815702,Sales Discount,B0C2QM9WK6,18.22,18.6,2025-03-01 00:00:00,2025-03-31 23:59:00
18062815702,Sales Discount,B08JC9XBGM,16.77,17.57,2025-03-01 00:00:00,2025-03-31 23:59:00
18341715402,Coupon,B0DGGWX7WN,11.46,12.06,2025-03-24 00:00:00,2025-04-23 23:59:00
18062815702,Sales Discount,B01D3FVKBG,19.56,20.23,2025-03-01 00:00:00,2025-03-31 23:59:00
17492259202,Coupon,B0CS6GFLRM,16.77,17.66,2025-01-13 00:00:00,2025-02-12 23:59:00
18062815702,Sales Discount,B0BMQTBYKT,17.67,18.6,2025-03-01 00:00:00,2025-03-31 23:59:00
16105181202,Sales Discount,B01CYDY6TQ,14.88,18.6,2024-10-10 00:01:00,2025-03-31 23:59:00
17029211802,Sales Discount,B01BNV0IUQ,17.67,18.6,2024-12-11 00:00:00,2025-01-31 23:59:00
18062815702,Sales Discount,B094R1JQ6K,14.92,15.71,2025-03-01 00:00:00,2025-03-31 23:59:00
17965660802,Price Discount,B08QVYP7YH,15.0,18.99,2025-02-24 00:00:00,2025-02-28 23:59:00
17492259202,Coupon,B0BK8X47M5,15.43,15.79,2025-01-13 00:00:00,2025-02-12 23:59:00
17029211802,Sales Discount,B08VX84KW4,-1.86,0.0,2024-12-11 00:00:00,2025-01-31 23:59:00
25402148802,Sales Discount,B0DR9CLXV5,12.54,13.93,2026-05-23 00:00:00,2026-06-06 23:59:00
18062815702,Sales Discount,B075T9G9YS,20.08,20.48,2025-03-01 00:00:00,2025-03-31 23:59:00
17492259202,Coupon,B01CYDY6TQ,17.67,18.6,2025-01-13 00:00:00,2025-02-12 23:59:00
17029211802,Sales Discount,B0D22ZQTSC,15.52,16.33,2024-12-11 00:00:00,2025-01-31 23:59:00
17492259202,Coupon,B08JC2YLYL,18.36,18.6,2025-01-13 00:00:00,2025-02-12 23:59:00
17492259202,Coupon,B09ZDLZXDM,17.67,18.6,2025-01-13 00:00:00,2025-02-12 23:59:00
da7ca825,Best Deal,B0DFCRNY8W,15.06,0.0,2025-05-21 00:00:00,2025-05-27 23:55:00
17029211802,Sales Discount,B08JCSQGVK,13.28,13.93,2024-12-11 00:00:00,2025-01-31 23:59:00
17492259202,Coupon,B075T9G9YS,23.95,24.21,2025-01-13 00:00:00,2025-02-12 23:59:00
17492259202,Coupon,B096W3GD2S,21.78,22.34,2025-01-13 00:00:00,2025-02-12 23:59:00
17492259202,Coupon,B01MCZD91A,14.63,14.86,2025-01-13 00:00:00,2025-02-12 23:59:00
17492259202,Coupon,B07J5M5PZW,17.4,17.66,2025-01-13 00:00:00,2025-02-12 23:59:00
17029211802,Sales Discount,B07WH27VXM,13.91,15.45,2024-12-11 00:00:00,2025-01-31 23:59:00
17029211802,Sales Discount,B07F1FKM3M,20.36,21.4,2024-12-11 00:00:00,2025-01-31 23:59:00
17029211802,Sales Discount,B07R5XPNMP,16.74,18.6,2024-12-11 00:00:00,2025-01-31 23:59:00
17029211802,Sales Discount,B09GD1YKWW,16.74,18.6,2024-12-11 00:00:00,2025-01-31 23:59:00
17029211802,Sales Discount,B0BSQVND4T,20.87,21.4,2024-12-11 00:00:00,2025-01-31 23:59:00
17029211802,Sales Discount,B0CMV9BH8K,19.26,21.4,2024-12-11 00:00:00,2025-01-31 23:59:00
17492259202,Coupon,B0BMQTBYKT,18.13,18.6,2025-01-13 00:00:00,2025-02-12 23:59:00
16105181202,Sales Discount,B07ZQHMLQY,14.88,18.6,2024-10-10 00:01:00,2025-03-31 23:59:00
17492259202,Coupon,B00XU8AUC2,-0.93,0.0,2025-01-13 00:00:00,2025-02-12 23:59:00
17492259202,Coupon,B087JHVV7T,18.32,18.6,2025-01-13 00:00:00,2025-02-12 23:59:00
25402148802,Sales Discount,B0DJP4W7KC,22.11,23.27,2026-05-23 00:00:00,2026-06-06 23:59:00
18062815702,Sales Discount,B0CPJFC9BP,19.5,20.47,2025-03-01 00:00:00,2025-03-31 23:59:00
18062815702,Sales Discount,B0C94548F5,17.68,18.6,2025-03-01 00:00:00,2025-03-31 23:59:00
18062815702,Sales Discount,B0BK8X47M5,12.66,14.06,2025-03-01 00:00:00,2025-03-31 23:59:00
17492259202,Coupon,B07WH27VXM,19.98,20.47,2025-01-13 00:00:00,2025-02-12 23:59:00
18062815702,Sales Discount,B072VJ9FFZ,15.89,17.66,2025-03-01 00:00:00,2025-03-31 23:59:00
18062815702,Sales Discount,B08DCXNCWS,15.02,15.71,2025-03-01 00:00:00,2025-03-31 23:59:00
17492259202,Coupon,B0D22ZSZ2H,17.67,18.6,2025-01-13 00:00:00,2025-02-12 23:59:00
18062815702,Sales Discount,B096W54FGM,15.06,16.73,2025-03-01 00:00:00,2025-03-31 23:59:00
17029211802,Sales Discount,B0D2322MMQ,12.66,13.32,2024-12-11 00:00:00,2025-01-31 23:59:00
17492259202,Coupon,B01BNV0IUQ,18.21,18.6,2025-01-13 00:00:00,2025-02-12 23:59:00
17492259202,Coupon,B00RCYQUII,13.59,13.93,2025-01-13 00:00:00,2025-02-12 23:59:00
18062815702,Sales Discount,B096W54FGM,12.71,14.12,2025-03-01 00:00:00,2025-03-31 23:59:00
18062815702,Sales Discount,B09TJXDWKF,20.11,22.34,2025-03-01 00:00:00,2025-03-31 23:59:00
17492259202,Coupon,B01FFWYJV8,18.18,18.6,2025-01-13 00:00:00,2025-02-12 23:59:00
18062815702,Sales Discount,B08JCSQGVK,11.81,13.13,2025-03-01 00:00:00,2025-03-31 23:59:00
18062815702,Sales Discount,B07F1FKM3M,17.4,18.0,2025-03-01 00:00:00,2025-03-31 23:59:00
17029211802,Sales Discount,B08JC9XBGM,18.01,18.6,2024-12-11 00:00:00,2025-01-31 23:59:00
17029211802,Sales Discount,B087JJ4M8H,-2.61,0.0,2024-12-11 00:00:00,2025-01-31 23:59:00
25401016002,Sales Discount,B0C93RMXRR,30.32,30.75,2026-05-23 00:00:00,2026-06-06 23:59:00
776b9f88,Best Deal,B07DGFDLKP,18.51,17.3,2025-03-25 00:00:00,2025-03-31 23:55:00
16105181202,Sales Discount,B081TDP6YF,23.86,29.81,2024-10-10 00:01:00,2025-03-31 23:59:00
da7ca825,Best Deal,B0C947B32V,15.9,14.86,2025-05-21 00:00:00,2025-05-27 23:55:00
18062815702,Sales Discount,B07C5Q7T4D,13.13,14.59,2025-03-01 00:00:00,2025-03-31 23:59:00
17492259202,Coupon,B0D637HBP1,16.36,16.73,2025-01-13 00:00:00,2025-02-12 23:59:00
18062815702,Sales Discount,B0B2Q12FVY,16.74,18.6,2025-03-01 00:00:00,2025-03-31 23:59:00
18062815702,Sales Discount,B0D2319J4L,13.04,13.41,2025-03-01 00:00:00,2025-03-31 23:59:00
25401016002,Sales Discount,B0DJP4W7KC,20.94,23.27,2026-05-23 00:00:00,2026-06-06 23:59:00
18062815702,Sales Discount,B07WH27VXM,19.83,20.47,2025-03-01 00:00:00,2025-03-31 23:59:00
18062815702,Sales Discount,B08QVWRHP2,21.33,22.34,2025-03-01 00:00:00,2025-03-31 23:59:00
17492259202,Coupon,B0BX76VGXP,-0.93,0.0,2025-01-13 00:00:00,2025-02-12 23:59:00
17029211802,Sales Discount,B0DFCR6LPY,14.45,14.86,2024-12-11 00:00:00,2025-01-31 23:59:00
17492259202,Coupon,B07F1FKM3M,-1.07,0.0,2025-01-13 00:00:00,2025-02-12 23:59:00
17492259202,Coupon,B075FDD21R,15.59,15.79,2025-01-13 00:00:00,2025-02-12 23:59:00
da7ca825,Best Deal,B0C2QM9WK6,16.76,0.0,2025-05-21 00:00:00,2025-05-27 23:55:00
17492259202,Coupon,B075RGVV7G,15.43,15.79,2025-01-13 00:00:00,2025-02-12 23:59:00
18062815702,Sales Discount,B087JTHDN1,16.78,17.66,2025-03-01 00:00:00,2025-03-31 23:59:00
17492259202,Coupon,B0D47FKGDD,13.23,13.93,2025-01-13 00:00:00,2025-02-12 23:59:00
8f39fad6,Best Deal,B0CWPJTWXQ,15.96,14.92,2025-03-25 00:00:00,2025-03-31 23:55:00
17029211802,Sales Discount,B075T9G9YS,23.41,24.21,2024-12-11 00:00:00,2025-01-31 23:59:00
17492259202,Coupon,B08DCZD13T,18.13,18.6,2025-01-13 00:00:00,2025-02-12 23:59:00
18062815702,Sales Discount,B096W3WGCN,15.03,15.71,2025-03-01 00:00:00,2025-03-31 23:59:00
17492259202,Coupon,B08JC9XBGM,18.41,18.6,2025-01-13 00:00:00,2025-02-12 23:59:00
18062815702,Sales Discount,B081TJ62WV,17.79,18.6,2025-03-01 00:00:00,2025-03-31 23:59:00
18062815702,Sales Discount,B09NRH4J1C,19.03,19.68,2025-03-01 00:00:00,2025-03-31 23:59:00
17029211802,Sales Discount,B00SBSJ16C,15.89,17.66,2024-12-11 00:00:00,2025-01-31 23:59:00
776b9f88,Best Deal,B08NPB4GCD,15.11,0.0,2025-03-25 00:00:00,2025-03-31 23:55:00
17029211802,Sales Discount,B01FFWYJV8,16.74,18.6,2024-12-11 00:00:00,2025-01-31 23:59:00
17492259202,Coupon,B0BMQXCX1X,22.88,23.27,2025-01-13 00:00:00,2025-02-12 23:59:00
17492259202,Coupon,B08JCSQGVK,-0.7,0.0,2025-01-13 00:00:00,2025-02-12 23:59:00
17492259202,Coupon,B07B9FTCXV,23.77,24.21,2025-01-13 00:00:00,2025-02-12 23:59:00
17492259202,Coupon,B01MCZD91A,14.62,14.86,2025-01-13 00:00:00,2025-02-12 23:59:00
17029211802,Sales Discount,B0BK8X47M5,15.03,15.79,2024-12-11 00:00:00,2025-01-31 23:59:00
24409660702,Sales Discount,B08NPF3LJ7,17.67,18.6,2026-03-17 21:00:00,2026-03-31 23:59:00
17492259202,Coupon,B0BD81KP8K,18.17,18.6,2025-01-13 00:00:00,2025-02-12 23:59:00
18062815702,Sales Discount,B08VWKYVKS,17.97,18.09,2025-03-01 00:00:00,2025-03-31 23:59:00
17029211802,Sales Discount,B0BD88S1FW,13.71,14.14,2024-12-11 00:00:00,2025-01-31 23:59:00
17492259202,Coupon,B0DFCR6LPY,14.52,14.86,2025-01-13 00:00:00,2025-02-12 23:59:00
776b9f88,Best Deal,B08VWV18N7,17.66,0.0,2025-03-25 00:00:00,2025-03-31 23:55:00
17492259202,Coupon,B0BK8W6JM3,-0.93,0.0,2025-01-13 00:00:00,2025-02-12 23:59:00
18062815702,Sales Discount,B0BK8X47M5,13.67,14.06,2025-03-01 00:00:00,2025-03-31 23:59:00
17492259202,Coupon,B00XU8AUC2,18.17,18.6,2025-01-13 00:00:00,2025-02-12 23:59:00
da7ca825,Best Deal,B0CMV9BH8K,19.31,18.05,2025-05-21 00:00:00,2025-05-27 23:55:00
17029211802,Sales Discount,B0C2QPSPS6,17.67,18.6,2024-12-11 00:00:00,2025-01-31 23:59:00
17492259202,Coupon,B081TJ62WV,18.18,18.6,2025-01-13 00:00:00,2025-02-12 23:59:00
776b9f88,Best Deal,B08VX84KW4,16.81,15.71,2025-03-25 00:00:00,2025-03-31 23:55:00
18062815702,Sales Discount,B01BNV0IUQ,13.94,14.68,2025-03-01 00:00:00,2025-03-31 23:59:00
776b9f88,Best Deal,B0BK8X47M5,15.04,14.06,2025-03-25 00:00:00,2025-03-31 23:55:00
17492259202,Coupon,B087JK7673,17.67,18.6,2025-01-13 00:00:00,2025-02-12 23:59:00
17492259202,Coupon,B087JJ4M8H,24.77,26.07,2025-01-13 00:00:00,2025-02-12 23:59:00
17029211802,Sales Discount,B0CPJG6XL8,20.69,21.4,2024-12-11 00:00:00,2025-01-31 23:59:00
18062815702,Sales Discount,B08JC9XBGM,16.69,17.57,2025-03-01 00:00:00,2025-03-31 23:59:00
18062815702,Sales Discount,B08VX84KW4,17.73,18.6,2025-03-01 00:00:00,2025-03-31 23:59:00
18062815702,Sales Discount,B09NRH7WP6,10.85,12.06,2025-03-01 00:00:00,2025-03-31 23:59:00
17492259202,Coupon,B0BMQXCX1X,23.01,23.27,2025-01-13 00:00:00,2025-02-12 23:59:00
776b9f88,Best Deal,B08JC9XBGM,18.8,0.0,2025-03-25 00:00:00,2025-03-31 23:55:00
17492259202,Coupon,B08VWKYVKS,20.87,21.4,2025-01-13 00:00:00,2025-02-12 23:59:00
17029211802,Sales Discount,B096W3GD2S,21.69,22.34,2024-12-11 00:00:00,2025-01-31 23:59:00
17029211802,Sales Discount,B0BX76VGXP,18.26,18.6,2024-12-11 00:00:00,2025-01-31 23:59:00
18062815702,Sales Discount,B096W3WGCN,15.42,15.71,2025-03-01 00:00:00,2025-03-31 23:59:00
18062815702,Sales Discount,B0C948KKRG,15.06,16.73,2025-03-01 00:00:00,2025-03-31 23:59:00
17492259202,Coupon,B00XU8EF0K,17.67,18.6,2025-01-13 00:00:00,2025-02-12 23:59:00
17492259202,Coupon,B076MBD6KQ,15.53,15.79,2025-01-13 00:00:00,2025-02-12 23:59:00
18062815702,Sales Discount,B08DCY34MX,15.06,16.73,2025-03-01 00:00:00,2025-03-31 23:59:00
17029211802,Sales Discount,B08DDBGBZG,19.26,21.4,2024-12-11 00:00:00,2025-01-31 23:59:00
17492259202,Coupon,B096W5QCHX,21.04,21.4,2025-01-13 00:00:00,2025-02-12 23:59:00
17492259202,Coupon,B096W54FGM,16.31,16.73,2025-01-13 00:00:00,2025-02-12 23:59:00
da7ca825,Best Deal,B07C5Q7T4D,15.56,14.54,2025-05-21 00:00:00,2025-05-27 23:55:00
776b9f88,Best Deal,B0CMV8JRKN,16.81,0.0,2025-03-25 00:00:00,2025-03-31 23:55:00
25402148802,Sales Discount,B0CB87LMH1,36.28,37.29,2026-05-23 00:00:00,2026-06-06 23:59:00
18062815702,Sales Discount,B07WH27VXM,20.02,20.47,2025-03-01 00:00:00,2025-03-31 23:59:00
e5936dd2,Best Deal,B09TJTTP84,15.72,0.0,2024-12-26 00:00:00,2025-01-05 23:55:00
18062815702,Sales Discount,B08QVWRHP2,17.0,18.89,2025-03-01 00:00:00,2025-03-31 23:59:00
18465947002,Price Discount,B0DFCRTV9C,16.0,10.92,2025-03-25 16:31:00,2025-03-31 23:59:00
18062815702,Sales Discount,B091Z4JQBD,17.97,18.6,2025-03-01 00:00:00,2025-03-31 23:59:00
17029211802,Sales Discount,B07ZQHMLQY,18.42,18.6,2024-12-11 00:00:00,2025-01-31 23:59:00
17492259202,Coupon,B08QVWRHP2,21.8,22.34,2025-01-13 00:00:00,2025-02-12 23:59:00
776b9f88,Best Deal,B08XZMCR17,21.91,0.0,2025-03-25 00:00:00,2025-03-31 23:55:00
25401079802,Sales Discount,B0DHL6WSMT,23.46,26.07,2026-05-23 00:00:00,2026-06-06 23:59:00
18062815702,Sales Discount,B09JCNKXV5,15.01,15.79,2025-03-01 00:00:00,2025-03-31 23:59:00
24409660702,Sales Discount,B07WH27VXM,21.23,22.34,2026-03-17 21:00:00,2026-03-31 23:59:00
18062815702,Sales Discount,B0BK8W6JM3,17.67,18.6,2025-03-01 00:00:00,2025-03-31 23:59:00
17492259202,Coupon,B08XZLYCZ5,22.22,22.34,2025-01-13 00:00:00,2025-02-12 23:59:00
17029211802,Sales Discount,B0BMQXCX1X,20.94,23.27,2024-12-11 00:00:00,2025-01-31 23:59:00
17492259202,Coupon,B01MCZD91A,14.54,14.86,2025-01-13 00:00:00,2025-02-12 23:59:00
17492259202,Coupon,B0B6WCHGMK,13.23,13.93,2025-01-13 00:00:00,2025-02-12 23:59:00
17492259202,Coupon,B08VWKYVKS,20.95,21.4,2025-01-13 00:00:00,2025-02-12 23:59:00
17029211802,Sales Discount,B087JJ4M8H,25.39,26.07,2024-12-11 00:00:00,2025-01-31 23:59:00
18062815702,Sales Discount,B0CPJG6XL8,16.28,18.09,2025-03-01 00:00:00,2025-03-31 23:59:00
18062815702,Sales Discount,B082XFKXJ2,18.32,18.6,2025-03-01 00:00:00,2025-03-31 23:59:00
18062815702,Sales Discount,B01CYDY6TQ,18.15,18.6,2025-03-01 00:00:00,2025-03-31 23:59:00
17492259202,Coupon,B08QVYP7YH,21.84,22.34,2025-01-13 00:00:00,2025-02-12 23:59:00
18062815702,Sales Discount,B0CWPJTWXQ,13.42,14.92,2025-03-01 00:00:00,2025-03-31 23:59:00
18062815702,Sales Discount,B08NPF3LJ7,16.74,18.6,2025-03-01 00:00:00,2025-03-31 23:59:00
17492259202,Coupon,B07F1FKM3M,21.11,21.4,2025-01-13 00:00:00,2025-02-12 23:59:00
17029211802,Sales Discount,B0CPJFC9BP,18.42,20.47,2024-12-11 00:00:00,2025-01-31 23:59:00
18062815702,Sales Discount,B0B2PSK2MC,21.09,21.4,2025-03-01 00:00:00,2025-03-31 23:59:00
17492259202,Coupon,B075FDQ6KJ,23.69,24.21,2025-01-13 00:00:00,2025-02-12 23:59:00
17492259202,Coupon,B00RCYQUII,13.73,13.93,2025-01-13 00:00:00,2025-02-12 23:59:00
25401079802,Sales Discount,B0C93RMXRR,27.67,30.75,2026-05-23 00:00:00,2026-06-06 23:59:00
18062815702,Sales Discount,B0CCJ8R191,16.55,16.68,2025-03-01 00:00:00,2025-03-31 23:59:00
17029211802,Sales Discount,B09C6HJ2CC,16.78,17.66,2024-12-11 00:00:00,2025-01-31 23:59:00
776b9f88,Best Deal,B09TJXDWKF,20.21,18.89,2025-03-25 00:00:00,2025-03-31 23:55:00
17492259202,Coupon,B096W3GD2S,21.84,22.34,2025-01-13 00:00:00,2025-02-12 23:59:00
18062815702,Sales Discount,B08JC9NN3X,15.06,16.73,2025-03-01 00:00:00,2025-03-31 23:59:00
18062815702,Sales Discount,B09NRH4J1C,20.94,23.27,2025-03-01 00:00:00,2025-03-31 23:59:00
17492259202,Coupon,B09C6HJ2CC,17.28,17.66,2025-01-13 00:00:00,2025-02-12 23:59:00
776b9f88,Best Deal,B08VWKYVKS,19.36,18.09,2025-03-25 00:00:00,2025-03-31 23:55:00
17492259202,Coupon,B096W54FGM,16.36,16.73,2025-01-13 00:00:00,2025-02-12 23:59:00
17492259202,Coupon,B0BMQXCX1X,22.78,23.27,2025-01-13 00:00:00,2025-02-12 23:59:00
17492259202,Coupon,B0D22XWFBT,16.77,17.66,2025-01-13 00:00:00,2025-02-12 23:59:00
17492259202,Coupon,B0D637HBP1,16.33,16.73,2025-01-13 00:00:00,2025-02-12 23:59:00
17029211802,Sales Discount,B0CS6HDRFW,11.26,12.51,2024-12-11 00:00:00,2025-01-31 23:59:00
18062815702,Sales Discount,B0BMQXCX1X,22.87,23.27,2025-03-01 00:00:00,2025-03-31 23:59:00
8f39fad6,Best Deal,B0D63B1QGN,15.11,14.12,2025-03-25 00:00:00,2025-03-31 23:55:00
776b9f88,Best Deal,B09C6FWGJR,21.91,0.0,2025-03-25 00:00:00,2025-03-31 23:55:00
17029211802,Sales Discount,B0B2PSK2MC,21.21,21.4,2024-12-11 00:00:00,2025-01-31 23:59:00
18341715402,Coupon,B0DFCR6LPY,11.9,12.53,2025-03-24 00:00:00,2025-04-23 23:59:00
18062815702,Sales Discount,B096W3GD2S,17.0,18.89,2025-03-01 00:00:00,2025-03-31 23:59:00
e5936dd2,Best Deal,B0BSQX5P4L,15.1,14.11,2024-12-26 00:00:00,2025-01-05 23:55:00
17492259202,Coupon,B0BD81KP8K,18.38,18.6,2025-01-13 00:00:00,2025-02-12 23:59:00
e5936dd2,Best Deal,B08DDBGBZG,19.09,0.0,2024-12-26 00:00:00,2025-01-05 23:55:00
18062815702,Sales Discount,B08QVYP7YH,21.96,22.34,2025-03-01 00:00:00,2025-03-31 23:59:00
da7ca825,Best Deal,B0DGGVW1NH,16.0,14.95,2025-05-21 00:00:00,2025-05-27 23:55:00
17029211802,Sales Discount,B0BMQXCX1X,22.53,23.27,2024-12-11 00:00:00,2025-01-31 23:59:00
17029211802,Sales Discount,B08QVWRHP2,21.22,22.34,2024-12-11 00:00:00,2025-01-31 23:59:00
17492259202,Coupon,B0BSQX5P4L,16.77,17.66,2025-01-13 00:00:00,2025-02-12 23:59:00
18062815702,Sales Discount,B0CHWM51XY,14.21,15.79,2025-03-01 00:00:00,2025-03-31 23:59:00
18062815702,Sales Discount,B0DFCR6LPY,11.28,12.53,2025-03-01 00:00:00,2025-03-31 23:59:00
18062815702,Sales Discount,B076MBD6KQ,11.8,12.42,2025-03-01 00:00:00,2025-03-31 23:59:00
776b9f88,Best Deal,B0BSQVQX75,18.04,0.0,2025-03-25 00:00:00,2025-03-31 23:55:00
18062815702,Sales Discount,B082XFTS6H,20.11,22.34,2025-03-01 00:00:00,2025-03-31 23:59:00
18062815702,Sales Discount,B06Y3Q6XNX,21.22,22.34,2025-03-01 00:00:00,2025-03-31 23:59:00
741558242,Sales Discount,B0DGGWX7WN,10.26,12.06,2019-10-15 13:00:00,2025-10-30 10:28:00
17492259202,Coupon,B07J5M5PZW,17.44,17.66,2025-01-13 00:00:00,2025-02-12 23:59:00
17029211802,Sales Discount,B0C2QM9WK6,17.77,18.6,2024-12-11 00:00:00,2025-01-31 23:59:00
da7ca825,Best Deal,B0DQDRRFPF,10.06,9.4,2025-05-21 00:00:00,2025-05-27 23:55:00
17492259202,Coupon,B0CMV8JRKN,18.13,18.6,2025-01-13 00:00:00,2025-02-12 23:59:00
776b9f88,Best Deal,B08VWF8Y96,16.81,0.0,2025-03-25 00:00:00,2025-03-31 23:55:00
17492259202,Coupon,B09C6FG128,24.64,25.14,2025-01-13 00:00:00,2025-02-12 23:59:00
776b9f88,Best Deal,B0BSQVND4T,19.36,18.09,2025-03-25 00:00:00,2025-03-31 23:55:00
17492259202,Coupon,B08JCSQGVK,-0.71,0.0,2025-01-13 00:00:00,2025-02-12 23:59:00
18062815702,Sales Discount,B082XFTS6H,21.59,22.34,2025-03-01 00:00:00,2025-03-31 23:59:00
17492259202,Coupon,B09TJTTP84,18.17,18.6,2025-01-13 00:00:00,2025-02-12 23:59:00
17492259202,Coupon,B00XU8EF0K,16.33,16.73,2025-01-13 00:00:00,2025-02-12 23:59:00
e5936dd2,Best Deal,B0D47FKGDD,11.82,11.05,2024-12-26 00:00:00,2025-01-05 23:55:00
8f39fad6,Best Deal,B0D92MFDPB,16.81,15.71,2025-03-25 00:00:00,2025-03-31 23:55:00
da7ca825,Best Deal,B0D63B5WBM,12.51,0.0,2025-05-21 00:00:00,2025-05-27 23:55:00
17492259202,Coupon,B091Z4JQBD,18.14,18.6,2025-01-13 00:00:00,2025-02-12 23:59:00
17029211802,Sales Discount,B0BK8STFVG,18.42,18.6,2024-12-11 00:00:00,2025-01-31 23:59:00
17492259202,Coupon,B01G7428BG,21.07,21.4,2025-01-13 00:00:00,2025-02-12 23:59:00
18062815702,Sales Discount,B0DGGWX7WN,11.52,12.06,2025-03-01 00:00:00,2025-03-31 23:59:00
18062815702,Sales Discount,B076MBD6KQ,14.21,15.79,2025-03-01 00:00:00,2025-03-31 23:59:00
17029211802,Sales Discount,B09TJTTP84,13.22,14.69,2024-12-11 00:00:00,2025-01-31 23:59:00
17029211802,Sales Discount,B08XZLYCZ5,21.23,22.34,2024-12-11 00:00:00,2025-01-31 23:59:00
17492259202,Coupon,B0B6WCHGMK,13.6,13.93,2025-01-13 00:00:00,2025-02-12 23:59:00
17029211802,Sales Discount,B075FDD21R,14.21,15.79,2024-12-11 00:00:00,2025-01-31 23:59:00
8f39fad6,Best Deal,B0D2319J4L,14.35,13.41,2025-03-25 00:00:00,2025-03-31 23:55:00
18062815702,Sales Discount,B09C6HJ2CC,17.11,17.66,2025-03-01 00:00:00,2025-03-31 23:59:00
17492259202,Coupon,B0BK8X47M5,15.0,15.79,2025-01-13 00:00:00,2025-02-12 23:59:00
18062815702,Sales Discount,B08QVWRHP2,21.61,22.34,2025-03-01 00:00:00,2025-03-31 23:59:00
25402148802,Sales Discount,B0C93RMXRR,27.68,30.75,2026-05-23 00:00:00,2026-06-06 23:59:00
17492259202,Coupon,B08VX84KW4,18.37,18.6,2025-01-13 00:00:00,2025-02-12 23:59:00
17492259202,Coupon,B09XBM26YT,17.22,17.66,2025-01-13 00:00:00,2025-02-12 23:59:00
25401079802,Sales Discount,B0C93RMXRR,30.06,30.75,2026-05-23 00:00:00,2026-06-06 23:59:00
18062815702,Sales Discount,B08DCXNCWS,17.72,18.6,2025-03-01 00:00:00,2025-03-31 23:59:00
17492259202,Coupon,B0C6FHKNM7,22.1,23.27,2025-01-13 00:00:00,2025-02-12 23:59:00
e5936dd2,Best Deal,B0D22ZQTSC,17.47,0.0,2024-12-26 00:00:00,2025-01-05 23:55:00
17492259202,Coupon,B08XZMCR17,24.09,24.21,2025-01-13 00:00:00,2025-02-12 23:59:00
17492259202,Coupon,B07R5XPNMP,18.13,18.6,2025-01-13 00:00:00,2025-02-12 23:59:00
17029211802,Sales Discount,B00XJE09CI,19.1,19.53,2024-12-11 00:00:00,2025-01-31 23:59:00
776b9f88,Best Deal,B08B8SJK6K,21.91,0.0,2025-03-25 00:00:00,2025-03-31 23:55:00
17492259202,Coupon,B08JC9XBGM,18.18,18.6,2025-01-13 00:00:00,2025-02-12 23:59:00
17492259202,Coupon,B06Y3Q6XNX,21.86,22.34,2025-01-13 00:00:00,2025-02-12 23:59:00
e5936dd2,Best Deal,B0C2QPSPS6,15.72,14.69,2024-12-26 00:00:00,2025-01-05 23:55:00
18062815702,Sales Discount,B085YDZPXM,20.57,22.86,2025-03-01 00:00:00,2025-03-31 23:59:00
17492259202,Coupon,B0D638MLB2,17.5,17.66,2025-01-13 00:00:00,2025-02-12 23:59:00
17492259202,Coupon,B00RCYQUII,13.69,13.93,2025-01-13 00:00:00,2025-02-12 23:59:00
17029211802,Sales Discount,B08DCZD13T,16.74,18.6,2024-12-11 00:00:00,2025-01-31 23:59:00
18062815702,Sales Discount,B087JHVV7T,15.25,15.71,2025-03-01 00:00:00,2025-03-31 23:59:00
17029211802,Sales Discount,B08DDBGBZG,-0.86,0.0,2024-12-11 00:00:00,2025-01-31 23:59:00
18062815702,Sales Discount,B08XZLYCZ5,19.01,21.12,2025-03-01 00:00:00,2025-03-31 23:59:00
18062815702,Sales Discount,B091Z1H8RK,17.71,19.68,2025-03-01 00:00:00,2025-03-31 23:59:00
17492259202,Coupon,B08XZLYCZ5,22.01,22.34,2025-01-13 00:00:00,2025-02-12 23:59:00
17492259202,Coupon,B0BD85KJQV,22.14,22.34,2025-01-13 00:00:00,2025-02-12 23:59:00
17492259202,Coupon,B01MCZD91A,-0.75,0.0,2025-01-13 00:00:00,2025-02-12 23:59:00
17492259202,Coupon,B0CPJFC9BP,20.26,20.47,2025-01-13 00:00:00,2025-02-12 23:59:00
18062815702,Sales Discount,B0BK8WLZT5,17.1,17.66,2025-03-01 00:00:00,2025-03-31 23:59:00
17029211802,Sales Discount,B086XBB126,15.05,15.79,2024-12-11 00:00:00,2025-01-31 23:59:00
17492259202,Coupon,B0CPJFC9BP,20.04,20.47,2025-01-13 00:00:00,2025-02-12 23:59:00
17492259202,Coupon,B0DGGVW1NH,16.77,17.66,2025-01-13 00:00:00,2025-02-12 23:59:00
18062815702,Sales Discount,B085YDZPXM,24.31,27.01,2025-03-01 00:00:00,2025-03-31 23:59:00
17492259202,Coupon,B06Y3Q6XNX,21.22,22.34,2025-01-13 00:00:00,2025-02-12 23:59:00
16105181202,Sales Discount,B096W5QCHX,17.12,21.4,2024-10-10 00:01:00,2025-03-31 23:59:00
18062815702,Sales Discount,B0BD85KJQV,18.17,18.89,2025-03-01 00:00:00,2025-03-31 23:59:00
18062815702,Sales Discount,B00RCYQUII,13.31,13.93,2025-03-01 00:00:00,2025-03-31 23:59:00
17492259202,Coupon,B01BNV0IUQ,18.16,18.6,2025-01-13 00:00:00,2025-02-12 23:59:00
17492259202,Coupon,B07B9NWQ61,15.58,15.79,2025-01-13 00:00:00,2025-02-12 23:59:00
17029211802,Sales Discount,B094R1JQ6K,17.67,18.6,2024-12-11 00:00:00,2025-01-31 23:59:00
17492259202,Coupon,B0BSQVND4T,21.13,21.4,2025-01-13 00:00:00,2025-02-12 23:59:00
25401079802,Sales Discount,B0C93RMXRR,27.68,30.75,2026-05-23 00:00:00,2026-06-06 23:59:00
17492259202,Coupon,B0BK8X47M5,15.4,15.79,2025-01-13 00:00:00,2025-02-12 23:59:00
17492259202,Coupon,B0CMV9BH8K,21.07,21.4,2025-01-13 00:00:00,2025-02-12 23:59:00
25401016002,Sales Discount,B0C93RMXRR,30.24,30.75,2026-05-23 00:00:00,2026-06-06 23:59:00
17492259202,Coupon,B075FDD21R,15.45,15.79,2025-01-13 00:00:00,2025-02-12 23:59:00
17492259202,Coupon,B096W3WGCN,17.67,18.6,2025-01-13 00:00:00,2025-02-12 23:59:00
18062815702,Sales Discount,B08GCFFDMH,15.22,15.71,2025-03-01 00:00:00,2025-03-31 23:59:00
17492259202,Coupon,B0BD81KP8K,17.67,18.6,2025-01-13 00:00:00,2025-02-12 23:59:00
776b9f88,Best Deal,B09GD1YKWW,16.81,15.71,2025-03-25 00:00:00,2025-03-31 23:55:00
17492259202,Coupon,B01BNV0IUQ,17.77,18.6,2025-01-13 00:00:00,2025-02-12 23:59:00
18062815702,Sales Discount,B00SBSJ16C,17.39,17.66,2025-03-01 00:00:00,2025-03-31 23:59:00
8f39fad6,Best Deal,B075FDQ6KJ,21.91,20.48,2025-03-25 00:00:00,2025-03-31 23:55:00
18062815702,Sales Discount,B0DFCQLLSY,11.69,12.99,2025-03-01 00:00:00,2025-03-31 23:59:00
17492259202,Coupon,B08NPB4GCD,16.36,16.73,2025-01-13 00:00:00,2025-02-12 23:59:00
17492259202,Coupon,B09C6FWGJR,23.0,24.21,2025-01-13 00:00:00,2025-02-12 23:59:00
17029211802,Sales Discount,B00RCYQUII,12.54,13.93,2024-12-11 00:00:00,2025-01-31 23:59:00
17029211802,Sales Discount,B07WH27VXM,14.98,15.45,2024-12-11 00:00:00,2025-01-31 23:59:00
18341715402,Coupon,B0DK9L5MWL,10.37,10.92,2025-03-24 00:00:00,2025-04-23 23:59:00
776b9f88,Best Deal,B07NNVS8M4,21.91,0.0,2025-03-25 00:00:00,2025-03-31 23:55:00
18062815702,Sales Discount,B08XZMCR17,23.16,24.21,2025-03-01 00:00:00,2025-03-31 23:59:00
17492259202,Coupon,B01MCZD91A,14.49,14.86,2025-01-13 00:00:00,2025-02-12 23:59:00
17029211802,Sales Discount,B08B8SJK6K,21.79,24.21,2024-12-11 00:00:00,2025-01-31 23:59:00
18062815702,Sales Discount,B08VWF8Y96,14.92,15.71,2025-03-01 00:00:00,2025-03-31 23:59:00
25402148802,Sales Discount,B0DHL6WSMT,24.77,26.07,2026-05-23 00:00:00,2026-06-06 23:59:00
17492259202,Coupon,B08QVYP7YH,21.8,22.34,2025-01-13 00:00:00,2025-02-12 23:59:00
17492259202,Coupon,B0B6WCHGMK,13.62,13.93,2025-01-13 00:00:00,2025-02-12 23:59:00
17029211802,Sales Discount,B09XBM26YT,17.13,17.66,2024-12-11 00:00:00,2025-01-31 23:59:00
17029211802,Sales Discount,B08QVYP7YH,21.59,22.34,2024-12-11 00:00:00,2025-01-31 23:59:00
17029211802,Sales Discount,B075T82C1X,18.1,18.6,2024-12-11 00:00:00,2025-01-31 23:59:00
18062815702,Sales Discount,B0D92MHJL8,12.54,13.93,2025-03-01 00:00:00,2025-03-31 23:59:00
18062815702,Sales Discount,B0BMQXCX1X,16.53,18.37,2025-03-01 00:00:00,2025-03-31 23:59:00
17029211802,Sales Discount,B0BSQVND4T,20.34,21.4,2024-12-11 00:00:00,2025-01-31 23:59:00
18062815702,Sales Discount,B076MKZHV4,20.33,21.4,2025-03-01 00:00:00,2025-03-31 23:59:00
17492259202,Coupon,B0BK8X47M5,-0.79,0.0,2025-01-13 00:00:00,2025-02-12 23:59:00
25402148802,Sales Discount,B0CKTFRW2T,22.89,23.27,2026-05-23 00:00:00,2026-06-06 23:59:00
18062815702,Sales Discount,B0DGGVW1NH,13.5,15.0,2025-03-01 00:00:00,2025-03-31 23:59:00
17492259202,Coupon,B08QVWRHP2,21.78,22.34,2025-01-13 00:00:00,2025-02-12 23:59:00
17492259202,Coupon,B087JK7673,18.16,18.6,2025-01-13 00:00:00,2025-02-12 23:59:00
17492259202,Coupon,B096W3WGCN,-0.93,0.0,2025-01-13 00:00:00,2025-02-12 23:59:00
18062815702,Sales Discount,B0CCJVV9GF,18.42,20.47,2025-03-01 00:00:00,2025-03-31 23:59:00
17029211802,Sales Discount,B081TJ62WV,17.98,18.6,2024-12-11 00:00:00,2025-01-31 23:59:00
17492259202,Coupon,B08JC9NN3X,16.31,16.73,2025-01-13 00:00:00,2025-02-12 23:59:00
17492259202,Coupon,B01D3FVKWA,17.28,17.66,2025-01-13 00:00:00,2025-02-12 23:59:00
16105181202,Sales Discount,B0CMV9BH8K,14.47,18.09,2024-10-10 00:01:00,2025-03-31 23:59:00
17492259202,Coupon,B07B9NWQ61,15.66,15.79,2025-01-13 00:00:00,2025-02-12 23:59:00
17029211802,Sales Discount,B0BK8X47M5,15.12,15.79,2024-12-11 00:00:00,2025-01-31 23:59:00
17492259202,Coupon,B0CMV9BH8K,21.21,21.4,2025-01-13 00:00:00,2025-02-12 23:59:00
8f39fad6,Best Deal,B0D232K3RP,11.71,10.94,2025-03-25 00:00:00,2025-03-31 23:55:00
25402148802,Sales Discount,B0DR9CLXV5,12.53,13.93,2026-05-23 00:00:00,2026-06-06 23:59:00
17492259202,Coupon,B09C6HJ2CC,17.24,17.66,2025-01-13 00:00:00,2025-02-12 23:59:00
17492259202,Coupon,B085YFBCNL,21.88,22.34,2025-01-13 00:00:00,2025-02-12 23:59:00
25401016002,Sales Discount,B0CB87LMH1,33.56,37.29,2026-05-23 00:00:00,2026-06-06 23:59:00
17492259202,Coupon,B01G7428BG,20.93,21.4,2025-01-13 00:00:00,2025-02-12 23:59:00
17492259202,Coupon,B075RGVV7G,15.0,15.79,2025-01-13 00:00:00,2025-02-12 23:59:00
18062815702,Sales Discount,B06XR9VG7N,17.67,18.6,2025-03-01 00:00:00,2025-03-31 23:59:00
17492259202,Coupon,B077QQ2XV8,17.54,17.66,2025-01-13 00:00:00,2025-02-12 23:59:00
17492259202,Coupon,B0BD85KJQV,22.0,22.34,2025-01-13 00:00:00,2025-02-12 23:59:00
18062815702,Sales Discount,B08DCZD13T,14.14,15.71,2025-03-01 00:00:00,2025-03-31 23:59:00
17492259202,Coupon,B00RBUM5JQ,19.96,20.47,2025-01-13 00:00:00,2025-02-12 23:59:00
8f39fad6,Best Deal,B0D47DZG2Q,11.72,10.95,2025-03-25 00:00:00,2025-03-31 23:55:00
17029211802,Sales Discount,B08DDBGBZG,17.31,17.84,2024-12-11 00:00:00,2025-01-31 23:59:00
17492259202,Coupon,B09C6GDG72,20.87,21.4,2025-01-13 00:00:00,2025-02-12 23:59:00
17492259202,Coupon,B096W5QCHX,21.07,21.4,2025-01-13 00:00:00,2025-02-12 23:59:00
18062815702,Sales Discount,B01G7428BG,20.41,21.4,2025-03-01 00:00:00,2025-03-31 23:59:00
17492259202,Coupon,B0CCJ9PLHV,18.31,18.6,2025-01-13 00:00:00,2025-02-12 23:59:00
17492259202,Coupon,B08DCXNCWS,18.13,18.6,2025-01-13 00:00:00,2025-02-12 23:59:00
e5936dd2,Best Deal,B0C947V4GH,15.81,14.78,2024-12-26 00:00:00,2025-01-05 23:55:00
18062815702,Sales Discount,B08GCTM58N,17.98,18.6,2025-03-01 00:00:00,2025-03-31 23:59:00
17492259202,Coupon,B0DFCR6LPY,14.65,14.86,2025-01-13 00:00:00,2025-02-12 23:59:00
17492259202,Coupon,B08XZMCR17,22.99,24.21,2025-01-13 00:00:00,2025-02-12 23:59:00
18062815702,Sales Discount,B07J5M5PZW,15.89,17.66,2025-03-01 00:00:00,2025-03-31 23:59:00
18062815702,Sales Discount,B0D638MLB2,15.89,17.66,2025-03-01 00:00:00,2025-03-31 23:59:00
17492259202,Coupon,B07WH27VXM,20.15,20.47,2025-01-13 00:00:00,2025-02-12 23:59:00
17029211802,Sales Discount,B00XU8AUC2,18.01,18.6,2024-12-11 00:00:00,2025-01-31 23:59:00
18062815702,Sales Discount,B09JCMLXP5,21.79,24.21,2025-03-01 00:00:00,2025-03-31 23:59:00
17492259202,Coupon,B0D637HBP1,16.52,16.73,2025-01-13 00:00:00,2025-02-12 23:59:00
17492259202,Coupon,B08JC2YLYL,18.17,18.6,2025-01-13 00:00:00,2025-02-12 23:59:00
17492259202,Coupon,B0CWPJTWXQ,17.48,17.66,2025-01-13 00:00:00,2025-02-12 23:59:00
17492259202,Coupon,B0CPJFC9BP,19.44,20.47,2025-01-13 00:00:00,2025-02-12 23:59:00
17029211802,Sales Discount,B08JC9NN3X,16.21,16.73,2024-12-11 00:00:00,2025-01-31 23:59:00
776b9f88,Best Deal,B07B9NWQ61,14.26,13.33,2025-03-25 00:00:00,2025-03-31 23:55:00
776b9f88,Best Deal,B08XZLYCZ5,22.6,21.12,2025-03-25 00:00:00,2025-03-31 23:55:00
38329440,Best Deal,B0DGGVW1NH,16.05,15.0,2025-03-25 00:00:00,2025-03-31 23:55:00
17492259202,Coupon,B0D22ZQTSC,19.98,20.47,2025-01-13 00:00:00,2025-02-12 23:59:00
17029211802,Sales Discount,B07KJMHWGW,16.74,18.6,2024-12-11 00:00:00,2025-01-31 23:59:00
17029211802,Sales Discount,B08JC2YLYL,13.96,14.69,2024-12-11 00:00:00,2025-01-31 23:59:00
18062815702,Sales Discount,B0CMV9BH8K,19.26,21.4,2025-03-01 00:00:00,2025-03-31 23:59:00
e5936dd2,Best Deal,B0D2322MMQ,14.25,13.32,2024-12-26 00:00:00,2025-01-05 23:55:00
16105181202,Sales Discount,B075FDQ6KJ,19.37,24.21,2024-10-10 00:01:00,2025-03-31 23:59:00
17492259202,Coupon,B01G7428BG,20.88,21.4,2025-01-13 00:00:00,2025-02-12 23:59:00
17029211802,Sales Discount,B0C6FJQ7S5,13.33,14.82,2024-12-11 00:00:00,2025-01-31 23:59:00
16105181202,Sales Discount,B08VX84KW4,14.88,18.6,2024-10-10 00:01:00,2025-03-31 23:59:00
17029211802,Sales Discount,B091Z4JQBD,17.67,18.6,2024-12-11 00:00:00,2025-01-31 23:59:00
18341715402,Coupon,B0DFCR6LPY,14.12,14.86,2025-03-24 00:00:00,2025-04-23 23:59:00
17029211802,Sales Discount,B01BNV0IUQ,13.3,14.78,2024-12-11 00:00:00,2025-01-31 23:59:00
17492259202,Coupon,B096W3GD2S,22.01,22.34,2025-01-13 00:00:00,2025-02-12 23:59:00
25402148802,Sales Discount,B0CB87LMH1,36.05,37.29,2026-05-23 00:00:00,2026-06-06 23:59:00
776b9f88,Best Deal,B08NPF3LJ7,16.9,15.79,2025-03-25 00:00:00,2025-03-31 23:55:00
16105181202,Sales Discount,B08QVWRHP2,15.12,18.89,2024-10-10 00:01:00,2025-03-31 23:59:00
17492259202,Coupon,B082XFTS6H,21.22,22.34,2025-01-13 00:00:00,2025-02-12 23:59:00
17492259202,Coupon,B08DCXNCWS,17.67,18.6,2025-01-13 00:00:00,2025-02-12 23:59:00
17492259202,Coupon,B09GD1YKWW,-0.93,0.0,2025-01-13 00:00:00,2025-02-12 23:59:00
18062815702,Sales Discount,B0D232K3RP,12.35,12.99,2025-03-01 00:00:00,2025-03-31 23:59:00
17029211802,Sales Discount,B096W2GHQV,14.07,14.81,2024-12-11 00:00:00,2025-01-31 23:59:00
17492259202,Coupon,B07J5M5PZW,-0.89,0.0,2025-01-13 00:00:00,2025-02-12 23:59:00
18062815702,Sales Discount,B072VJ9FFZ,15.01,16.68,2025-03-01 00:00:00,2025-03-31 23:59:00
17492259202,Coupon,B0BK8X47M5,15.42,15.79,2025-01-13 00:00:00,2025-02-12 23:59:00
25401016002,Sales Discount,B0CB8ZB9KT,15.06,16.73,2026-05-23 00:00:00,2026-06-06 23:59:00
e5936dd2,Best Deal,B0CHSLDL5K,11.01,10.29,2024-12-26 00:00:00,2025-01-05 23:55:00
16105181202,Sales Discount,B091Z4JQBD,14.88,18.6,2024-10-10 00:01:00,2025-03-31 23:59:00
17492259202,Coupon,B07NNVS8M4,22.99,24.21,2025-01-13 00:00:00,2025-02-12 23:59:00
e5936dd2,Best Deal,B07WH27VXM,16.53,0.0,2024-12-26 00:00:00,2025-01-05 23:55:00
17029211802,Sales Discount,B0B2PSK2MC,20.33,21.4,2024-12-11 00:00:00,2025-01-31 23:59:00
17492259202,Coupon,B0BK8STFVG,18.47,18.6,2025-01-13 00:00:00,2025-02-12 23:59:00
17029211802,Sales Discount,B096W3GD2S,20.11,22.34,2024-12-11 00:00:00,2025-01-31 23:59:00
18062815702,Sales Discount,B07F1FKM3M,20.33,21.4,2025-03-01 00:00:00,2025-03-31 23:59:00
17492259202,Coupon,B06Y3Q6XNX,21.84,22.34,2025-01-13 00:00:00,2025-02-12 23:59:00
18062815702,Sales Discount,B0D63B1QGN,15.06,16.73,2025-03-01 00:00:00,2025-03-31 23:59:00
776b9f88,Best Deal,B0BD81KP8K,16.81,0.0,2025-03-25 00:00:00,2025-03-31 23:55:00
17029211802,Sales Discount,B0BD81KP8K,16.74,18.6,2024-12-11 00:00:00,2025-01-31 23:59:00
17029211802,Sales Discount,B077QQ2XV8,15.89,17.66,2024-12-11 00:00:00,2025-01-31 23:59:00
17492259202,Coupon,B084GVXC4C,15.0,15.79,2025-01-13 00:00:00,2025-02-12 23:59:00
17492259202,Coupon,B091Z4JQBD,18.34,18.6,2025-01-13 00:00:00,2025-02-12 23:59:00
18062815702,Sales Discount,B09JCMLXP5,19.59,20.48,2025-03-01 00:00:00,2025-03-31 23:59:00
17492259202,Coupon,B08JC2YLYL,18.44,18.6,2025-01-13 00:00:00,2025-02-12 23:59:00
18341715402,Coupon,B0DQDRRFPF,10.56,11.12,2025-03-24 00:00:00,2025-04-23 23:59:00
17492259202,Coupon,B09C6FWGJR,24.08,24.21,2025-01-13 00:00:00,2025-02-12 23:59:00
17492259202,Coupon,B0CMV8JRKN,17.67,18.6,2025-01-13 00:00:00,2025-02-12 23:59:00
e5936dd2,Best Deal,B0D22ZSZ2H,15.95,14.91,2024-12-26 00:00:00,2025-01-05 23:55:00
17492259202,Coupon,B08XZMCR17,-1.22,0.0,2025-01-13 00:00:00,2025-02-12 23:59:00
18062815702,Sales Discount,B072VJ9FFZ,16.34,16.68,2025-03-01 00:00:00,2025-03-31 23:59:00
17492259202,Coupon,B0BMQXCX1X,22.76,23.27,2025-01-13 00:00:00,2025-02-12 23:59:00
17492259202,Coupon,B086XBB126,15.4,15.79,2025-01-13 00:00:00,2025-02-12 23:59:00
18062815702,Sales Discount,B01MCZD91A,14.12,14.86,2025-03-01 00:00:00,2025-03-31 23:59:00
17492259202,Coupon,B09XBM26YT,17.39,17.66,2025-01-13 00:00:00,2025-02-12 23:59:00
17029211802,Sales Discount,B01CYDY6TQ,16.74,18.6,2024-12-11 00:00:00,2025-01-31 23:59:00
17029211802,Sales Discount,B00RCYQUII,-1.39,0.0,2024-12-11 00:00:00,2025-01-31 23:59:00
17492259202,Coupon,B07F1FKM3M,21.18,21.4,2025-01-13 00:00:00,2025-02-12 23:59:00
25401079802,Sales Discount,B0CB8ZB9KT,15.06,16.73,2026-05-23 00:00:00,2026-06-06 23:59:00
17029211802,Sales Discount,B091Z4JQBD,16.74,18.6,2024-12-11 00:00:00,2025-01-31 23:59:00
18062815702,Sales Discount,B07WH27VXM,20.13,20.47,2025-03-01 00:00:00,2025-03-31 23:59:00
17029211802,Sales Discount,B0BK8STFVG,16.74,18.6,2024-12-11 00:00:00,2025-01-31 23:59:00
776b9f88,Best Deal,B08JCSQGVK,14.05,13.13,2025-03-25 00:00:00,2025-03-31 23:55:00
25401079802,Sales Discount,B0C93RMXRR,29.91,30.75,2026-05-23 00:00:00,2026-06-06 23:59:00
17492259202,Coupon,B08GCFFDMH,17.67,18.6,2025-01-13 00:00:00,2025-02-12 23:59:00
17492259202,Coupon,B09XBM26YT,16.78,17.66,2025-01-13 00:00:00,2025-02-12 23:59:00
17492259202,Coupon,B0CCJ9PLHV,17.67,18.6,2025-01-13 00:00:00,2025-02-12 23:59:00
17965660802,Price Discount,B08JCRVJX7,15.0,14.22,2025-02-24 00:00:00,2025-02-28 23:59:00
17492259202,Coupon,B08JC9XBGM,18.3,18.6,2025-01-13 00:00:00,2025-02-12 23:59:00
18062815702,Sales Discount,B08QVYP7YH,17.68,18.61,2025-03-01 00:00:00,2025-03-31 23:59:00
17492259202,Coupon,B0CWPJTWXQ,17.27,17.66,2025-01-13 00:00:00,2025-02-12 23:59:00
18062815702,Sales Discount,B0CPJG6XL8,20.87,21.4,2025-03-01 00:00:00,2025-03-31 23:59:00
18062815702,Sales Discount,B0BSQVND4T,17.19,18.09,2025-03-01 00:00:00,2025-03-31 23:59:00
19033034602,Sales Discount,B0DFCR6LPY,11.86,12.49,2025-05-02 23:00:00,2025-09-30 23:59:00
17492259202,Coupon,B07B9NWQ61,15.0,15.79,2025-01-13 00:00:00,2025-02-12 23:59:00
17029211802,Sales Discount,B09TJTTP84,17.67,18.6,2024-12-11 00:00:00,2025-01-31 23:59:00
17492259202,Coupon,B08DDBGBZG,20.86,21.4,2025-01-13 00:00:00,2025-02-12 23:59:00
17492259202,Coupon,B096W5QCHX,20.9,21.4,2025-01-13 00:00:00,2025-02-12 23:59:00
18062815702,Sales Discount,B072VJ9FFZ,15.9,17.66,2025-03-01 00:00:00,2025-03-31 23:59:00
8f39fad6,Best Deal,B0D26DXLP4,20.21,18.89,2025-03-25 00:00:00,2025-03-31 23:55:00
18062815702,Sales Discount,B075FDD21R,14.21,15.79,2025-03-01 00:00:00,2025-03-31 23:59:00
18062815702,Sales Discount,B08JC2YLYL,17.76,18.6,2025-03-01 00:00:00,2025-03-31 23:59:00
18062815702,Sales Discount,B076MKZHV4,19.26,21.4,2025-03-01 00:00:00,2025-03-31 23:59:00
24409660702,Sales Discount,B0FLQNTV2G,38.08,40.09,2026-03-17 21:00:00,2026-03-31 23:59:00
18062815702,Sales Discount,B0D26DXLP4,21.45,22.34,2025-03-01 00:00:00,2025-03-31 23:59:00
18062815702,Sales Discount,B08GCTM58N,17.75,18.6,2025-03-01 00:00:00,2025-03-31 23:59:00
17492259202,Coupon,B08GCTM58N,18.13,18.6,2025-01-13 00:00:00,2025-02-12 23:59:00
17492259202,Coupon,B06XR9VG7N,18.14,18.6,2025-01-13 00:00:00,2025-02-12 23:59:00
18062815702,Sales Discount,B0CS6HDRFW,12.61,13.27,2025-03-01 00:00:00,2025-03-31 23:59:00
17029211802,Sales Discount,B0BD88S1FW,15.89,17.66,2024-12-11 00:00:00,2025-01-31 23:59:00
18062815702,Sales Discount,B096W3WGCN,15.06,15.71,2025-03-01 00:00:00,2025-03-31 23:59:00
17029211802,Sales Discount,B076MBD6KQ,14.21,15.79,2024-12-11 00:00:00,2025-01-31 23:59:00
17492259202,Coupon,B0DFCRYTBC,11.46,12.06,2025-01-13 00:00:00,2025-02-12 23:59:00
18062815702,Sales Discount,B096W3WGCN,14.13,15.71,2025-03-01 00:00:00,2025-03-31 23:59:00
18062815702,Sales Discount,B00XU8EF0K,16.74,18.6,2025-03-01 00:00:00,2025-03-31 23:59:00
18062815702,Sales Discount,B07F1FKM3M,16.2,18.0,2025-03-01 00:00:00,2025-03-31 23:59:00
18062815702,Sales Discount,B07NNVS8M4,-2.42,0.0,2025-03-01 00:00:00,2025-03-31 23:59:00
17492259202,Coupon,B081TJ62WV,18.3,18.6,2025-01-13 00:00:00,2025-02-12 23:59:00
18062815702,Sales Discount,B08QVWRHP2,21.89,22.34,2025-03-01 00:00:00,2025-03-31 23:59:00
19033034602,Sales Discount,B01CYDY6TQ,17.67,18.6,2025-05-02 23:00:00,2025-09-30 23:59:00
18062815702,Sales Discount,B094R1JQ6K,-1.86,0.0,2025-03-01 00:00:00,2025-03-31 23:59:00
776b9f88,Best Deal,B0CHSKHD1Z,19.36,18.09,2025-03-25 00:00:00,2025-03-31 23:55:00
776b9f88,Best Deal,B08JC9XBGM,18.8,17.57,2025-03-25 00:00:00,2025-03-31 23:55:00
16105181202,Sales Discount,B075T7D86D,14.88,18.6,2024-10-10 00:01:00,2025-03-31 23:59:00
18062815702,Sales Discount,B08QVYP7YH,21.22,22.34,2025-03-01 00:00:00,2025-03-31 23:59:00
18062815702,Sales Discount,B08VWV18N7,18.66,19.53,2025-03-01 00:00:00,2025-03-31 23:59:00
17492259202,Coupon,B06XR9VG7N,18.43,18.6,2025-01-13 00:00:00,2025-02-12 23:59:00
18062815702,Sales Discount,B081TDP6YF,28.32,29.81,2025-03-01 00:00:00,2025-03-31 23:59:00
18341715402,Coupon,B0DFCQLLSY,10.4,10.94,2025-03-24 00:00:00,2025-04-23 23:59:00
25401079802,Sales Discount,B0DJP4W7KC,22.26,23.27,2026-05-23 00:00:00,2026-06-06 23:59:00
17492259202,Coupon,B091Z4JQBD,18.16,18.6,2025-01-13 00:00:00,2025-02-12 23:59:00
18062815702,Sales Discount,B09JCNKXV5,-1.58,0.0,2025-03-01 00:00:00,2025-03-31 23:59:00
18062815702,Sales Discount,B08JCRVJX7,16.21,16.73,2025-03-01 00:00:00,2025-03-31 23:59:00
17492259202,Coupon,B0B6WGC16M,23.6,24.21,2025-01-13 00:00:00,2025-02-12 23:59:00
16105181202,Sales Discount,B01FFWYJV8,14.88,18.6,2024-10-10 00:01:00,2025-03-31 23:59:00
18062815702,Sales Discount,B08VWF8Y96,18.02,18.6,2025-03-01 00:00:00,2025-03-31 23:59:00
17492259202,Coupon,B0D47FKGDD,13.79,13.93,2025-01-13 00:00:00,2025-02-12 23:59:00
18341715402,Coupon,B0DFCR6LPY,12.22,12.53,2025-03-24 00:00:00,2025-04-23 23:59:00
18062815702,Sales Discount,B01FFWYJV8,14.21,15.79,2025-03-01 00:00:00,2025-03-31 23:59:00
18062815702,Sales Discount,B08VX84KW4,14.14,15.71,2025-03-01 00:00:00,2025-03-31 23:59:00
18062815702,Sales Discount,B08DDBGBZG,20.33,21.4,2025-03-01 00:00:00,2025-03-31 23:59:00
25401016002,Sales Discount,B0CB87LMH1,36.5,37.29,2026-05-23 00:00:00,2026-06-06 23:59:00
17029211802,Sales Discount,B091Z4JQBD,15.12,15.48,2024-12-11 00:00:00,2025-01-31 23:59:00
17492259202,Coupon,B072VJ9FFZ,17.37,17.66,2025-01-13 00:00:00,2025-02-12 23:59:00
776b9f88,Best Deal,B076MBD6KQ,13.29,0.0,2025-03-25 00:00:00,2025-03-31 23:55:00
16105181202,Sales Discount,B082XFTS6H,15.11,18.89,2024-10-10 00:01:00,2025-03-31 23:59:00
17029211802,Sales Discount,B06XR9VG7N,17.67,18.6,2024-12-11 00:00:00,2025-01-31 23:59:00
776b9f88,Best Deal,B09C6HJ2CC,15.96,14.92,2025-03-25 00:00:00,2025-03-31 23:55:00
17029211802,Sales Discount,B096W54FGM,15.9,16.73,2024-12-11 00:00:00,2025-01-31 23:59:00
18062815702,Sales Discount,B09TJTTP84,17.97,18.6,2025-03-01 00:00:00,2025-03-31 23:59:00
17492259202,Coupon,B07C5Q7T4D,17.53,17.66,2025-01-13 00:00:00,2025-02-12 23:59:00
17029211802,Sales Discount,B082XFTS6H,21.23,22.34,2024-12-11 00:00:00,2025-01-31 23:59:00
18062815702,Sales Discount,B0DGGWX7WN,11.46,12.06,2025-03-01 00:00:00,2025-03-31 23:59:00
17492259202,Coupon,B0CPJG6XL8,21.04,21.4,2025-01-13 00:00:00,2025-02-12 23:59:00
18062815702,Sales Discount,B075FDQ6KJ,21.79,24.21,2025-03-01 00:00:00,2025-03-31 23:59:00
17492259202,Coupon,B08DCZD13T,18.37,18.6,2025-01-13 00:00:00,2025-02-12 23:59:00
18062815702,Sales Discount,B087JK7673,17.67,18.6,2025-03-01 00:00:00,2025-03-31 23:59:00
18062815702,Sales Discount,B08XZLYCZ5,21.86,22.34,2025-03-01 00:00:00,2025-03-31 23:59:00
17492259202,Coupon,B07B9FTCXV,22.99,24.21,2025-01-13 00:00:00,2025-02-12 23:59:00
18062815702,Sales Discount,B0CPJG6XL8,20.86,21.4,2025-03-01 00:00:00,2025-03-31 23:59:00
17492259202,Coupon,B07WH27VXM,20.12,20.47,2025-01-13 00:00:00,2025-02-12 23:59:00
18062815702,Sales Discount,B07NNVS8M4,19.46,20.48,2025-03-01 00:00:00,2025-03-31 23:59:00
25401016002,Sales Discount,B0DR9CLXV5,12.54,13.93,2026-05-23 00:00:00,2026-06-06 23:59:00
17492259202,Coupon,B0BX76VGXP,18.3,18.6,2025-01-13 00:00:00,2025-02-12 23:59:00
17492259202,Coupon,B08VWKYVKS,20.94,21.4,2025-01-13 00:00:00,2025-02-12 23:59:00
8f39fad6,Best Deal,B0D638JD41,15.11,14.12,2025-03-25 00:00:00,2025-03-31 23:55:00
18341715402,Coupon,B0DK9L5MWL,10.65,10.92,2025-03-24 00:00:00,2025-04-23 23:59:00
25402148802,Sales Discount,B0DR9CLXV5,13.7,13.93,2026-05-23 00:00:00,2026-06-06 23:59:00
17492259202,Coupon,B08JC9NN3X,16.63,16.73,2025-01-13 00:00:00,2025-02-12 23:59:00
17492259202,Coupon,B0BD85KJQV,21.89,22.34,2025-01-13 00:00:00,2025-02-12 23:59:00
17492259202,Coupon,B0D2322MMQ,15.45,15.79,2025-01-13 00:00:00,2025-02-12 23:59:00
17029211802,Sales Discount,B01MCZD91A,13.37,14.86,2024-12-11 00:00:00,2025-01-31 23:59:00
17492259202,Coupon,B081TDP6YF,29.06,29.81,2025-01-13 00:00:00,2025-02-12 23:59:00
8f39fad6,Best Deal,B0D22ZSZ2H,15.85,14.81,2025-03-25 00:00:00,2025-03-31 23:55:00
18062815702,Sales Discount,B07F1FKM3M,19.26,21.4,2025-03-01 00:00:00,2025-03-31 23:59:00
17492259202,Coupon,B09C6HJ2CC,17.22,17.66,2025-01-13 00:00:00,2025-02-12 23:59:00
19033034602,Sales Discount,B0CWPJTWXQ,16.77,17.66,2025-05-02 23:00:00,2025-09-30 23:59:00
17492259202,Coupon,B075T9G9YS,23.64,24.21,2025-01-13 00:00:00,2025-02-12 23:59:00
17492259202,Coupon,B01MCZD91A,14.5,14.86,2025-01-13 00:00:00,2025-02-12 23:59:00
17029211802,Sales Discount,B06Y3Q6XNX,21.23,22.34,2024-12-11 00:00:00,2025-01-31 23:59:00
17492259202,Coupon,B0BD81KP8K,18.3,18.6,2025-01-13 00:00:00,2025-02-12 23:59:00
17492259202,Coupon,B094R1JQ6K,-0.93,0.0,2025-01-13 00:00:00,2025-02-12 23:59:00
18062815702,Sales Discount,B075T9G9YS,23.23,24.21,2025-03-01 00:00:00,2025-03-31 23:59:00
776b9f88,Best Deal,B096W5QCHX,19.36,0.0,2025-03-25 00:00:00,2025-03-31 23:55:00
17492259202,Coupon,B08DCY34MX,16.31,16.73,2025-01-13 00:00:00,2025-02-12 23:59:00
17492259202,Coupon,B00RCYQUII,13.61,13.93,2025-01-13 00:00:00,2025-02-12 23:59:00
776b9f88,Best Deal,B081TJ62WV,16.9,0.0,2025-03-25 00:00:00,2025-03-31 23:55:00
18062815702,Sales Discount,B085YDYWV8,15.58,15.71,2025-03-01 00:00:00,2025-03-31 23:59:00
18062815702,Sales Discount,B0DFCRYTBC,10.85,12.06,2025-03-01 00:00:00,2025-03-31 23:59:00
18062815702,Sales Discount,B07KJMHWGW,14.14,15.71,2025-03-01 00:00:00,2025-03-31 23:59:00
18062815702,Sales Discount,B08DDBGBZG,19.26,21.4,2025-03-01 00:00:00,2025-03-31 23:59:00
18062815702,Sales Discount,B09TJTTP84,17.67,18.6,2025-03-01 00:00:00,2025-03-31 23:59:00
18062815702,Sales Discount,B0CWPJTWXQ,13.43,14.92,2025-03-01 00:00:00,2025-03-31 23:59:00
17492259202,Coupon,B0C94548F5,18.31,18.6,2025-01-13 00:00:00,2025-02-12 23:59:00
16105181202,Sales Discount,B075FDD21R,12.63,15.79,2024-10-10 00:01:00,2025-03-31 23:59:00
18062815702,Sales Discount,B0CCJWSS2P,13.37,14.86,2025-03-01 00:00:00,2025-03-31 23:59:00
8f39fad6,Best Deal,B0D637HBP1,15.11,0.0,2025-03-25 00:00:00,2025-03-31 23:55:00
17492259202,Coupon,B0C94719Z8,18.16,18.6,2025-01-13 00:00:00,2025-02-12 23:59:00
17029211802,Sales Discount,B0D2322MMQ,14.21,15.79,2024-12-11 00:00:00,2025-01-31 23:59:00
e5936dd2,Best Deal,B08JC2YLYL,15.72,14.69,2024-12-26 00:00:00,2025-01-05 23:55:00
17029211802,Sales Discount,B08VWV18N7,-1.95,0.0,2024-12-11 00:00:00,2025-01-31 23:59:00
17029211802,Sales Discount,B01BNV0IUQ,14.04,14.78,2024-12-11 00:00:00,2025-01-31 23:59:00
18341715402,Coupon,B0DFCQLLSY,10.39,10.94,2025-03-24 00:00:00,2025-04-23 23:59:00
da7ca825,Best Deal,B0BD85KJQV,20.16,0.0,2025-05-21 00:00:00,2025-05-27 23:55:00
17029211802,Sales Discount,B08JCRVJX7,11.87,13.19,2024-12-11 00:00:00,2025-01-31 23:59:00
17492259202,Coupon,B081TJ62WV,18.17,18.6,2025-01-13 00:00:00,2025-02-12 23:59:00
776b9f88,Best Deal,B09TJXDWKF,20.21,0.0,2025-03-25 00:00:00,2025-03-31 23:55:00
18062815702,Sales Discount,B0D47FKGDD,9.85,10.95,2025-03-01 00:00:00,2025-03-31 23:59:00
17029211802,Sales Discount,B00RBUM5JQ,19.45,20.47,2024-12-11 00:00:00,2025-01-31 23:59:00
17029211802,Sales Discount,B08XZLYCZ5,21.33,22.34,2024-12-11 00:00:00,2025-01-31 23:59:00
17492259202,Coupon,B06XR9VG7N,18.29,18.6,2025-01-13 00:00:00,2025-02-12 23:59:00
18062815702,Sales Discount,B08QVYP7YH,17.79,18.61,2025-03-01 00:00:00,2025-03-31 23:59:00
18062815702,Sales Discount,B01D3FVKWA,17.08,17.66,2025-03-01 00:00:00,2025-03-31 23:59:00
17492259202,Coupon,B091Z4JQBD,18.43,18.6,2025-01-13 00:00:00,2025-02-12 23:59:00
17029211802,Sales Discount,B08VWKYVKS,21.19,21.4,2024-12-11 00:00:00,2025-01-31 23:59:00
17029211802,Sales Discount,B0D232K3RP,11.69,12.99,2024-12-11 00:00:00,2025-01-31 23:59:00
25402148802,Sales Discount,B0DJP4W7KC,22.64,23.27,2026-05-23 00:00:00,2026-06-06 23:59:00
17029211802,Sales Discount,B08JCRVJX7,16.17,16.73,2024-12-11 00:00:00,2025-01-31 23:59:00
17492259202,Coupon,B08VX84KW4,18.31,18.6,2025-01-13 00:00:00,2025-02-12 23:59:00
17492259202,Coupon,B08VWKYVKS,20.91,21.4,2025-01-13 00:00:00,2025-02-12 23:59:00
17492259202,Coupon,B09TJTTP84,18.15,18.6,2025-01-13 00:00:00,2025-02-12 23:59:00
17901166802,Sales Discount,B08DDBGBZG,14.77,21.4,2025-02-13 17:00:00,2025-02-28 23:59:00
17029211802,Sales Discount,B0BK8X47M5,14.21,15.79,2024-12-11 00:00:00,2025-01-31 23:59:00
17029211802,Sales Discount,B08DCXNCWS,16.74,18.6,2024-12-11 00:00:00,2025-01-31 23:59:00
17492259202,Coupon,B09TJXLQ4Z,19.44,20.47,2025-01-13 00:00:00,2025-02-12 23:59:00
17492259202,Coupon,B07F1FKM3M,21.06,21.4,2025-01-13 00:00:00,2025-02-12 23:59:00
17492259202,Coupon,B01G7428BG,21.08,21.4,2025-01-13 00:00:00,2025-02-12 23:59:00
17029211802,Sales Discount,B08JC2YLYL,18.1,18.6,2024-12-11 00:00:00,2025-01-31 23:59:00
776b9f88,Best Deal,B087JK7673,16.81,0.0,2025-03-25 00:00:00,2025-03-31 23:55:00
24409634402,Sales Discount,B08QVYP7YH,21.22,22.34,2026-03-17 21:00:00,2026-03-31 23:59:00
17492259202,Coupon,B08JC9XBGM,18.45,18.6,2025-01-13 00:00:00,2025-02-12 23:59:00
18062815702,Sales Discount,B075FDQ6KJ,20.31,20.48,2025-03-01 00:00:00,2025-03-31 23:59:00
776b9f88,Best Deal,B09NRH7WP6,10.86,10.15,2025-03-25 00:00:00,2025-03-31 23:55:00
17492259202,Coupon,B0BSQVND4T,20.91,21.4,2025-01-13 00:00:00,2025-02-12 23:59:00
17492259202,Coupon,B085YFBCNL,21.22,22.34,2025-01-13 00:00:00,2025-02-12 23:59:00
17492259202,Coupon,B08QVYP7YH,21.99,22.34,2025-01-13 00:00:00,2025-02-12 23:59:00
776b9f88,Best Deal,B07J5M5PZW,15.96,0.0,2025-03-25 00:00:00,2025-03-31 23:55:00
17492259202,Coupon,B0CHWM51XY,15.0,15.79,2025-01-13 00:00:00,2025-02-12 23:59:00
18062815702,Sales Discount,B094R1JQ6K,15.32,15.71,2025-03-01 00:00:00,2025-03-31 23:59:00
18062815702,Sales Discount,B08DCY34MX,13.45,14.12,2025-03-01 00:00:00,2025-03-31 23:59:00
17492259202,Coupon,B08DCXNCWS,18.31,18.6,2025-01-13 00:00:00,2025-02-12 23:59:00
18062815702,Sales Discount,B081TJ62WV,17.75,18.6,2025-03-01 00:00:00,2025-03-31 23:59:00
17492259202,Coupon,B01FFWYJV8,18.38,18.6,2025-01-13 00:00:00,2025-02-12 23:59:00
18062815702,Sales Discount,B07WH27VXM,19.45,20.47,2025-03-01 00:00:00,2025-03-31 23:59:00
18062815702,Sales Discount,B08XZMCR17,19.68,20.48,2025-03-01 00:00:00,2025-03-31 23:59:00
25401079802,Sales Discount,B0DJP4W7KC,22.63,23.27,2026-05-23 00:00:00,2026-06-06 23:59:00
17492259202,Coupon,B087JTHDN1,17.22,17.66,2025-01-13 00:00:00,2025-02-12 23:59:00
18062815702,Sales Discount,B0D63B2G5N,15.06,16.73,2025-03-01 00:00:00,2025-03-31 23:59:00
8f39fad6,Best Deal,B01D3FVKBG,21.65,0.0,2025-03-25 00:00:00,2025-03-31 23:55:00
17492259202,Coupon,B07F1FKM3M,20.9,21.4,2025-01-13 00:00:00,2025-02-12 23:59:00
17492259202,Coupon,B01MCZD91A,14.11,14.86,2025-01-13 00:00:00,2025-02-12 23:59:00
e5936dd2,Best Deal,B01BNV0IUQ,15.81,14.78,2024-12-26 00:00:00,2025-01-05 23:55:00
17492259202,Coupon,B09NRH4J1C,22.11,23.27,2025-01-13 00:00:00,2025-02-12 23:59:00
17492259202,Coupon,B0BMQXCX1X,22.69,23.27,2025-01-13 00:00:00,2025-02-12 23:59:00
17492259202,Coupon,B0C6FHHJFM,15.0,15.79,2025-01-13 00:00:00,2025-02-12 23:59:00
18062815702,Sales Discount,B08DCXNCWS,15.19,15.71,2025-03-01 00:00:00,2025-03-31 23:59:00
17492259202,Coupon,B08DDBGBZG,21.22,21.4,2025-01-13 00:00:00,2025-02-12 23:59:00
17029211802,Sales Discount,B094R1JQ6K,16.74,18.6,2024-12-11 00:00:00,2025-01-31 23:59:00
776b9f88,Best Deal,B0C947B32V,15.85,14.81,2025-03-25 00:00:00,2025-03-31 23:55:00
17029211802,Sales Discount,B091Z4JQBD,14.7,15.48,2024-12-11 00:00:00,2025-01-31 23:59:00
17492259202,Coupon,B0BMQXCX1X,22.11,23.27,2025-01-13 00:00:00,2025-02-12 23:59:00
17029211802,Sales Discount,B01G7428BG,20.35,21.4,2024-12-11 00:00:00,2025-01-31 23:59:00
e5936dd2,Best Deal,B0BK8STFVG,15.72,14.69,2024-12-26 00:00:00,2025-01-05 23:55:00
17492259202,Coupon,B07NNVS8M4,23.6,24.21,2025-01-13 00:00:00,2025-02-12 23:59:00
18341715402,Coupon,B0DFCQLLSY,12.34,12.99,2025-03-24 00:00:00,2025-04-23 23:59:00
17492259202,Coupon,B06XR9VG7N,18.34,18.6,2025-01-13 00:00:00,2025-02-12 23:59:00
17492259202,Coupon,B07KJMHWGW,18.18,18.6,2025-01-13 00:00:00,2025-02-12 23:59:00
17492259202,Coupon,B0D63B1QGN,16.31,16.73,2025-01-13 00:00:00,2025-02-12 23:59:00
e5936dd2,Best Deal,B08NPF3LJ7,15.77,0.0,2024-12-26 00:00:00,2025-01-05 23:55:00
776b9f88,Best Deal,B09JCNKXV5,14.35,0.0,2025-03-25 00:00:00,2025-03-31 23:55:00
18062815702,Sales Discount,B0B2PSK2MC,20.33,21.4,2025-03-01 00:00:00,2025-03-31 23:59:00
17029211802,Sales Discount,B01BNV0IUQ,-0.93,0.0,2024-12-11 00:00:00,2025-01-31 23:59:00
776b9f88,Best Deal,B07B9NWQ61,14.26,0.0,2025-03-25 00:00:00,2025-03-31 23:55:00
18062815702,Sales Discount,B08GCFFDMH,17.67,18.6,2025-03-01 00:00:00,2025-03-31 23:59:00
17492259202,Coupon,B08JC9NN3X,16.53,16.73,2025-01-13 00:00:00,2025-02-12 23:59:00
18062815702,Sales Discount,B0BSQVND4T,20.33,21.4,2025-03-01 00:00:00,2025-03-31 23:59:00
17492259202,Coupon,B091Z4JQBD,18.13,18.6,2025-01-13 00:00:00,2025-02-12 23:59:00
17492259202,Coupon,B08JCV95Y3,16.56,16.73,2025-01-13 00:00:00,2025-02-12 23:59:00
da7ca825,Best Deal,B0D638JD41,15.06,14.07,2025-05-21 00:00:00,2025-05-27 23:55:00
17492259202,Coupon,B07C5Q7T4D,16.77,17.66,2025-01-13 00:00:00,2025-02-12 23:59:00
17492259202,Coupon,B06XR9VG7N,18.31,18.6,2025-01-13 00:00:00,2025-02-12 23:59:00
18062815702,Sales Discount,B0D63B5WBM,13.37,14.86,2025-03-01 00:00:00,2025-03-31 23:59:00
18062815702,Sales Discount,B01BNV0IUQ,14.32,14.68,2025-03-01 00:00:00,2025-03-31 23:59:00
17492259202,Coupon,B086XBB126,15.0,15.79,2025-01-13 00:00:00,2025-02-12 23:59:00
18341715402,Coupon,B0DGGVW1NH,16.77,17.66,2025-03-24 00:00:00,2025-04-23 23:59:00
17492259202,Coupon,B08XZLYCZ5,21.23,22.34,2025-01-13 00:00:00,2025-02-12 23:59:00
18062815702,Sales Discount,B075T9G9YS,23.52,24.21,2025-03-01 00:00:00,2025-03-31 23:59:00
25402148802,Sales Discount,B0CB87LMH1,35.61,37.29,2026-05-23 00:00:00,2026-06-06 23:59:00
18062815702,Sales Discount,B0CMV8JRKN,16.74,18.6,2025-03-01 00:00:00,2025-03-31 23:59:00
17029211802,Sales Discount,B086XBB126,14.21,15.79,2024-12-11 00:00:00,2025-01-31 23:59:00
17492259202,Coupon,B08JC9NN3X,16.5,16.73,2025-01-13 00:00:00,2025-02-12 23:59:00
17492259202,Coupon,B0CMV8JRKN,18.43,18.6,2025-01-13 00:00:00,2025-02-12 23:59:00
17492259202,Coupon,B08JCSQGVK,13.75,13.93,2025-01-13 00:00:00,2025-02-12 23:59:00
18062815702,Sales Discount,B08VWF8Y96,15.57,15.71,2025-03-01 00:00:00,2025-03-31 23:59:00
17492259202,Coupon,B096W3GD2S,21.97,22.34,2025-01-13 00:00:00,2025-02-12 23:59:00
17029211802,Sales Discount,B01MCZD91A,14.13,14.86,2024-12-11 00:00:00,2025-01-31 23:59:00
17029211802,Sales Discount,B0BK8STFVG,17.67,18.6,2024-12-11 00:00:00,2025-01-31 23:59:00
776b9f88,Best Deal,B00SBSJ16C,15.96,14.92,2025-03-25 00:00:00,2025-03-31 23:55:00
18062815702,Sales Discount,B087JK7673,17.73,18.6,2025-03-01 00:00:00,2025-03-31 23:59:00
17492259202,Coupon,B0BK8X47M5,15.39,15.79,2025-01-13 00:00:00,2025-02-12 23:59:00
17492259202,Coupon,B0CPJG6XL8,20.95,21.4,2025-01-13 00:00:00,2025-02-12 23:59:00
17492259202,Coupon,B07PM7B4NK,34.54,36.36,2025-01-13 00:00:00,2025-02-12 23:59:00
18341715402,Coupon,B0DQDRRFPF,10.57,11.12,2025-03-24 00:00:00,2025-04-23 23:59:00
18341715402,Coupon,B0DFCRYTBC,11.46,12.06,2025-03-24 00:00:00,2025-04-23 23:59:00
25401016002,Sales Discount,B0DJP4W7KC,22.94,23.27,2026-05-23 00:00:00,2026-06-06 23:59:00
18062815702,Sales Discount,B096W5QCHX,20.44,21.4,2025-03-01 00:00:00,2025-03-31 23:59:00
776b9f88,Best Deal,B0CHWM51XY,14.26,0.0,2025-03-25 00:00:00,2025-03-31 23:55:00
17492259202,Coupon,B0C947V4GH,18.13,18.6,2025-01-13 00:00:00,2025-02-12 23:59:00
18062815702,Sales Discount,B09C6HJ2CC,13.42,14.92,2025-03-01 00:00:00,2025-03-31 23:59:00
17492259202,Coupon,B087JHVV7T,18.38,18.6,2025-01-13 00:00:00,2025-02-12 23:59:00
17492259202,Coupon,B096W5QCHX,21.16,21.4,2025-01-13 00:00:00,2025-02-12 23:59:00
18062815702,Sales Discount,B09GD1YKWW,14.14,15.71,2025-03-01 00:00:00,2025-03-31 23:59:00
17492259202,Coupon,B0CHSKHD1Z,20.33,21.4,2025-01-13 00:00:00,2025-02-12 23:59:00
17492259202,Coupon,B01BNV0IUQ,18.5,18.6,2025-01-13 00:00:00,2025-02-12 23:59:00
17492259202,Coupon,B082XFKXJ2,18.3,18.6,2025-01-13 00:00:00,2025-02-12 23:59:00
e5936dd2,Best Deal,B0BMQXCX1X,19.76,18.47,2024-12-26 00:00:00,2025-01-05 23:55:00
17492259202,Coupon,B08JC9XBGM,17.66,18.6,2025-01-13 00:00:00,2025-02-12 23:59:00
17492259202,Coupon,B01FFWYDVO,17.37,17.66,2025-01-13 00:00:00,2025-02-12 23:59:00
25401016002,Sales Discount,B0DJP4W7KC,22.3,23.27,2026-05-23 00:00:00,2026-06-06 23:59:00
17492259202,Coupon,B075T7D86D,18.13,18.6,2025-01-13 00:00:00,2025-02-12 23:59:00
17492259202,Coupon,B077QNG9M4,18.39,18.6,2025-01-13 00:00:00,2025-02-12 23:59:00
17492259202,Coupon,B09C6GDG72,20.33,21.4,2025-01-13 00:00:00,2025-02-12 23:59:00
17492259202,Coupon,B08VX84KW4,18.17,18.6,2025-01-13 00:00:00,2025-02-12 23:59:00
17492259202,Coupon,B09TJTTP84,18.16,18.6,2025-01-13 00:00:00,2025-02-12 23:59:00
17029211802,Sales Discount,B0D638MLB2,17.34,17.66,2024-12-11 00:00:00,2025-01-31 23:59:00
17492259202,Coupon,B00XU8EF0K,15.89,16.73,2025-01-13 00:00:00,2025-02-12 23:59:00
17029211802,Sales Discount,B07ZQHMLQY,17.68,18.6,2024-12-11 00:00:00,2025-01-31 23:59:00
e5936dd2,Best Deal,B0C948KKRG,15.11,14.12,2024-12-26 00:00:00,2025-01-05 23:55:00
17492259202,Coupon,B01FFWYJV8,17.67,18.6,2025-01-13 00:00:00,2025-02-12 23:59:00
da7ca825,Best Deal,B0D22ZSZ2H,15.8,14.77,2025-05-21 00:00:00,2025-05-27 23:55:00
18062815702,Sales Discount,B08VX84KW4,17.75,18.6,2025-03-01 00:00:00,2025-03-31 23:59:00
17492259202,Coupon,B0D2322MMQ,15.39,15.79,2025-01-13 00:00:00,2025-02-12 23:59:00
776b9f88,Best Deal,B08DCZD13T,16.81,0.0,2025-03-25 00:00:00,2025-03-31 23:55:00
18062815702,Sales Discount,B08QVYP7YH,20.1,22.34,2025-03-01 00:00:00,2025-03-31 23:59:00
da7ca825,Best Deal,B0B6WGC16M,21.86,0.0,2025-05-21 00:00:00,2025-05-27 23:55:00
776b9f88,Best Deal,B094R1JQ6K,16.81,0.0,2025-03-25 00:00:00,2025-03-31 23:55:00
da7ca825,Best Deal,B0D63B2G5N,15.06,14.07,2025-05-21 00:00:00,2025-05-27 23:55:00
17029211802,Sales Discount,B07NNVS8M4,21.79,24.21,2024-12-11 00:00:00,2025-01-31 23:59:00
18062815702,Sales Discount,B089FYV2HT,15.06,16.73,2025-03-01 00:00:00,2025-03-31 23:59:00
17029211802,Sales Discount,B075T9G9YS,21.79,24.21,2024-12-11 00:00:00,2025-01-31 23:59:00
18062815702,Sales Discount,B0BD81KP8K,18.24,18.6,2025-03-01 00:00:00,2025-03-31 23:59:00
da7ca825,Best Deal,B0D638MLB2,15.91,14.87,2025-05-21 00:00:00,2025-05-27 23:55:00
17029211802,Sales Discount,B0C947V4GH,13.3,14.78,2024-12-11 00:00:00,2025-01-31 23:59:00
18062815702,Sales Discount,B0BX76VGXP,14.14,14.6,2025-03-01 00:00:00,2025-03-31 23:59:00
17029211802,Sales Discount,B01G7428BG,20.72,21.4,2024-12-11 00:00:00,2025-01-31 23:59:00
17492259202,Coupon,B06Y3Q6XNX,21.97,22.34,2025-01-13 00:00:00,2025-02-12 23:59:00
17492259202,Coupon,B09JCMLXP5,23.6,24.21,2025-01-13 00:00:00,2025-02-12 23:59:00
da7ca825,Best Deal,B0C2QM9WK6,16.76,15.66,2025-05-21 00:00:00,2025-05-27 23:55:00
18062815702,Sales Discount,B0C94719Z8,13.14,14.6,2025-03-01 00:00:00,2025-03-31 23:59:00
da7ca825,Best Deal,B0C946Q235,19.41,18.14,2025-05-21 00:00:00,2025-05-27 23:55:00
18062815702,Sales Discount,B09C6FG128,14.85,16.5,2025-03-01 00:00:00,2025-03-31 23:59:00
18062815702,Sales Discount,B0D26DXLP4,20.11,22.34,2025-03-01 00:00:00,2025-03-31 23:59:00
17492259202,Coupon,B08QVYP7YH,22.09,22.34,2025-01-13 00:00:00,2025-02-12 23:59:00
18062815702,Sales Discount,B09TJXLQ4Z,18.42,20.47,2025-03-01 00:00:00,2025-03-31 23:59:00
17492259202,Coupon,B082XFTS6H,21.99,22.34,2025-01-13 00:00:00,2025-02-12 23:59:00
17492259202,Coupon,B0D2322MMQ,15.53,15.79,2025-01-13 00:00:00,2025-02-12 23:59:00
17492259202,Coupon,B0C6FHHJFM,15.57,15.79,2025-01-13 00:00:00,2025-02-12 23:59:00
25401079802,Sales Discount,B0C93RMXRR,29.43,30.75,2026-05-23 00:00:00,2026-06-06 23:59:00
18062815702,Sales Discount,B08QVYP7YH,17.69,18.61,2025-03-01 00:00:00,2025-03-31 23:59:00
17492259202,Coupon,B08QVWRHP2,22.22,22.34,2025-01-13 00:00:00,2025-02-12 23:59:00
17029211802,Sales Discount,B08JCV95Y3,15.06,16.73,2024-12-11 00:00:00,2025-01-31 23:59:00
17029211802,Sales Discount,B06XR9VG7N,18.08,18.6,2024-12-11 00:00:00,2025-01-31 23:59:00
17029211802,Sales Discount,B06Y3Q6XNX,21.59,22.34,2024-12-11 00:00:00,2025-01-31 23:59:00
18062815702,Sales Discount,B09TJTTP84,16.74,18.6,2025-03-01 00:00:00,2025-03-31 23:59:00
17492259202,Coupon,B075FDD21R,15.42,15.79,2025-01-13 00:00:00,2025-02-12 23:59:00
17029211802,Sales Discount,B00SBSJ16C,17.49,17.66,2024-12-11 00:00:00,2025-01-31 23:59:00
e5936dd2,Best Deal,B0C6FJQ7S5,15.86,14.82,2024-12-26 00:00:00,2025-01-05 23:55:00
17029211802,Sales Discount,B0CCJWSS2P,12.54,13.93,2024-12-11 00:00:00,2025-01-31 23:59:00
776b9f88,Best Deal,B0CCJ8R191,17.85,16.68,2025-03-25 00:00:00,2025-03-31 23:55:00
17029211802,Sales Discount,B0CPJG6XL8,20.41,21.4,2024-12-11 00:00:00,2025-01-31 23:59:00
18062815702,Sales Discount,B08JC2YLYL,14.25,14.6,2025-03-01 00:00:00,2025-03-31 23:59:00
18062815702,Sales Discount,B06XR9VG7N,17.69,18.6,2025-03-01 00:00:00,2025-03-31 23:59:00
17029211802,Sales Discount,B081TDP6YF,26.83,29.81,2024-12-11 00:00:00,2025-01-31 23:59:00
17029211802,Sales Discount,B0BD85KJQV,20.1,22.34,2024-12-11 00:00:00,2025-01-31 23:59:00
17492259202,Coupon,B06Y3Q6XNX,22.23,22.34,2025-01-13 00:00:00,2025-02-12 23:59:00
17492259202,Coupon,B0B6WGC16M,23.66,24.21,2025-01-13 00:00:00,2025-02-12 23:59:00
17492259202,Coupon,B00RCYQUII,13.23,13.93,2025-01-13 00:00:00,2025-02-12 23:59:00
17029211802,Sales Discount,B084GVXC4C,14.21,15.79,2024-12-11 00:00:00,2025-01-31 23:59:00
25402148802,Sales Discount,B0C93RMXRR,29.21,30.75,2026-05-23 00:00:00,2026-06-06 23:59:00
17492259202,Coupon,B0CPJG6XL8,-1.07,0.0,2025-01-13 00:00:00,2025-02-12 23:59:00
18062815702,Sales Discount,B096W2GHQV,14.24,14.72,2025-03-01 00:00:00,2025-03-31 23:59:00
17029211802,Sales Discount,B0CHWM51XY,15.3,15.79,2024-12-11 00:00:00,2025-01-31 23:59:00
776b9f88,Best Deal,B0BK8WLZT5,14.81,13.84,2025-03-25 00:00:00,2025-03-31 23:55:00
18062815702,Sales Discount,B096W3WGCN,14.14,15.71,2025-03-01 00:00:00,2025-03-31 23:59:00
18062815702,Sales Discount,B09ZDLZXDM,17.98,18.6,2025-03-01 00:00:00,2025-03-31 23:59:00
18062815702,Sales Discount,B08NPF3LJ7,14.21,15.79,2025-03-01 00:00:00,2025-03-31 23:59:00
19033034602,Sales Discount,B0BMQXCX1X,23.0,24.21,2025-05-02 23:00:00,2025-09-30 23:59:00
18062815702,Sales Discount,B08JC2YLYL,13.95,14.6,2025-03-01 00:00:00,2025-03-31 23:59:00
18062815702,Sales Discount,B096W2GHQV,18.03,18.6,2025-03-01 00:00:00,2025-03-31 23:59:00
17492259202,Coupon,B00XU8AUC2,18.16,18.6,2025-01-13 00:00:00,2025-02-12 23:59:00
e5936dd2,Best Deal,B091Z4JQBD,16.56,15.48,2024-12-26 00:00:00,2025-01-05 23:55:00
17492259202,Coupon,B096W54FGM,-0.84,0.0,2025-01-13 00:00:00,2025-02-12 23:59:00
25401016002,Sales Discount,B0C93RMXRR,27.67,30.75,2026-05-23 00:00:00,2026-06-06 23:59:00
e5936dd2,Best Deal,B00RBUM5JQ,16.53,0.0,2024-12-26 00:00:00,2025-01-05 23:55:00
18062815702,Sales Discount,B082XFTS6H,17.0,18.89,2025-03-01 00:00:00,2025-03-31 23:59:00
776b9f88,Best Deal,B08JC2YLYL,15.62,0.0,2025-03-25 00:00:00,2025-03-31 23:55:00
17029211802,Sales Discount,B08QVYP7YH,20.11,22.34,2024-12-11 00:00:00,2025-01-31 23:59:00
17492259202,Coupon,B08JCV95Y3,16.31,16.73,2025-01-13 00:00:00,2025-02-12 23:59:00
18062815702,Sales Discount,B094R1JQ6K,15.19,15.71,2025-03-01 00:00:00,2025-03-31 23:59:00
17492259202,Coupon,B0C947V4GH,18.14,18.6,2025-01-13 00:00:00,2025-02-12 23:59:00
17492259202,Coupon,B096W54FGM,15.88,16.73,2025-01-13 00:00:00,2025-02-12 23:59:00
18062815702,Sales Discount,B0C948KKRG,15.93,16.73,2025-03-01 00:00:00,2025-03-31 23:59:00
17492259202,Coupon,B0BD85KJQV,21.78,22.34,2025-01-13 00:00:00,2025-02-12 23:59:00
17492259202,Coupon,B0CMV8JRKN,18.39,18.6,2025-01-13 00:00:00,2025-02-12 23:59:00
18062815702,Sales Discount,B0BK8STFVG,16.74,18.6,2025-03-01 00:00:00,2025-03-31 23:59:00
e5936dd2,Best Deal,B0D22ZQTSC,17.47,16.33,2024-12-26 00:00:00,2025-01-05 23:55:00
8f39fad6,Best Deal,B0D63B2G5N,15.11,14.12,2025-03-25 00:00:00,2025-03-31 23:55:00
18062815702,Sales Discount,B08DCZD13T,17.67,18.6,2025-03-01 00:00:00,2025-03-31 23:59:00
17029211802,Sales Discount,B076MBD6KQ,15.45,15.79,2024-12-11 00:00:00,2025-01-31 23:59:00
17492259202,Coupon,B08VWV18N7,18.55,19.53,2025-01-13 00:00:00,2025-02-12 23:59:00
17029211802,Sales Discount,B0BX76VGXP,14.39,14.69,2024-12-11 00:00:00,2025-01-31 23:59:00
17492259202,Coupon,B0B6WGC16M,22.99,24.21,2025-01-13 00:00:00,2025-02-12 23:59:00
25401079802,Sales Discount,B0DJP4W7KC,20.94,23.27,2026-05-23 00:00:00,2026-06-06 23:59:00
17029211802,Sales Discount,B08QVWRHP2,20.11,22.34,2024-12-11 00:00:00,2025-01-31 23:59:00
18062815702,Sales Discount,B08XZLYCZ5,20.69,21.12,2025-03-01 00:00:00,2025-03-31 23:59:00
18062815702,Sales Discount,B0D637HBP1,16.01,16.73,2025-03-01 00:00:00,2025-03-31 23:59:00
17492259202,Coupon,B0BX76VGXP,17.67,18.6,2025-01-13 00:00:00,2025-02-12 23:59:00
17492259202,Coupon,B08XZMCR17,23.7,24.21,2025-01-13 00:00:00,2025-02-12 23:59:00
17492259202,Coupon,B08JC9XBGM,17.67,18.6,2025-01-13 00:00:00,2025-02-12 23:59:00
18062815702,Sales Discount,B096W2GHQV,18.01,18.6,2025-03-01 00:00:00,2025-03-31 23:59:00
19033034602,Sales Discount,B08XZLYCZ5,22.11,23.27,2025-05-02 23:00:00,2025-09-30 23:59:00
17492259202,Coupon,B0CCJ8R191,16.78,17.66,2025-01-13 00:00:00,2025-02-12 23:59:00
17492259202,Coupon,B081TJ62WV,18.14,18.6,2025-01-13 00:00:00,2025-02-12 23:59:00
776b9f88,Best Deal,B08JCSQGVK,14.05,0.0,2025-03-25 00:00:00,2025-03-31 23:55:00
da7ca825,Best Deal,B0DQDRRFPF,10.06,0.0,2025-05-21 00:00:00,2025-05-27 23:55:00
18062815702,Sales Discount,B08GCTM58N,16.74,18.6,2025-03-01 00:00:00,2025-03-31 23:59:00
17029211802,Sales Discount,B0B6WCHGMK,12.54,13.93,2024-12-11 00:00:00,2025-01-31 23:59:00
da7ca825,Best Deal,B0D47DZG2Q,11.67,10.91,2025-05-21 00:00:00,2025-05-27 23:55:00
17029211802,Sales Discount,B075RGVV7G,14.21,15.79,2024-12-11 00:00:00,2025-01-31 23:59:00
17492259202,Coupon,B0D47FKGDD,13.24,13.93,2025-01-13 00:00:00,2025-02-12 23:59:00
17492259202,Coupon,B0CCJ8R191,16.77,17.66,2025-01-13 00:00:00,2025-02-12 23:59:00
776b9f88,Best Deal,B07DGGD49G,19.36,0.0,2025-03-25 00:00:00,2025-03-31 23:55:00
18341715402,Coupon,B0DFCRTV9C,12.34,12.99,2025-03-24 00:00:00,2025-04-23 23:59:00
17492259202,Coupon,B08DCY34MX,16.33,16.73,2025-01-13 00:00:00,2025-02-12 23:59:00
18062815702,Sales Discount,B01FFWYJV8,16.74,18.6,2025-03-01 00:00:00,2025-03-31 23:59:00
18062815702,Sales Discount,B0D63B5WBM,11.15,11.74,2025-03-01 00:00:00,2025-03-31 23:59:00
17029211802,Sales Discount,B07B9NWQ61,15.01,15.79,2024-12-11 00:00:00,2025-01-31 23:59:00
17029211802,Sales Discount,B08JC9XBGM,16.74,18.6,2024-12-11 00:00:00,2025-01-31 23:59:00
17029211802,Sales Discount,B0B6WGC16M,23.0,24.21,2024-12-11 00:00:00,2025-01-31 23:59:00
18062815702,Sales Discount,B087JTHDN1,15.9,17.66,2025-03-01 00:00:00,2025-03-31 23:59:00
17492259202,Coupon,B08QVWRHP2,21.22,22.34,2025-01-13 00:00:00,2025-02-12 23:59:00
18341715402,Coupon,B0DQDRRFPF,10.84,11.12,2025-03-24 00:00:00,2025-04-23 23:59:00
17492259202,Coupon,B08JC2YLYL,18.21,18.6,2025-01-13 00:00:00,2025-02-12 23:59:00
18062815702,Sales Discount,B076MBD6KQ,11.87,12.42,2025-03-01 00:00:00,2025-03-31 23:59:00
17029211802,Sales Discount,B0BK8W6JM3,16.74,18.6,2024-12-11 00:00:00,2025-01-31 23:59:00
17492259202,Coupon,B01MCZD91A,14.51,14.86,2025-01-13 00:00:00,2025-02-12 23:59:00
17029211802,Sales Discount,B0CHSK39WM,10.01,11.12,2024-12-11 00:00:00,2025-01-31 23:59:00
17492259202,Coupon,B08JCV95Y3,15.89,16.73,2025-01-13 00:00:00,2025-02-12 23:59:00
17029211802,Sales Discount,B0CPJFC9BP,19.45,20.47,2024-12-11 00:00:00,2025-01-31 23:59:00
17029211802,Sales Discount,B0C947V4GH,14.43,14.78,2024-12-11 00:00:00,2025-01-31 23:59:00
18062815702,Sales Discount,B0DFCRNY8W,15.9,16.73,2025-03-01 00:00:00,2025-03-31 23:59:00
17029211802,Sales Discount,B082XFTS6H,20.11,22.34,2024-12-11 00:00:00,2025-01-31 23:59:00
18062815702,Sales Discount,B07F1FKM3M,17.66,18.0,2025-03-01 00:00:00,2025-03-31 23:59:00
da7ca825,Best Deal,B0DFCRNY8W,15.06,14.07,2025-05-21 00:00:00,2025-05-27 23:55:00
18062815702,Sales Discount,B07DGFDLKP,19.5,20.47,2025-03-01 00:00:00,2025-03-31 23:59:00
18062815702,Sales Discount,B00XU8AUC2,14.92,15.71,2025-03-01 00:00:00,2025-03-31 23:59:00
19033034602,Sales Discount,B075FDQ6KJ,22.99,24.21,2025-05-02 23:00:00,2025-09-30 23:59:00
da7ca825,Best Deal,B0DFCRTV9C,11.63,10.87,2025-05-21 00:00:00,2025-05-27 23:55:00
18062815702,Sales Discount,B0CPJG6XL8,20.33,21.4,2025-03-01 00:00:00,2025-03-31 23:59:00
17029211802,Sales Discount,B0CHWM51XY,15.01,15.79,2024-12-11 00:00:00,2025-01-31 23:59:00
17492259202,Coupon,B0C2QM9WK6,18.4,18.6,2025-01-13 00:00:00,2025-02-12 23:59:00
776b9f88,Best Deal,B085YDZPXM,24.46,22.86,2025-03-25 00:00:00,2025-03-31 23:55:00
8f39fad6,Best Deal,B0D92MHJL8,12.56,11.74,2025-03-25 00:00:00,2025-03-31 23:55:00
24409634402,Sales Discount,B0BX76VGXP,17.67,18.6,2026-03-17 21:00:00,2026-03-31 23:59:00
17492259202,Coupon,B06XR9VG7N,18.3,18.6,2025-01-13 00:00:00,2025-02-12 23:59:00
17492259202,Coupon,B081TDP6YF,29.16,29.81,2025-01-13 00:00:00,2025-02-12 23:59:00
17029211802,Sales Discount,B089FZBMW9,23.0,24.21,2024-12-11 00:00:00,2025-01-31 23:59:00
e5936dd2,Best Deal,B0C2QM9WK6,15.72,14.69,2024-12-26 00:00:00,2025-01-05 23:55:00
18062815702,Sales Discount,B087JHVV7T,16.74,18.6,2025-03-01 00:00:00,2025-03-31 23:59:00
17492259202,Coupon,B072VJ9FFZ,-0.89,0.0,2025-01-13 00:00:00,2025-02-12 23:59:00
17492259202,Coupon,B08B8SJK6K,22.99,24.21,2025-01-13 00:00:00,2025-02-12 23:59:00
18062815702,Sales Discount,B0C94548F5,16.74,18.6,2025-03-01 00:00:00,2025-03-31 23:59:00
17492259202,Coupon,B0D2322MMQ,15.64,15.79,2025-01-13 00:00:00,2025-02-12 23:59:00
16105181202,Sales Discount,B08VX84KW4,12.57,15.71,2024-10-10 00:01:00,2025-03-31 23:59:00
17492259202,Coupon,B08GCTM58N,18.39,18.6,2025-01-13 00:00:00,2025-02-12 23:59:00
18062815702,Sales Discount,B08VWF8Y96,16.74,18.6,2025-03-01 00:00:00,2025-03-31 23:59:00
8f39fad6,Best Deal,B01FFWYJV8,16.9,0.0,2025-03-25 00:00:00,2025-03-31 23:55:00
17492259202,Coupon,B0D22ZQTSC,20.16,20.47,2025-01-13 00:00:00,2025-02-12 23:59:00
17492259202,Coupon,B0DFCR6LPY,14.11,14.86,2025-01-13 00:00:00,2025-02-12 23:59:00
17029211802,Sales Discount,B08DDBGBZG,20.47,21.4,2024-12-11 00:00:00,2025-01-31 23:59:00
18062815702,Sales Discount,B0BMQXCX1X,17.91,18.37,2025-03-01 00:00:00,2025-03-31 23:59:00
18062815702,Sales Discount,B0BK8X47M5,14.21,15.79,2025-03-01 00:00:00,2025-03-31 23:59:00
18062815702,Sales Discount,B01BNV0IUQ,13.21,14.68,2025-03-01 00:00:00,2025-03-31 23:59:00
16105181202,Sales Discount,B0BMQXCX1X,14.78,18.47,2024-10-10 00:01:00,2025-03-31 23:59:00
18062815702,Sales Discount,B08VWF8Y96,14.14,15.71,2025-03-01 00:00:00,2025-03-31 23:59:00
776b9f88,Best Deal,B09C6FG128,17.66,16.5,2025-03-25 00:00:00,2025-03-31 23:55:00
17492259202,Coupon,B081TDP6YF,28.31,29.81,2025-01-13 00:00:00,2025-02-12 23:59:00
18062815702,Sales Discount,B096W2GHQV,18.23,18.6,2025-03-01 00:00:00,2025-03-31 23:59:00
17492259202,Coupon,B0D232K3RP,12.34,12.99,2025-01-13 00:00:00,2025-02-12 23:59:00
18062815702,Sales Discount,B0CWPJTWXQ,15.89,17.66,2025-03-01 00:00:00,2025-03-31 23:59:00
18062815702,Sales Discount,B0CWPJTWXQ,-1.77,0.0,2025-03-01 00:00:00,2025-03-31 23:59:00
17492259202,Coupon,B09GD1YKWW,17.67,18.6,2025-01-13 00:00:00,2025-02-12 23:59:00
17029211802,Sales Discount,B0BK8X47M5,-1.58,0.0,2024-12-11 00:00:00,2025-01-31 23:59:00
17029211802,Sales Discount,B00RCYQUII,13.24,13.93,2024-12-11 00:00:00,2025-01-31 23:59:00
18062815702,Sales Discount,B08DCXNCWS,15.2,15.71,2025-03-01 00:00:00,2025-03-31 23:59:00
25402148802,Sales Discount,B0CB87LMH1,36.29,37.29,2026-05-23 00:00:00,2026-06-06 23:59:00
17492259202,Coupon,B085YDYWV8,18.16,18.6,2025-01-13 00:00:00,2025-02-12 23:59:00
17492259202,Coupon,B08VX84KW4,17.67,18.6,2025-01-13 00:00:00,2025-02-12 23:59:00
17492259202,Coupon,B09TJXDWKF,21.84,22.34,2025-01-13 00:00:00,2025-02-12 23:59:00
18062815702,Sales Discount,B076MBD6KQ,12.16,12.42,2025-03-01 00:00:00,2025-03-31 23:59:00
17492259202,Coupon,B08VWKYVKS,20.33,21.4,2025-01-13 00:00:00,2025-02-12 23:59:00
e5936dd2,Best Deal,B08DDBGBZG,19.09,17.84,2024-12-26 00:00:00,2025-01-05 23:55:00
17492259202,Coupon,B08JC2YLYL,18.35,18.6,2025-01-13 00:00:00,2025-02-12 23:59:00
17029211802,Sales Discount,B08QVYP7YH,21.22,22.34,2024-12-11 00:00:00,2025-01-31 23:59:00
17492259202,Coupon,B08QVWRHP2,21.88,22.34,2025-01-13 00:00:00,2025-02-12 23:59:00
18062815702,Sales Discount,B087JHVV7T,14.93,15.71,2025-03-01 00:00:00,2025-03-31 23:59:00
17492259202,Coupon,B01FFWYJV8,18.14,18.6,2025-01-13 00:00:00,2025-02-12 23:59:00
18062815702,Sales Discount,B0CCJ9PLHV,16.74,18.6,2025-03-01 00:00:00,2025-03-31 23:59:00
17492259202,Coupon,B01D3FVKBG,21.19,21.4,2025-01-13 00:00:00,2025-02-12 23:59:00
17492259202,Coupon,B08GCFFDMH,18.37,18.6,2025-01-13 00:00:00,2025-02-12 23:59:00
18062815702,Sales Discount,B01G7428BG,20.77,21.4,2025-03-01 00:00:00,2025-03-31 23:59:00
17492259202,Coupon,B07DGFDLKP,19.98,20.47,2025-01-13 00:00:00,2025-02-12 23:59:00
25401079802,Sales Discount,B0CB87LMH1,35.61,37.29,2026-05-23 00:00:00,2026-06-06 23:59:00
17492259202,Coupon,B0BSQX5P4L,17.55,17.66,2025-01-13 00:00:00,2025-02-12 23:59:00
17492259202,Coupon,B07NNVS8M4,23.0,24.21,2025-01-13 00:00:00,2025-02-12 23:59:00
17492259202,Coupon,B082XFKXJ2,18.47,18.6,2025-01-13 00:00:00,2025-02-12 23:59:00
18341715402,Coupon,B0DFCQLLSY,12.68,12.99,2025-03-24 00:00:00,2025-04-23 23:59:00
18062815702,Sales Discount,B0BD88S1FW,-1.77,0.0,2025-03-01 00:00:00,2025-03-31 23:59:00
17029211802,Sales Discount,B0D92MHJL8,13.24,13.93,2024-12-11 00:00:00,2025-01-31 23:59:00
e5936dd2,Best Deal,B0BMQTBYKT,15.72,14.69,2024-12-26 00:00:00,2025-01-05 23:55:00
17492259202,Coupon,B0BMQTBYKT,17.67,18.6,2025-01-13 00:00:00,2025-02-12 23:59:00
17492259202,Coupon,B08XZMCR17,23.61,24.21,2025-01-13 00:00:00,2025-02-12 23:59:00
17029211802,Sales Discount,B08VWKYVKS,20.98,21.4,2024-12-11 00:00:00,2025-01-31 23:59:00
17029211802,Sales Discount,B0C948KKRG,15.06,16.73,2024-12-11 00:00:00,2025-01-31 23:59:00
18062815702,Sales Discount,B08JCRVJX7,15.06,16.73,2025-03-01 00:00:00,2025-03-31 23:59:00
17492259202,Coupon,B09TJTTP84,18.31,18.6,2025-01-13 00:00:00,2025-02-12 23:59:00
17492259202,Coupon,B00RBUM5JQ,19.97,20.47,2025-01-13 00:00:00,2025-02-12 23:59:00
17492259202,Coupon,B096W2GHQV,18.37,18.6,2025-01-13 00:00:00,2025-02-12 23:59:00
17492259202,Coupon,B087JHVV7T,18.13,18.6,2025-01-13 00:00:00,2025-02-12 23:59:00
17492259202,Coupon,B08B8SJK6K,23.0,24.21,2025-01-13 00:00:00,2025-02-12 23:59:00
17029211802,Sales Discount,B0CS6HDRFW,15.0,15.79,2024-12-11 00:00:00,2025-01-31 23:59:00
17492259202,Coupon,B07C5Q7T4D,17.51,17.66,2025-01-13 00:00:00,2025-02-12 23:59:00
25401079802,Sales Discount,B0DJP4W7KC,22.72,23.27,2026-05-23 00:00:00,2026-06-06 23:59:00
18062815702,Sales Discount,B081TJ62WV,18.24,18.6,2025-03-01 00:00:00,2025-03-31 23:59:00
17492259202,Coupon,B094R1JQ6K,18.39,18.6,2025-01-13 00:00:00,2025-02-12 23:59:00
18062815702,Sales Discount,B09C6HJ2CC,13.43,14.92,2025-03-01 00:00:00,2025-03-31 23:59:00
18062815702,Sales Discount,B07C5Q7T4D,15.89,17.66,2025-03-01 00:00:00,2025-03-31 23:59:00
8f39fad6,Best Deal,B0CWPJTWXQ,15.96,0.0,2025-03-25 00:00:00,2025-03-31 23:55:00
25402148802,Sales Discount,B0CB8ZB9KT,16.45,16.73,2026-05-23 00:00:00,2026-06-06 23:59:00
17029211802,Sales Discount,B0BMQXCX1X,22.24,23.27,2024-12-11 00:00:00,2025-01-31 23:59:00
17029211802,Sales Discount,B0D2322MMQ,15.01,15.79,2024-12-11 00:00:00,2025-01-31 23:59:00
17029211802,Sales Discount,B07F1FKM3M,20.73,21.4,2024-12-11 00:00:00,2025-01-31 23:59:00
18062815702,Sales Discount,B075T9G9YS,23.08,24.21,2025-03-01 00:00:00,2025-03-31 23:59:00
16105181202,Sales Discount,B0DFCR6LPY,10.03,12.53,2024-10-10 00:01:00,2025-03-31 23:59:00
17492259202,Coupon,B09ZDLZXDM,18.29,18.6,2025-01-13 00:00:00,2025-02-12 23:59:00
17029211802,Sales Discount,B00RCYQUII,12.53,13.93,2024-12-11 00:00:00,2025-01-31 23:59:00
25401079802,Sales Discount,B0DHL6WSMT,24.86,26.07,2026-05-23 00:00:00,2026-06-06 23:59:00
17029211802,Sales Discount,B0D63B1QGN,15.06,16.73,2024-12-11 00:00:00,2025-01-31 23:59:00
18062815702,Sales Discount,B08XZLYCZ5,21.22,22.34,2025-03-01 00:00:00,2025-03-31 23:59:00
da7ca825,Best Deal,B0C946Q235,19.41,0.0,2025-05-21 00:00:00,2025-05-27 23:55:00
17492259202,Coupon,B00RBUM5JQ,19.44,20.47,2025-01-13 00:00:00,2025-02-12 23:59:00
18341715402,Coupon,B0DGGWX7WN,11.45,12.06,2025-03-24 00:00:00,2025-04-23 23:59:00
17029211802,Sales Discount,B0D22ZQTSC,20.12,20.47,2024-12-11 00:00:00,2025-01-31 23:59:00
17492259202,Coupon,B01BNV0IUQ,18.38,18.6,2025-01-13 00:00:00,2025-02-12 23:59:00
17492259202,Coupon,B08JCV95Y3,15.9,16.73,2025-01-13 00:00:00,2025-02-12 23:59:00
18062815702,Sales Discount,B00XU8AUC2,17.66,18.6,2025-03-01 00:00:00,2025-03-31 23:59:00
17492259202,Coupon,B07WH27VXM,19.96,20.47,2025-01-13 00:00:00,2025-02-12 23:59:00
17492259202,Coupon,B0DFCR6LPY,14.61,14.86,2025-01-13 00:00:00,2025-02-12 23:59:00
18062815702,Sales Discount,B0BX76VGXP,13.87,14.6,2025-03-01 00:00:00,2025-03-31 23:59:00
18062815702,Sales Discount,B08VX84KW4,18.28,18.6,2025-03-01 00:00:00,2025-03-31 23:59:00
17792199702,Coupon,B0D638MLB2,16.33,17.66,2025-02-17 00:00:00,2025-02-23 23:59:00
17492259202,Coupon,B01BNV0IUQ,17.68,18.6,2025-01-13 00:00:00,2025-02-12 23:59:00
17965660802,Price Discount,B00XU8EF0K,15.0,15.81,2025-02-24 00:00:00,2025-02-28 23:59:00
e5936dd2,Best Deal,B0CS6HDRFW,13.39,0.0,2024-12-26 00:00:00,2025-01-05 23:55:00
17492259202,Coupon,B07NNVS8M4,23.61,24.21,2025-01-13 00:00:00,2025-02-12 23:59:00
17492259202,Coupon,B0D92MFDPB,17.67,18.6,2025-01-13 00:00:00,2025-02-12 23:59:00
776b9f88,Best Deal,B09C6FG128,17.66,0.0,2025-03-25 00:00:00,2025-03-31 23:55:00
17492259202,Coupon,B08JCRVJX7,16.64,16.73,2025-01-13 00:00:00,2025-02-12 23:59:00
17029211802,Sales Discount,B08JCRVJX7,15.06,16.73,2024-12-11 00:00:00,2025-01-31 23:59:00
17029211802,Sales Discount,B09C6GDG72,20.33,21.4,2024-12-11 00:00:00,2025-01-31 23:59:00
17029211802,Sales Discount,B08JC9XBGM,18.39,18.6,2024-12-11 00:00:00,2025-01-31 23:59:00
17492259202,Coupon,B08VWKYVKS,21.16,21.4,2025-01-13 00:00:00,2025-02-12 23:59:00
776b9f88,Best Deal,B07KJMHWGW,16.81,0.0,2025-03-25 00:00:00,2025-03-31 23:55:00
17492259202,Coupon,B0CCJ8R191,17.22,17.66,2025-01-13 00:00:00,2025-02-12 23:59:00
e5936dd2,Best Deal,B096W2GHQV,15.85,18.6,2024-12-26 00:00:00,2025-01-05 23:55:00
17029211802,Sales Discount,B087JHVV7T,16.74,18.6,2024-12-11 00:00:00,2025-01-31 23:59:00
17492259202,Coupon,B0C2QPSPS6,18.15,18.6,2025-01-13 00:00:00,2025-02-12 23:59:00
17492259202,Coupon,B0DFCR6LPY,14.49,14.86,2025-01-13 00:00:00,2025-02-12 23:59:00
18062815702,Sales Discount,B096W3GD2S,21.41,22.34,2025-03-01 00:00:00,2025-03-31 23:59:00
18062815702,Sales Discount,B08VWV18N7,19.04,19.53,2025-03-01 00:00:00,2025-03-31 23:59:00
18062815702,Sales Discount,B082XFTS6H,21.23,22.34,2025-03-01 00:00:00,2025-03-31 23:59:00
8f39fad6,Best Deal,B0DFCR6LPY,13.41,12.53,2025-03-25 00:00:00,2025-03-31 23:55:00
18062815702,Sales Discount,B08VWV18N7,17.58,19.53,2025-03-01 00:00:00,2025-03-31 23:59:00
17492259202,Coupon,B0BD81KP8K,18.19,18.6,2025-01-13 00:00:00,2025-02-12 23:59:00
18341715402,Coupon,B0DFCRTV9C,10.37,10.92,2025-03-24 00:00:00,2025-04-23 23:59:00
17492259202,Coupon,B076MBD6KQ,15.59,15.79,2025-01-13 00:00:00,2025-02-12 23:59:00
18062815702,Sales Discount,B0CCJWSS2P,14.26,14.86,2025-03-01 00:00:00,2025-03-31 23:59:00
776b9f88,Best Deal,B01BNV0IUQ,15.71,0.0,2025-03-25 00:00:00,2025-03-31 23:55:00
17492259202,Coupon,B0D637HBP1,16.31,16.73,2025-01-13 00:00:00,2025-02-12 23:59:00
17029211802,Sales Discount,B0CMV8JRKN,17.67,18.6,2024-12-11 00:00:00,2025-01-31 23:59:00
18062815702,Sales Discount,B08XZLYCZ5,21.33,22.34,2025-03-01 00:00:00,2025-03-31 23:59:00
17492259202,Coupon,B01G7428BG,20.87,21.4,2025-01-13 00:00:00,2025-02-12 23:59:00
17492259202,Coupon,B072VJ9FFZ,16.77,17.66,2025-01-13 00:00:00,2025-02-12 23:59:00
17492259202,Coupon,B091Z4JQBD,18.37,18.6,2025-01-13 00:00:00,2025-02-12 23:59:00
17492259202,Coupon,B08QVYP7YH,22.04,22.34,2025-01-13 00:00:00,2025-02-12 23:59:00
17492259202,Coupon,B07B9FTCXV,23.6,24.21,2025-01-13 00:00:00,2025-02-12 23:59:00
17029211802,Sales Discount,B0BSQVND4T,19.26,21.4,2024-12-11 00:00:00,2025-01-31 23:59:00
17492259202,Coupon,B075T9G9YS,23.65,24.21,2025-01-13 00:00:00,2025-02-12 23:59:00
18062815702,Sales Discount,B08JC2YLYL,17.67,18.6,2025-03-01 00:00:00,2025-03-31 23:59:00
18062815702,Sales Discount,B07B9NWQ61,15.17,15.79,2025-03-01 00:00:00,2025-03-31 23:59:00
17492259202,Coupon,B0BD88S1FW,-0.88,0.0,2025-01-13 00:00:00,2025-02-12 23:59:00
17492259202,Coupon,B076MBD6KQ,-0.79,0.0,2025-01-13 00:00:00,2025-02-12 23:59:00
17492259202,Coupon,B08QVYP7YH,21.79,22.34,2025-01-13 00:00:00,2025-02-12 23:59:00
17029211802,Sales Discount,B08NPF3LJ7,14.01,14.74,2024-12-11 00:00:00,2025-01-31 23:59:00
17029211802,Sales Discount,B0C947V4GH,16.74,18.6,2024-12-11 00:00:00,2025-01-31 23:59:00
18062815702,Sales Discount,B08NPB4GCD,15.06,16.73,2025-03-01 00:00:00,2025-03-31 23:59:00
17492259202,Coupon,B08DCXNCWS,-0.93,0.0,2025-01-13 00:00:00,2025-02-12 23:59:00
18062815702,Sales Discount,B00XU8EF0K,18.31,18.6,2025-03-01 00:00:00,2025-03-31 23:59:00
18062815702,Sales Discount,B08GCFFDMH,14.95,15.71,2025-03-01 00:00:00,2025-03-31 23:59:00
18062815702,Sales Discount,B08GCTM58N,14.94,15.71,2025-03-01 00:00:00,2025-03-31 23:59:00
25401079802,Sales Discount,B0CB87LMH1,36.5,37.3,2026-05-23 00:00:00,2026-06-06 23:59:00
17492259202,Coupon,B09C6FG128,24.51,25.14,2025-01-13 00:00:00,2025-02-12 23:59:00
18341715402,Coupon,B0DFCR6LPY,12.37,12.53,2025-03-24 00:00:00,2025-04-23 23:59:00
17492259202,Coupon,B075T7D86D,18.18,18.6,2025-01-13 00:00:00,2025-02-12 23:59:00
18062815702,Sales Discount,B00RCYQUII,12.53,13.93,2025-03-01 00:00:00,2025-03-31 23:59:00
17492259202,Coupon,B06XR9VG7N,18.18,18.6,2025-01-13 00:00:00,2025-02-12 23:59:00
776b9f88,Best Deal,B01BNV0IUQ,15.71,14.68,2025-03-25 00:00:00,2025-03-31 23:55:00
17492259202,Coupon,B0C6FHHJFM,15.43,15.79,2025-01-13 00:00:00,2025-02-12 23:59:00
17492259202,Coupon,B01CYDY6TQ,18.28,18.6,2025-01-13 00:00:00,2025-02-12 23:59:00
17492259202,Coupon,B0C947V4GH,17.67,18.6,2025-01-13 00:00:00,2025-02-12 23:59:00
18062815702,Sales Discount,B081TJ62WV,17.98,18.6,2025-03-01 00:00:00,2025-03-31 23:59:00
18062815702,Sales Discount,B08QVWRHP2,21.75,22.34,2025-03-01 00:00:00,2025-03-31 23:59:00
17492259202,Coupon,B081TJ62WV,18.13,18.6,2025-01-13 00:00:00,2025-02-12 23:59:00
17029211802,Sales Discount,B08JC9XBGM,-1.86,0.0,2024-12-11 00:00:00,2025-01-31 23:59:00
18062815702,Sales Discount,B00RBUM5JQ,18.42,20.47,2025-03-01 00:00:00,2025-03-31 23:59:00
17492259202,Coupon,B08JC2YLYL,18.16,18.6,2025-01-13 00:00:00,2025-02-12 23:59:00
17492259202,Coupon,B09NRH7WP6,11.45,12.06,2025-01-13 00:00:00,2025-02-12 23:59:00
17492259202,Coupon,B0D638MLB2,16.77,17.66,2025-01-13 00:00:00,2025-02-12 23:59:00
776b9f88,Best Deal,B0CHWM51XY,14.26,13.33,2025-03-25 00:00:00,2025-03-31 23:55:00
776b9f88,Best Deal,B096W5QCHX,19.36,18.09,2025-03-25 00:00:00,2025-03-31 23:55:00
17029211802,Sales Discount,B096W54FGM,15.99,16.73,2024-12-11 00:00:00,2025-01-31 23:59:00
da7ca825,Best Deal,B0CS6HDRFW,13.34,12.47,2025-05-21 00:00:00,2025-05-27 23:55:00
17492259202,Coupon,B00RCYQUII,13.71,13.93,2025-01-13 00:00:00,2025-02-12 23:59:00
17029211802,Sales Discount,B07DGGD49G,20.9,21.4,2024-12-11 00:00:00,2025-01-31 23:59:00
17492259202,Coupon,B0B6WGC16M,23.0,24.21,2025-01-13 00:00:00,2025-02-12 23:59:00
17492259202,Coupon,B0BD81KP8K,18.14,18.6,2025-01-13 00:00:00,2025-02-12 23:59:00
17492259202,Coupon,B0C2QM9WK6,18.18,18.6,2025-01-13 00:00:00,2025-02-12 23:59:00
e5936dd2,Best Deal,B0BK8W6JM3,15.72,0.0,2024-12-26 00:00:00,2025-01-05 23:55:00
17029211802,Sales Discount,B08DCZD13T,17.98,18.6,2024-12-11 00:00:00,2025-01-31 23:59:00
17029211802,Sales Discount,B0CPJG6XL8,19.26,21.4,2024-12-11 00:00:00,2025-01-31 23:59:00
25402148802,Sales Discount,B0C93RMXRR,29.43,30.75,2026-05-23 00:00:00,2026-06-06 23:59:00
e5936dd2,Best Deal,B0BD88S1FW,15.13,14.14,2024-12-26 00:00:00,2025-01-05 23:55:00
17029211802,Sales Discount,B01D3FVKBG,20.33,21.4,2024-12-11 00:00:00,2025-01-31 23:59:00
18062815702,Sales Discount,B076MBD6KQ,11.18,12.42,2025-03-01 00:00:00,2025-03-31 23:59:00
18062815702,Sales Discount,B094R1JQ6K,17.75,18.6,2025-03-01 00:00:00,2025-03-31 23:59:00
776b9f88,Best Deal,B086XBB126,14.26,0.0,2025-03-25 00:00:00,2025-03-31 23:55:00
17029211802,Sales Discount,B0B2PSK2MC,20.31,21.4,2024-12-11 00:00:00,2025-01-31 23:59:00
18062815702,Sales Discount,B09GD1YKWW,16.74,18.6,2025-03-01 00:00:00,2025-03-31 23:59:00
18062815702,Sales Discount,B08GCTM58N,18.1,18.6,2025-03-01 00:00:00,2025-03-31 23:59:00
17492259202,Coupon,B00RCYQUII,13.62,13.93,2025-01-13 00:00:00,2025-02-12 23:59:00
da7ca825,Best Deal,B0D22ZQTSC,17.42,16.28,2025-05-21 00:00:00,2025-05-27 23:55:00
18062815702,Sales Discount,B082XFTS6H,21.78,22.34,2025-03-01 00:00:00,2025-03-31 23:59:00
18062815702,Sales Discount,B0BD85KJQV,21.33,22.34,2025-03-01 00:00:00,2025-03-31 23:59:00
17492259202,Coupon,B08JC9XBGM,18.17,18.6,2025-01-13 00:00:00,2025-02-12 23:59:00
17492259202,Coupon,B08VWKYVKS,21.25,21.4,2025-01-13 00:00:00,2025-02-12 23:59:00
18062815702,Sales Discount,B0D63B1QGN,12.71,14.12,2025-03-01 00:00:00,2025-03-31 23:59:00
17492259202,Coupon,B096W2GHQV,18.15,18.6,2025-01-13 00:00:00,2025-02-12 23:59:00
776b9f88,Best Deal,B087JHVV7T,16.81,15.71,2025-03-25 00:00:00,2025-03-31 23:55:00
17492259202,Coupon,B082XFTS6H,22.15,22.34,2025-01-13 00:00:00,2025-02-12 23:59:00
17492259202,Coupon,B08JC9NN3X,-0.84,0.0,2025-01-13 00:00:00,2025-02-12 23:59:00
17492259202,Coupon,B08XZLYCZ5,21.84,22.34,2025-01-13 00:00:00,2025-02-12 23:59:00
17492259202,Coupon,B0CCJWSS2P,13.58,13.93,2025-01-13 00:00:00,2025-02-12 23:59:00
18062815702,Sales Discount,B09C6GDG72,17.19,18.09,2025-03-01 00:00:00,2025-03-31 23:59:00
18062815702,Sales Discount,B0C94719Z8,13.87,14.6,2025-03-01 00:00:00,2025-03-31 23:59:00
e5936dd2,Best Deal,B0C947V4GH,15.81,0.0,2024-12-26 00:00:00,2025-01-05 23:55:00
25401016002,Sales Discount,B0C93RMXRR,29.22,30.75,2026-05-23 00:00:00,2026-06-06 23:59:00
17492259202,Coupon,B01MCZD91A,14.12,14.86,2025-01-13 00:00:00,2025-02-12 23:59:00
17492259202,Coupon,B0CPJFC9BP,19.96,20.47,2025-01-13 00:00:00,2025-02-12 23:59:00
17029211802,Sales Discount,B08JCRVJX7,12.54,13.19,2024-12-11 00:00:00,2025-01-31 23:59:00
18341715402,Coupon,B0DK9L5MWL,10.38,10.92,2025-03-24 00:00:00,2025-04-23 23:59:00
17492259202,Coupon,B08NPB4GCD,16.47,16.73,2025-01-13 00:00:00,2025-02-12 23:59:00
17029211802,Sales Discount,B08QVWRHP2,21.71,22.34,2024-12-11 00:00:00,2025-01-31 23:59:00
17492259202,Coupon,B07R5XPNMP,17.67,18.6,2025-01-13 00:00:00,2025-02-12 23:59:00
17492259202,Coupon,B082XFTS6H,-1.12,0.0,2025-01-13 00:00:00,2025-02-12 23:59:00
25401079802,Sales Discount,B0CB8ZB9KT,15.9,16.73,2026-05-23 00:00:00,2026-06-06 23:59:00
17492259202,Coupon,B08XZLYCZ5,21.78,22.34,2025-01-13 00:00:00,2025-02-12 23:59:00
24569252002,Sales Discount,B08GCFFDMH,13.61,18.6,2026-03-30 09:01:00,2027-01-01 09:01:00
17492259202,Coupon,B09TJTTP84,17.67,18.6,2025-01-13 00:00:00,2025-02-12 23:59:00
776b9f88,Best Deal,B075T9G9YS,21.91,0.0,2025-03-25 00:00:00,2025-03-31 23:55:00
17029211802,Sales Discount,B0C94719Z8,16.74,18.6,2024-12-11 00:00:00,2025-01-31 23:59:00
da7ca825,Best Deal,B0DK9L5MWL,11.63,10.87,2025-05-21 00:00:00,2025-05-27 23:55:00
17492259202,Coupon,B08XZLYCZ5,21.91,22.34,2025-01-13 00:00:00,2025-02-12 23:59:00
e5936dd2,Best Deal,B0C947B32V,15.95,14.91,2024-12-26 00:00:00,2025-01-05 23:55:00
17492259202,Coupon,B087JK7673,18.14,18.6,2025-01-13 00:00:00,2025-02-12 23:59:00
18062815702,Sales Discount,B08QVYP7YH,21.23,22.34,2025-03-01 00:00:00,2025-03-31 23:59:00
17492259202,Coupon,B077QNG9M4,17.67,18.6,2025-01-13 00:00:00,2025-02-12 23:59:00
16105181202,Sales Discount,B00N1QKQ5Y,13.38,16.73,2024-10-10 00:01:00,2025-03-31 23:59:00
17029211802,Sales Discount,B09ZDLZXDM,16.74,18.6,2024-12-11 00:00:00,2025-01-31 23:59:00
17492259202,Coupon,B087JJ4M8H,24.76,26.07,2025-01-13 00:00:00,2025-02-12 23:59:00
17029211802,Sales Discount,B0DFCRNY8W,15.06,16.73,2024-12-11 00:00:00,2025-01-31 23:59:00
17029211802,Sales Discount,B07B9NWQ61,15.54,15.79,2024-12-11 00:00:00,2025-01-31 23:59:00
18062815702,Sales Discount,B072VJ9FFZ,16.22,16.68,2025-03-01 00:00:00,2025-03-31 23:59:00
17492259202,Coupon,B08XZLYCZ5,21.22,22.34,2025-01-13 00:00:00,2025-02-12 23:59:00
18062815702,Sales Discount,B086XBB126,12.69,13.33,2025-03-01 00:00:00,2025-03-31 23:59:00
18062815702,Sales Discount,B0BX76VGXP,17.98,18.6,2025-03-01 00:00:00,2025-03-31 23:59:00
18062815702,Sales Discount,B08JC9XBGM,15.82,17.57,2025-03-01 00:00:00,2025-03-31 23:59:00
18062815702,Sales Discount,B08GCTM58N,14.97,15.71,2025-03-01 00:00:00,2025-03-31 23:59:00
17492259202,Coupon,B0B6WCHGMK,13.65,13.93,2025-01-13 00:00:00,2025-02-12 23:59:00
e5936dd2,Best Deal,B076MBD6KQ,13.39,12.51,2024-12-26 00:00:00,2025-01-05 23:55:00
17492259202,Coupon,B094R1JQ6K,18.13,18.6,2025-01-13 00:00:00,2025-02-12 23:59:00
17492259202,Coupon,B0C2QPSPS6,17.67,18.6,2025-01-13 00:00:00,2025-02-12 23:59:00
776b9f88,Best Deal,B08DCXNCWS,16.81,15.71,2025-03-25 00:00:00,2025-03-31 23:55:00
17492259202,Coupon,B08DCY34MX,16.46,16.73,2025-01-13 00:00:00,2025-02-12 23:59:00
17492259202,Coupon,B0BD88S1FW,17.22,17.66,2025-01-13 00:00:00,2025-02-12 23:59:00
17029211802,Sales Discount,B0BMQTBYKT,13.96,14.69,2024-12-11 00:00:00,2025-01-31 23:59:00
18062815702,Sales Discount,B0BSQX5P4L,15.9,17.66,2025-03-01 00:00:00,2025-03-31 23:59:00
17492259202,Coupon,B08QVYP7YH,21.98,22.34,2025-01-13 00:00:00,2025-02-12 23:59:00
17492259202,Coupon,B0BK8WLZT5,17.22,17.66,2025-01-13 00:00:00,2025-02-12 23:59:00
17492259202,Coupon,B07F1FKM3M,20.86,21.4,2025-01-13 00:00:00,2025-02-12 23:59:00
17492259202,Coupon,B081TJ62WV,18.19,18.6,2025-01-13 00:00:00,2025-02-12 23:59:00
17029211802,Sales Discount,B0D2322MMQ,11.98,13.32,2024-12-11 00:00:00,2025-01-31 23:59:00
25401016002,Sales Discount,B0DJP4W7KC,22.11,23.27,2026-05-23 00:00:00,2026-06-06 23:59:00
18062815702,Sales Discount,B0CWPJTWXQ,16.86,17.66,2025-03-01 00:00:00,2025-03-31 23:59:00
17492259202,Coupon,B00RCYQUII,13.79,13.93,2025-01-13 00:00:00,2025-02-12 23:59:00
17792199702,Coupon,B0CWPJTWXQ,15.01,17.66,2025-02-17 00:00:00,2025-02-23 23:59:00
17492259202,Coupon,B01BNV0IUQ,18.33,18.6,2025-01-13 00:00:00,2025-02-12 23:59:00
17492259202,Coupon,B08QVYP7YH,22.15,22.34,2025-01-13 00:00:00,2025-02-12 23:59:00
17492259202,Coupon,B07DGFDLKP,19.96,20.47,2025-01-13 00:00:00,2025-02-12 23:59:00
25402148802,Sales Discount,B0DHL6WSMT,25.37,26.07,2026-05-23 00:00:00,2026-06-06 23:59:00
18062815702,Sales Discount,B0BX76VGXP,13.14,14.6,2025-03-01 00:00:00,2025-03-31 23:59:00
17965660802,Price Discount,B076MBD6KQ,15.0,13.43,2025-02-24 00:00:00,2025-02-28 23:59:00
18062815702,Sales Discount,B096W5QCHX,20.41,21.4,2025-03-01 00:00:00,2025-03-31 23:59:00
17492259202,Coupon,B094R1JQ6K,18.16,18.6,2025-01-13 00:00:00,2025-02-12 23:59:00
17492259202,Coupon,B094R1JQ6K,18.21,18.6,2025-01-13 00:00:00,2025-02-12 23:59:00
18062815702,Sales Discount,B0B2PSK2MC,16.28,18.09,2025-03-01 00:00:00,2025-03-31 23:59:00
17492259202,Coupon,B01BNV0IUQ,18.14,18.6,2025-01-13 00:00:00,2025-02-12 23:59:00
17029211802,Sales Discount,B06XR9VG7N,18.0,18.6,2024-12-11 00:00:00,2025-01-31 23:59:00
17029211802,Sales Discount,B08DDBGBZG,16.06,17.84,2024-12-11 00:00:00,2025-01-31 23:59:00
17029211802,Sales Discount,B07F1FKM3M,20.34,21.4,2024-12-11 00:00:00,2025-01-31 23:59:00
18062815702,Sales Discount,B094R1JQ6K,17.71,18.6,2025-03-01 00:00:00,2025-03-31 23:59:00
17492259202,Coupon,B08QVYP7YH,21.97,22.34,2025-01-13 00:00:00,2025-02-12 23:59:00
17492259202,Coupon,B0C94548F5,18.21,18.6,2025-01-13 00:00:00,2025-02-12 23:59:00
18062815702,Sales Discount,B094R1JQ6K,18.03,18.6,2025-03-01 00:00:00,2025-03-31 23:59:00
17029211802,Sales Discount,B00XU8EF0K,17.67,18.6,2024-12-11 00:00:00,2025-01-31 23:59:00
da7ca825,Best Deal,B0D47FKGDD,11.67,0.0,2025-05-21 00:00:00,2025-05-27 23:55:00
18062815702,Sales Discount,B0CPJFC9BP,18.42,20.47,2025-03-01 00:00:00,2025-03-31 23:59:00
17492259202,Coupon,B075FDD21R,15.0,15.79,2025-01-13 00:00:00,2025-02-12 23:59:00
18062815702,Sales Discount,B0B2Q12FVY,17.78,18.6,2025-03-01 00:00:00,2025-03-31 23:59:00
18062815702,Sales Discount,B0BK8W6JM3,16.74,18.6,2025-03-01 00:00:00,2025-03-31 23:59:00
17492259202,Coupon,B08JC2YLYL,18.4,18.6,2025-01-13 00:00:00,2025-02-12 23:59:00
18062815702,Sales Discount,B00N1QKQ5Y,15.06,16.73,2025-03-01 00:00:00,2025-03-31 23:59:00
17492259202,Coupon,B077QQ2XV8,16.77,17.66,2025-01-13 00:00:00,2025-02-12 23:59:00
16105181202,Sales Discount,B0CCJVV9GF,14.88,18.6,2024-10-10 00:01:00,2025-03-31 23:59:00
17492259202,Coupon,B075T9G9YS,23.94,24.21,2025-01-13 00:00:00,2025-02-12 23:59:00
17492259202,Coupon,B07F1FKM3M,21.04,21.4,2025-01-13 00:00:00,2025-02-12 23:59:00
17492259202,Coupon,B0BD81KP8K,18.13,18.6,2025-01-13 00:00:00,2025-02-12 23:59:00
da7ca825,Best Deal,B0D63B1QGN,15.06,0.0,2025-05-21 00:00:00,2025-05-27 23:55:00
17492259202,Coupon,B08GCFFDMH,18.13,18.6,2025-01-13 00:00:00,2025-02-12 23:59:00
17492259202,Coupon,B01G7428BG,21.15,21.4,2025-01-13 00:00:00,2025-02-12 23:59:00
18062815702,Sales Discount,B09C6HJ2CC,14.5,14.92,2025-03-01 00:00:00,2025-03-31 23:59:00
24409634402,Sales Discount,B0DXFV5SYV,17.67,18.6,2026-03-17 21:00:00,2026-03-31 23:59:00
25402148802,Sales Discount,B0DJP4W7KC,22.26,23.27,2026-05-23 00:00:00,2026-06-06 23:59:00
18062815702,Sales Discount,B08JC2YLYL,13.89,14.6,2025-03-01 00:00:00,2025-03-31 23:59:00
18062815702,Sales Discount,B075T9G9YS,19.84,20.48,2025-03-01 00:00:00,2025-03-31 23:59:00
17492259202,Coupon,B09TJTTP84,18.38,18.6,2025-01-13 00:00:00,2025-02-12 23:59:00
17492259202,Coupon,B01D3FVKBG,20.86,21.4,2025-01-13 00:00:00,2025-02-12 23:59:00
17029211802,Sales Discount,B00RBUM5JQ,18.42,20.47,2024-12-11 00:00:00,2025-01-31 23:59:00
17492259202,Coupon,B075T7D86D,17.67,18.6,2025-01-13 00:00:00,2025-02-12 23:59:00
18062815702,Sales Discount,B08VWV18N7,19.15,19.53,2025-03-01 00:00:00,2025-03-31 23:59:00
17492259202,Coupon,B07PM7B4NK,35.45,36.36,2025-01-13 00:00:00,2025-02-12 23:59:00
18062815702,Sales Discount,B096W3WGCN,14.99,15.71,2025-03-01 00:00:00,2025-03-31 23:59:00
17492259202,Coupon,B087JTHDN1,16.77,17.66,2025-01-13 00:00:00,2025-02-12 23:59:00
17492259202,Coupon,B0BSQX5P4L,17.27,17.66,2025-01-13 00:00:00,2025-02-12 23:59:00
18062815702,Sales Discount,B06XR9VG7N,17.71,18.6,2025-03-01 00:00:00,2025-03-31 23:59:00
25401079802,Sales Discount,B0DJP4W7KC,22.11,23.27,2026-05-23 00:00:00,2026-06-06 23:59:00
17492259202,Coupon,B07KJMHWGW,17.67,18.6,2025-01-13 00:00:00,2025-02-12 23:59:00
da7ca825,Best Deal,B0CHWM51XY,14.21,13.28,2025-05-21 00:00:00,2025-05-27 23:55:00
17492259202,Coupon,B096W54FGM,16.33,16.73,2025-01-13 00:00:00,2025-02-12 23:59:00
776b9f88,Best Deal,B086XBB126,14.26,13.33,2025-03-25 00:00:00,2025-03-31 23:55:00
17965660802,Price Discount,B076MBD6KQ,15.0,0.0,2025-02-24 00:00:00,2025-02-28 23:59:00
17492259202,Coupon,B0CHWM51XY,15.55,15.79,2025-01-13 00:00:00,2025-02-12 23:59:00
17492259202,Coupon,B0D22ZQTSC,-1.03,0.0,2025-01-13 00:00:00,2025-02-12 23:59:00
18062815702,Sales Discount,B09C6GDG72,16.28,18.09,2025-03-01 00:00:00,2025-03-31 23:59:00
17492259202,Coupon,B09C6GDG72,20.86,21.4,2025-01-13 00:00:00,2025-02-12 23:59:00
18062815702,Sales Discount,B0B2Q12FVY,18.03,18.6,2025-03-01 00:00:00,2025-03-31 23:59:00
17029211802,Sales Discount,B00RCYQUII,13.28,13.93,2024-12-11 00:00:00,2025-01-31 23:59:00
17029211802,Sales Discount,B0CPJG6XL8,20.44,21.4,2024-12-11 00:00:00,2025-01-31 23:59:00
17029211802,Sales Discount,B094R1JQ6K,18.04,18.6,2024-12-11 00:00:00,2025-01-31 23:59:00
776b9f88,Best Deal,B096W54FGM,15.11,14.12,2025-03-25 00:00:00,2025-03-31 23:55:00
17492259202,Coupon,B01FFWYDVO,17.26,17.66,2025-01-13 00:00:00,2025-02-12 23:59:00
17492259202,Coupon,B0C94719Z8,18.13,18.6,2025-01-13 00:00:00,2025-02-12 23:59:00
17492259202,Coupon,B00RBUM5JQ,20.01,20.47,2025-01-13 00:00:00,2025-02-12 23:59:00
18062815702,Sales Discount,B0C94548F5,18.28,18.6,2025-03-01 00:00:00,2025-03-31 23:59:00
18341715402,Coupon,B0DFCQLLSY,12.67,12.99,2025-03-24 00:00:00,2025-04-23 23:59:00
776b9f88,Best Deal,B08NPF3LJ7,16.9,0.0,2025-03-25 00:00:00,2025-03-31 23:55:00
17492259202,Coupon,B0D638MLB2,17.48,17.66,2025-01-13 00:00:00,2025-02-12 23:59:00
17492259202,Coupon,B07WH27VXM,20.03,20.47,2025-01-13 00:00:00,2025-02-12 23:59:00
17029211802,Sales Discount,B09C6FG128,22.63,25.14,2024-12-11 00:00:00,2025-01-31 23:59:00
24569252002,Sales Discount,B08QVYP7YH,15.28,22.34,2026-03-30 09:01:00,2027-01-01 09:01:00
17492259202,Coupon,B075T82C1X,17.67,18.6,2025-01-13 00:00:00,2025-02-12 23:59:00
25401016002,Sales Discount,B0C8Z557HT,27.67,30.75,2026-05-23 00:00:00,2026-06-06 23:59:00
18062815702,Sales Discount,B0DFCRNY8W,15.94,16.73,2025-03-01 00:00:00,2025-03-31 23:59:00
18062815702,Sales Discount,B08JCV95Y3,12.71,14.12,2025-03-01 00:00:00,2025-03-31 23:59:00
18062815702,Sales Discount,B08JC2YLYL,16.74,18.6,2025-03-01 00:00:00,2025-03-31 23:59:00
17492259202,Coupon,B0BSQX5P4L,17.22,17.66,2025-01-13 00:00:00,2025-02-12 23:59:00
776b9f88,Best Deal,B00XU8AUC2,16.81,0.0,2025-03-25 00:00:00,2025-03-31 23:55:00
18062815702,Sales Discount,B08QVYP7YH,17.83,18.61,2025-03-01 00:00:00,2025-03-31 23:59:00
18062815702,Sales Discount,B07DGGD49G,16.28,18.09,2025-03-01 00:00:00,2025-03-31 23:59:00
776b9f88,Best Deal,B081TDP6YF,27.01,25.24,2025-03-25 00:00:00,2025-03-31 23:55:00
8f39fad6,Best Deal,B0DFCRNY8W,15.11,14.12,2025-03-25 00:00:00,2025-03-31 23:55:00
18062815702,Sales Discount,B087JK7673,14.14,15.71,2025-03-01 00:00:00,2025-03-31 23:59:00
17492259202,Coupon,B0CHWM51XY,15.4,15.79,2025-01-13 00:00:00,2025-02-12 23:59:00
776b9f88,Best Deal,B0C2QM9WK6,16.81,15.71,2025-03-25 00:00:00,2025-03-31 23:55:00
18465947002,Price Discount,B0DK9L5MWL,16.0,10.92,2025-03-25 16:31:00,2025-03-31 23:59:00
25401016002,Sales Discount,B0CB8ZB9KT,16.03,16.73,2026-05-23 00:00:00,2026-06-06 23:59:00
18062815702,Sales Discount,B0DFCRTV9C,11.69,12.99,2025-03-01 00:00:00,2025-03-31 23:59:00
17492259202,Coupon,B01MCZD91A,14.61,14.86,2025-01-13 00:00:00,2025-02-12 23:59:00
17965660802,Price Discount,B08QVYP7YH,15.0,0.0,2025-02-24 00:00:00,2025-02-28 23:59:00
17492259202,Coupon,B08JC2YLYL,18.31,18.6,2025-01-13 00:00:00,2025-02-12 23:59:00
17029211802,Sales Discount,B08NPB4GCD,15.06,16.73,2024-12-11 00:00:00,2025-01-31 23:59:00
17492259202,Coupon,B08JC2YLYL,-0.93,0.0,2025-01-13 00:00:00,2025-02-12 23:59:00
17029211802,Sales Discount,B08VWKYVKS,21.2,21.4,2024-12-11 00:00:00,2025-01-31 23:59:00
17029211802,Sales Discount,B072VJ9FFZ,15.9,17.66,2024-12-11 00:00:00,2025-01-31 23:59:00
17029211802,Sales Discount,B096W5QCHX,19.26,21.4,2024-12-11 00:00:00,2025-01-31 23:59:00
17492259202,Coupon,B0BK8WLZT5,-0.89,0.0,2025-01-13 00:00:00,2025-02-12 23:59:00
17029211802,Sales Discount,B096W54FGM,15.06,16.73,2024-12-11 00:00:00,2025-01-31 23:59:00
17492259202,Coupon,B01G7428BG,20.9,21.4,2025-01-13 00:00:00,2025-02-12 23:59:00
18062815702,Sales Discount,B07B9NWQ61,12.0,13.33,2025-03-01 00:00:00,2025-03-31 23:59:00
16105181202,Sales Discount,B07WH27VXM,16.38,20.47,2024-10-10 00:01:00,2025-03-31 23:59:00
17492259202,Coupon,B07DGFDLKP,19.44,20.47,2025-01-13 00:00:00,2025-02-12 23:59:00
17492259202,Coupon,B09TJXDWKF,21.79,22.34,2025-01-13 00:00:00,2025-02-12 23:59:00
18062815702,Sales Discount,B0BD85KJQV,20.1,22.34,2025-03-01 00:00:00,2025-03-31 23:59:00
25401016002,Sales Discount,B0DR9CLXV5,13.62,13.92,2026-05-23 00:00:00,2026-06-06 23:59:00
18062815702,Sales Discount,B0BD81KP8K,17.73,18.6,2025-03-01 00:00:00,2025-03-31 23:59:00
17492259202,Coupon,B096W54FGM,16.47,16.73,2025-01-13 00:00:00,2025-02-12 23:59:00
17492259202,Coupon,B091Z1H8RK,22.1,23.27,2025-01-13 00:00:00,2025-02-12 23:59:00
776b9f88,Best Deal,B085YFBCNL,20.21,18.89,2025-03-25 00:00:00,2025-03-31 23:55:00
18062815702,Sales Discount,B086XBB126,12.8,13.33,2025-03-01 00:00:00,2025-03-31 23:59:00
17492259202,Coupon,B07WH27VXM,19.45,20.47,2025-01-13 00:00:00,2025-02-12 23:59:00
17492259202,Coupon,B072VJ9FFZ,17.22,17.66,2025-01-13 00:00:00,2025-02-12 23:59:00
17029211802,Sales Discount,B0D637HBP1,15.9,16.73,2024-12-11 00:00:00,2025-01-31 23:59:00
17492259202,Coupon,B0DFCRNY8W,16.31,16.73,2025-01-13 00:00:00,2025-02-12 23:59:00
18062815702,Sales Discount,B085YFBCNL,20.11,22.34,2025-03-01 00:00:00,2025-03-31 23:59:00
18062815702,Sales Discount,B087JHVV7T,17.7,18.6,2025-03-01 00:00:00,2025-03-31 23:59:00
18062815702,Sales Discount,B096W2GHQV,13.98,14.72,2025-03-01 00:00:00,2025-03-31 23:59:00
17029211802,Sales Discount,B0B6WGC16M,21.79,24.21,2024-12-11 00:00:00,2025-01-31 23:59:00
16105181202,Sales Discount,B0BK8STFVG,11.75,14.69,2024-10-10 00:01:00,2025-03-31 23:59:00
17029211802,Sales Discount,B096W3WGCN,16.74,18.6,2024-12-11 00:00:00,2025-01-31 23:59:00
18062815702,Sales Discount,B08QVWRHP2,20.11,22.34,2025-03-01 00:00:00,2025-03-31 23:59:00
17029211802,Sales Discount,B0BK8X47M5,15.39,15.79,2024-12-11 00:00:00,2025-01-31 23:59:00
17492259202,Coupon,B09TJTTP84,18.45,18.6,2025-01-13 00:00:00,2025-02-12 23:59:00
17492259202,Coupon,B0C2QM9WK6,17.67,18.6,2025-01-13 00:00:00,2025-02-12 23:59:00
17029211802,Sales Discount,B09C6HJ2CC,17.16,17.66,2024-12-11 00:00:00,2025-01-31 23:59:00
17492259202,Coupon,B08VWKYVKS,20.98,21.4,2025-01-13 00:00:00,2025-02-12 23:59:00
18062815702,Sales Discount,B096W3GD2S,20.11,22.34,2025-03-01 00:00:00,2025-03-31 23:59:00
8f39fad6,Best Deal,B0DFCRNY8W,15.11,0.0,2025-03-25 00:00:00,2025-03-31 23:55:00
17492259202,Coupon,B08VWF8Y96,18.29,18.6,2025-01-13 00:00:00,2025-02-12 23:59:00
18062815702,Sales Discount,B096W2GHQV,14.3,14.72,2025-03-01 00:00:00,2025-03-31 23:59:00
17029211802,Sales Discount,B07F1FKM3M,17.18,18.09,2024-12-11 00:00:00,2025-01-31 23:59:00
18062815702,Sales Discount,B0C94548F5,18.02,18.6,2025-03-01 00:00:00,2025-03-31 23:59:00
17029211802,Sales Discount,B096W2GHQV,16.74,18.6,2024-12-11 00:00:00,2025-01-31 23:59:00
17029211802,Sales Discount,B0D637HBP1,15.06,16.73,2024-12-11 00:00:00,2025-01-31 23:59:00
18062815702,Sales Discount,B094R1JQ6K,18.14,18.6,2025-03-01 00:00:00,2025-03-31 23:59:00
18062815702,Sales Discount,B07ZQHMLQY,14.14,15.71,2025-03-01 00:00:00,2025-03-31 23:59:00
776b9f88,Best Deal,B0B2WSTP9W,16.81,15.71,2025-03-25 00:00:00,2025-03-31 23:55:00
18062815702,Sales Discount,B08QVYP7YH,17.99,18.61,2025-03-01 00:00:00,2025-03-31 23:59:00
18062815702,Sales Discount,B08GCFFDMH,14.14,15.71,2025-03-01 00:00:00,2025-03-31 23:59:00
776b9f88,Best Deal,B0CHSK39WM,11.2,10.47,2025-03-25 00:00:00,2025-03-31 23:55:00
18062815702,Sales Discount,B07B9NWQ61,13.01,13.33,2025-03-01 00:00:00,2025-03-31 23:59:00
776b9f88,Best Deal,B082XFTS6H,20.21,0.0,2025-03-25 00:00:00,2025-03-31 23:55:00
17492259202,Coupon,B0CCJWSS2P,13.23,13.93,2025-01-13 00:00:00,2025-02-12 23:59:00
18062815702,Sales Discount,B096W5QCHX,19.26,21.4,2025-03-01 00:00:00,2025-03-31 23:59:00
18062815702,Sales Discount,B072VJ9FFZ,-1.77,0.0,2025-03-01 00:00:00,2025-03-31 23:59:00
17492259202,Coupon,B00RBUM5JQ,20.22,20.47,2025-01-13 00:00:00,2025-02-12 23:59:00
17492259202,Coupon,B08JC2YLYL,-0.42,0.0,2025-01-13 00:00:00,2025-02-12 23:59:00
17029211802,Sales Discount,B075T82C1X,18.04,18.6,2024-12-11 00:00:00,2025-01-31 23:59:00
17492259202,Coupon,B076MBD6KQ,15.56,15.79,2025-01-13 00:00:00,2025-02-12 23:59:00
18062815702,Sales Discount,B08QVYP7YH,16.75,18.61,2025-03-01 00:00:00,2025-03-31 23:59:00
17492259202,Coupon,B094R1JQ6K,18.37,18.6,2025-01-13 00:00:00,2025-02-12 23:59:00
18062815702,Sales Discount,B0BSQVND4T,20.71,21.4,2025-03-01 00:00:00,2025-03-31 23:59:00
17492259202,Coupon,B01G7428BG,21.16,21.4,2025-01-13 00:00:00,2025-02-12 23:59:00
776b9f88,Best Deal,B08QVYP7YH,19.91,18.61,2025-03-25 00:00:00,2025-03-31 23:55:00
e5936dd2,Best Deal,B07WH27VXM,16.53,15.45,2024-12-26 00:00:00,2025-01-05 23:55:00
17492259202,Coupon,B0DFCQLLSY,12.34,12.99,2025-01-13 00:00:00,2025-02-12 23:59:00
17492259202,Coupon,B0D22ZQTSC,19.96,20.47,2025-01-13 00:00:00,2025-02-12 23:59:00
18062815702,Sales Discount,B0BK8X47M5,15.04,15.79,2025-03-01 00:00:00,2025-03-31 23:59:00
17029211802,Sales Discount,B08JC9NN3X,-1.67,0.0,2024-12-11 00:00:00,2025-01-31 23:59:00
17492259202,Coupon,B091Z4JQBD,18.18,18.6,2025-01-13 00:00:00,2025-02-12 23:59:00
18062815702,Sales Discount,B0BMQXCX1X,-1.84,0.0,2025-03-01 00:00:00,2025-03-31 23:59:00
17029211802,Sales Discount,B0C947V4GH,14.04,14.78,2024-12-11 00:00:00,2025-01-31 23:59:00
17492259202,Coupon,B07C5Q7T4D,17.45,17.66,2025-01-13 00:00:00,2025-02-12 23:59:00
17792199702,Coupon,B0D22ZQTSC,17.4,20.47,2025-02-17 00:00:00,2025-02-23 23:59:00
18062815702,Sales Discount,B0DFCQLLSY,10.5,10.94,2025-03-01 00:00:00,2025-03-31 23:59:00
17492259202,Coupon,B08VWF8Y96,18.17,18.6,2025-01-13 00:00:00,2025-02-12 23:59:00
17492259202,Coupon,B07R5XPNMP,18.19,18.6,2025-01-13 00:00:00,2025-02-12 23:59:00
17029211802,Sales Discount,B09NRH7WP6,11.5,12.06,2024-12-11 00:00:00,2025-01-31 23:59:00
776b9f88,Best Deal,B0C2QPSPS6,15.62,14.6,2025-03-25 00:00:00,2025-03-31 23:55:00
17029211802,Sales Discount,B08VWKYVKS,19.26,21.4,2024-12-11 00:00:00,2025-01-31 23:59:00
17029211802,Sales Discount,B094R1JQ6K,-1.86,0.0,2024-12-11 00:00:00,2025-01-31 23:59:00
e5936dd2,Best Deal,B07F1FKM3M,19.36,0.0,2024-12-26 00:00:00,2025-01-05 23:55:00
17029211802,Sales Discount,B081TDP6YF,28.32,29.81,2024-12-11 00:00:00,2025-01-31 23:59:00
17492259202,Coupon,B09TJTTP84,18.14,18.6,2025-01-13 00:00:00,2025-02-12 23:59:00
17492259202,Coupon,B07C5Q7T4D,17.22,17.66,2025-01-13 00:00:00,2025-02-12 23:59:00
17029211802,Sales Discount,B00RCYQUII,13.41,13.93,2024-12-11 00:00:00,2025-01-31 23:59:00
776b9f88,Best Deal,B096W54FGM,15.11,0.0,2025-03-25 00:00:00,2025-03-31 23:55:00
18062815702,Sales Discount,B08VX84KW4,17.67,18.6,2025-03-01 00:00:00,2025-03-31 23:59:00
19033034602,Sales Discount,B0DGGWX7WN,11.45,12.06,2025-05-02 23:00:00,2025-09-30 23:59:00
18062815702,Sales Discount,B00RBUM5JQ,19.45,20.47,2025-03-01 00:00:00,2025-03-31 23:59:00
17492259202,Coupon,B07WH27VXM,19.44,20.47,2025-01-13 00:00:00,2025-02-12 23:59:00
17492259202,Coupon,B0BK8STFVG,18.31,18.6,2025-01-13 00:00:00,2025-02-12 23:59:00
776b9f88,Best Deal,B08GCFFDMH,16.81,0.0,2025-03-25 00:00:00,2025-03-31 23:55:00
776b9f88,Best Deal,B08DCXNCWS,16.81,0.0,2025-03-25 00:00:00,2025-03-31 23:55:00
18062815702,Sales Discount,B0D22ZSZ2H,16.74,18.6,2025-03-01 00:00:00,2025-03-31 23:59:00
776b9f88,Best Deal,B089FYV2HT,15.11,14.12,2025-03-25 00:00:00,2025-03-31 23:55:00
776b9f88,Best Deal,B07C5Q7T4D,15.61,14.59,2025-03-25 00:00:00,2025-03-31 23:55:00
17492259202,Coupon,B096W2GHQV,18.3,18.6,2025-01-13 00:00:00,2025-02-12 23:59:00
18062815702,Sales Discount,B00RCYQUII,-1.39,0.0,2025-03-01 00:00:00,2025-03-31 23:59:00
17792199702,Coupon,B0D63B2G5N,14.22,16.73,2025-02-17 00:00:00,2025-02-23 23:59:00
776b9f88,Best Deal,B075T82C1X,16.81,15.71,2025-03-25 00:00:00,2025-03-31 23:55:00
25401079802,Sales Discount,B0C93RMXRR,29.36,30.75,2026-05-23 00:00:00,2026-06-06 23:59:00
18062815702,Sales Discount,B096W3WGCN,16.74,18.6,2025-03-01 00:00:00,2025-03-31 23:59:00
17492259202,Coupon,B0C2QPSPS6,18.47,18.6,2025-01-13 00:00:00,2025-02-12 23:59:00
16105181202,Sales Discount,B08XZLYCZ5,17.87,22.34,2024-10-10 00:01:00,2025-03-31 23:59:00
17492259202,Coupon,B08QVYP7YH,22.01,22.34,2025-01-13 00:00:00,2025-02-12 23:59:00
18341715402,Coupon,B0DFCR6LPY,14.11,14.86,2025-03-24 00:00:00,2025-04-23 23:59:00
17492259202,Coupon,B07J5M5PZW,17.22,17.66,2025-01-13 00:00:00,2025-02-12 23:59:00
17029211802,Sales Discount,B08QVYP7YH,16.83,18.7,2024-12-11 00:00:00,2025-01-31 23:59:00
17029211802,Sales Discount,B08DDBGBZG,20.33,21.4,2024-12-11 00:00:00,2025-01-31 23:59:00
e5936dd2,Best Deal,B08JC2YLYL,15.72,0.0,2024-12-26 00:00:00,2025-01-05 23:55:00
17492259202,Coupon,B0CPJFC9BP,20.06,20.47,2025-01-13 00:00:00,2025-02-12 23:59:00
17492259202,Coupon,B00XU8AUC2,18.38,18.6,2025-01-13 00:00:00,2025-02-12 23:59:00
24569252002,Sales Discount,B0FLQNHCRZ,31.53,34.49,2026-03-30 09:01:00,2027-01-01 09:01:00
17492259202,Coupon,B06XR9VG7N,18.13,18.6,2025-01-13 00:00:00,2025-02-12 23:59:00
776b9f88,Best Deal,B076MBD6KQ,13.29,12.42,2025-03-25 00:00:00,2025-03-31 23:55:00
18062815702,Sales Discount,B07R5XPNMP,16.74,18.6,2025-03-01 00:00:00,2025-03-31 23:59:00
17492259202,Coupon,B08VWF8Y96,18.43,18.6,2025-01-13 00:00:00,2025-02-12 23:59:00
18062815702,Sales Discount,B08QVYP7YH,21.33,22.34,2025-03-01 00:00:00,2025-03-31 23:59:00
17029211802,Sales Discount,B07F1FKM3M,16.28,18.09,2024-12-11 00:00:00,2025-01-31 23:59:00
18062815702,Sales Discount,B0D26DXLP4,17.0,18.89,2025-03-01 00:00:00,2025-03-31 23:59:00
18062815702,Sales Discount,B0C947V4GH,16.74,18.6,2025-03-01 00:00:00,2025-03-31 23:59:00
e5936dd2,Best Deal,B0D47DZG2Q,11.82,11.05,2024-12-26 00:00:00,2025-01-05 23:55:00
17029211802,Sales Discount,B08QVYP7YH,21.63,22.34,2024-12-11 00:00:00,2025-01-31 23:59:00
18062815702,Sales Discount,B08NPB4GCD,13.42,14.12,2025-03-01 00:00:00,2025-03-31 23:59:00
17492259202,Coupon,B01BNV0IUQ,-0.93,0.0,2025-01-13 00:00:00,2025-02-12 23:59:00
17029211802,Sales Discount,B08XZLYCZ5,20.1,22.34,2024-12-11 00:00:00,2025-01-31 23:59:00
17492259202,Coupon,B096W5QCHX,20.33,21.4,2025-01-13 00:00:00,2025-02-12 23:59:00
17492259202,Coupon,B0BMQXCX1X,22.99,23.27,2025-01-13 00:00:00,2025-02-12 23:59:00
17492259202,Coupon,B0BK8X47M5,-0.37,0.0,2025-01-13 00:00:00,2025-02-12 23:59:00
17492259202,Coupon,B087JHVV7T,18.18,18.6,2025-01-13 00:00:00,2025-02-12 23:59:00
18062815702,Sales Discount,B01BNV0IUQ,13.95,14.68,2025-03-01 00:00:00,2025-03-31 23:59:00
17492259202,Coupon,B08XZLYCZ5,21.97,22.34,2025-01-13 00:00:00,2025-02-12 23:59:00
25401016002,Sales Discount,B0DR9CLXV5,13.47,13.93,2026-05-23 00:00:00,2026-06-06 23:59:00
17492259202,Coupon,B06XR9VG7N,18.39,18.6,2025-01-13 00:00:00,2025-02-12 23:59:00
17492259202,Coupon,B0B2Q12FVY,18.13,18.6,2025-01-13 00:00:00,2025-02-12 23:59:00
18062815702,Sales Discount,B096W2GHQV,18.32,18.6,2025-03-01 00:00:00,2025-03-31 23:59:00
17492259202,Coupon,B0BX76VGXP,18.13,18.6,2025-01-13 00:00:00,2025-02-12 23:59:00
e5936dd2,Best Deal,B0C94719Z8,15.72,14.69,2024-12-26 00:00:00,2025-01-05 23:55:00
17492259202,Coupon,B0D63B5WBM,14.11,14.86,2025-01-13 00:00:00,2025-02-12 23:59:00
18062815702,Sales Discount,B0C2QPSPS6,16.74,18.6,2025-03-01 00:00:00,2025-03-31 23:59:00
17492259202,Coupon,B01CYDY6TQ,18.13,18.6,2025-01-13 00:00:00,2025-02-12 23:59:00
18062815702,Sales Discount,B00XJE09CI,17.58,19.53,2025-03-01 00:00:00,2025-03-31 23:59:00
18062815702,Sales Discount,B0DFCQLLSY,12.56,12.99,2025-03-01 00:00:00,2025-03-31 23:59:00
18062815702,Sales Discount,B096W2GHQV,17.77,18.6,2025-03-01 00:00:00,2025-03-31 23:59:00
776b9f88,Best Deal,B09C6GDG72,19.36,0.0,2025-03-25 00:00:00,2025-03-31 23:55:00
17492259202,Coupon,B075FDQ6KJ,22.99,24.21,2025-01-13 00:00:00,2025-02-12 23:59:00
17029211802,Sales Discount,B096W5QCHX,20.41,21.4,2024-12-11 00:00:00,2025-01-31 23:59:00
17492259202,Coupon,B0C947B32V,17.67,18.6,2025-01-13 00:00:00,2025-02-12 23:59:00
18062815702,Sales Discount,B01FFWYJV8,17.72,18.6,2025-03-01 00:00:00,2025-03-31 23:59:00
e5936dd2,Best Deal,B08NPF3LJ7,15.77,14.74,2024-12-26 00:00:00,2025-01-05 23:55:00
18062815702,Sales Discount,B0C946Q235,21.08,21.4,2025-03-01 00:00:00,2025-03-31 23:59:00
18062815702,Sales Discount,B09C6FWGJR,19.46,20.48,2025-03-01 00:00:00,2025-03-31 23:59:00
e5936dd2,Best Deal,B08JCRVJX7,14.11,13.19,2024-12-26 00:00:00,2025-01-05 23:55:00
17029211802,Sales Discount,B08NPJFCNR,17.24,19.16,2024-12-11 00:00:00,2025-01-31 23:59:00
18062815702,Sales Discount,B081TJ62WV,16.74,18.6,2025-03-01 00:00:00,2025-03-31 23:59:00
18062815702,Sales Discount,B0D637HBP1,15.06,16.73,2025-03-01 00:00:00,2025-03-31 23:59:00
17492259202,Coupon,B0D63B1QGN,-0.84,0.0,2025-01-13 00:00:00,2025-02-12 23:59:00
8f39fad6,Best Deal,B0CPJG6XL8,19.36,0.0,2025-03-25 00:00:00,2025-03-31 23:55:00
17029211802,Sales Discount,B08JCSQGVK,13.24,13.93,2024-12-11 00:00:00,2025-01-31 23:59:00
17492259202,Coupon,B09C6FWGJR,23.63,24.21,2025-01-13 00:00:00,2025-02-12 23:59:00
17492259202,Coupon,B082XFTS6H,21.79,22.34,2025-01-13 00:00:00,2025-02-12 23:59:00
17492259202,Coupon,B0CHSLDL5K,12.72,12.99,2025-01-13 00:00:00,2025-02-12 23:59:00
e5936dd2,Best Deal,B0BK8X47M5,15.14,0.0,2024-12-26 00:00:00,2025-01-05 23:55:00
17492259202,Coupon,B07WH27VXM,20.19,20.47,2025-01-13 00:00:00,2025-02-12 23:59:00
776b9f88,Best Deal,B0BD85KJQV,20.21,0.0,2025-03-25 00:00:00,2025-03-31 23:55:00
17029211802,Sales Discount,B00XU8EF0K,16.74,18.6,2024-12-11 00:00:00,2025-01-31 23:59:00
e5936dd2,Best Deal,B07C5Q7T4D,15.71,14.68,2024-12-26 00:00:00,2025-01-05 23:55:00
17492259202,Coupon,B09NRH7WP6,11.77,12.06,2025-01-13 00:00:00,2025-02-12 23:59:00
17492259202,Coupon,B08DCXNCWS,18.3,18.6,2025-01-13 00:00:00,2025-02-12 23:59:00
18062815702,Sales Discount,B0C6FHKNM7,20.94,23.27,2025-03-01 00:00:00,2025-03-31 23:59:00
17029211802,Sales Discount,B096W54FGM,-0.82,0.0,2024-12-11 00:00:00,2025-01-31 23:59:00
24409660702,Sales Discount,B01D3FVKBG,20.33,21.4,2026-03-17 21:00:00,2026-03-31 23:59:00
18062815702,Sales Discount,B0BD81KP8K,15.26,15.71,2025-03-01 00:00:00,2025-03-31 23:59:00
17492259202,Coupon,B07J5M5PZW,17.23,17.66,2025-01-13 00:00:00,2025-02-12 23:59:00
17492259202,Coupon,B07C5Q7T4D,17.5,17.66,2025-01-13 00:00:00,2025-02-12 23:59:00
17492259202,Coupon,B00RBUM5JQ,-1.03,0.0,2025-01-13 00:00:00,2025-02-12 23:59:00
da7ca825,Best Deal,B0D63B2G5N,15.06,0.0,2025-05-21 00:00:00,2025-05-27 23:55:00
17492259202,Coupon,B08VWV18N7,19.08,19.53,2025-01-13 00:00:00,2025-02-12 23:59:00
18062815702,Sales Discount,B00XU8AUC2,17.67,18.6,2025-03-01 00:00:00,2025-03-31 23:59:00
17029211802,Sales Discount,B0DFCR6LPY,14.2,14.86,2024-12-11 00:00:00,2025-01-31 23:59:00
17492259202,Coupon,B08XZLYCZ5,22.2,22.34,2025-01-13 00:00:00,2025-02-12 23:59:00
17492259202,Coupon,B07C5Q7T4D,16.78,17.66,2025-01-13 00:00:00,2025-02-12 23:59:00
18062815702,Sales Discount,B08JC2YLYL,13.93,14.6,2025-03-01 00:00:00,2025-03-31 23:59:00
18062815702,Sales Discount,B0CCJVV9GF,19.5,20.47,2025-03-01 00:00:00,2025-03-31 23:59:00
19033034602,Sales Discount,B01D3FVKBG,20.33,21.4,2025-05-02 23:00:00,2025-09-30 23:59:00
776b9f88,Best Deal,B0C2QPSPS6,15.62,0.0,2025-03-25 00:00:00,2025-03-31 23:55:00
776b9f88,Best Deal,B07B9FTCXV,21.91,20.48,2025-03-25 00:00:00,2025-03-31 23:55:00
17492259202,Coupon,B0BK8X47M5,15.44,15.79,2025-01-13 00:00:00,2025-02-12 23:59:00
18062815702,Sales Discount,B0CCJ8R191,16.88,17.66,2025-03-01 00:00:00,2025-03-31 23:59:00
17492259202,Coupon,B08DDBGBZG,21.08,21.4,2025-01-13 00:00:00,2025-02-12 23:59:00
17029211802,Sales Discount,B0B6WCHGMK,13.39,13.93,2024-12-11 00:00:00,2025-01-31 23:59:00
8f39fad6,Best Deal,B0D2322MMQ,14.15,0.0,2025-03-25 00:00:00,2025-03-31 23:55:00
da7ca825,Best Deal,B0D232K3RP,11.66,10.9,2025-05-21 00:00:00,2025-05-27 23:55:00
17492259202,Coupon,B086XBB126,15.42,15.79,2025-01-13 00:00:00,2025-02-12 23:59:00
17492259202,Coupon,B0CHWM51XY,15.59,15.79,2025-01-13 00:00:00,2025-02-12 23:59:00
18062815702,Sales Discount,B0DFCRNY8W,15.06,16.73,2025-03-01 00:00:00,2025-03-31 23:59:00
17492259202,Coupon,B09XBM26YT,16.77,17.66,2025-01-13 00:00:00,2025-02-12 23:59:00
17029211802,Sales Discount,B0D47FKGDD,13.24,13.93,2024-12-11 00:00:00,2025-01-31 23:59:00
18062815702,Sales Discount,B01MCZD91A,13.37,14.86,2025-03-01 00:00:00,2025-03-31 23:59:00
17492259202,Coupon,B07WH27VXM,20.34,20.47,2025-01-13 00:00:00,2025-02-12 23:59:00
17492259202,Coupon,B01FFWYJV8,18.3,18.6,2025-01-13 00:00:00,2025-02-12 23:59:00
17029211802,Sales Discount,B08JC2YLYL,16.74,18.6,2024-12-11 00:00:00,2025-01-31 23:59:00
17492259202,Coupon,B08VWV18N7,18.56,19.53,2025-01-13 00:00:00,2025-02-12 23:59:00
da7ca825,Best Deal,B0D26DXLP4,20.16,0.0,2025-05-21 00:00:00,2025-05-27 23:55:00
17492259202,Coupon,B08JC9NN3X,16.37,16.73,2025-01-13 00:00:00,2025-02-12 23:59:00
17029211802,Sales Discount,B0BMQXCX1X,-1.85,0.0,2024-12-11 00:00:00,2025-01-31 23:59:00
e5936dd2,Best Deal,B0CS6HDRFW,13.39,12.51,2024-12-26 00:00:00,2025-01-05 23:55:00
776b9f88,Best Deal,B08JCV95Y3,15.11,0.0,2025-03-25 00:00:00,2025-03-31 23:55:00
17029211802,Sales Discount,B09TJXDWKF,20.11,22.34,2024-12-11 00:00:00,2025-01-31 23:59:00
17492259202,Coupon,B0BK8WLZT5,17.36,17.66,2025-01-13 00:00:00,2025-02-12 23:59:00
17029211802,Sales Discount,B08JC9NN3X,15.9,16.73,2024-12-11 00:00:00,2025-01-31 23:59:00
17492259202,Coupon,B08JC9NN3X,16.47,16.73,2025-01-13 00:00:00,2025-02-12 23:59:00
17492259202,Coupon,B0C6FJQ7S5,17.67,18.6,2025-01-13 00:00:00,2025-02-12 23:59:00
25401016002,Sales Discount,B0DJP4W7KC,22.5,23.27,2026-05-23 00:00:00,2026-06-06 23:59:00
17492259202,Coupon,B0DFCRYTBC,11.76,12.06,2025-01-13 00:00:00,2025-02-12 23:59:00
776b9f88,Best Deal,B0BMQXCX1X,19.66,18.37,2025-03-25 00:00:00,2025-03-31 23:55:00
17492259202,Coupon,B086XBB126,-0.79,0.0,2025-01-13 00:00:00,2025-02-12 23:59:00
18062815702,Sales Discount,B07WH27VXM,19.52,20.47,2025-03-01 00:00:00,2025-03-31 23:59:00
17970364702,Sales Discount,B0DGGWX7WN,10.85,12.06,2025-02-20 00:00:00,2025-02-28 23:59:00
18062815702,Sales Discount,B096W54FGM,16.04,16.73,2025-03-01 00:00:00,2025-03-31 23:59:00
17029211802,Sales Discount,B00RBUM5JQ,14.94,15.45,2024-12-11 00:00:00,2025-01-31 23:59:00
da7ca825,Best Deal,B08XZMCR17,21.86,0.0,2025-05-21 00:00:00,2025-05-27 23:55:00
18062815702,Sales Discount,B0BK8STFVG,18.32,18.6,2025-03-01 00:00:00,2025-03-31 23:59:00
16105181202,Sales Discount,B0BSQVQX75,13.56,16.95,2024-10-10 00:01:00,2025-03-31 23:59:00
17029211802,Sales Discount,B0BK8X47M5,13.45,14.15,2024-12-11 00:00:00,2025-01-31 23:59:00
17029211802,Sales Discount,B08QVYP7YH,21.47,22.34,2024-12-11 00:00:00,2025-01-31 23:59:00
18062815702,Sales Discount,B0DGGWX7WN,11.79,12.06,2025-03-01 00:00:00,2025-03-31 23:59:00
18341715402,Coupon,B0DGGVW1NH,17.32,17.66,2025-03-24 00:00:00,2025-04-23 23:59:00
17492259202,Coupon,B075T9G9YS,22.99,24.21,2025-01-13 00:00:00,2025-02-12 23:59:00
18062815702,Sales Discount,B096W2GHQV,14.07,14.72,2025-03-01 00:00:00,2025-03-31 23:59:00
776b9f88,Best Deal,B0C94548F5,16.81,15.71,2025-03-25 00:00:00,2025-03-31 23:55:00
17029211802,Sales Discount,B0BX76VGXP,16.74,18.6,2024-12-11 00:00:00,2025-01-31 23:59:00
24409634402,Sales Discount,B0BD81KP8K,16.74,18.6,2026-03-17 21:00:00,2026-03-31 23:59:00
25402148802,Sales Discount,B0DHL6WSMT,23.46,26.07,2026-05-23 00:00:00,2026-06-06 23:59:00
17492259202,Coupon,B08DDBGBZG,20.87,21.4,2025-01-13 00:00:00,2025-02-12 23:59:00
17492259202,Coupon,B08JC2YLYL,17.67,18.6,2025-01-13 00:00:00,2025-02-12 23:59:00
17492259202,Coupon,B0C947B32V,18.44,18.6,2025-01-13 00:00:00,2025-02-12 23:59:00
17492259202,Coupon,B075RGVV7G,15.67,15.79,2025-01-13 00:00:00,2025-02-12 23:59:00
18062815702,Sales Discount,B081TDP6YF,29.11,29.81,2025-03-01 00:00:00,2025-03-31 23:59:00
18062815702,Sales Discount,B08VWV18N7,18.56,19.53,2025-03-01 00:00:00,2025-03-31 23:59:00
8f39fad6,Best Deal,B0D63B5WBM,12.56,0.0,2025-03-25 00:00:00,2025-03-31 23:55:00
17492259202,Coupon,B09NRH4J1C,-1.17,0.0,2025-01-13 00:00:00,2025-02-12 23:59:00
17492259202,Coupon,B096W2GHQV,18.43,18.6,2025-01-13 00:00:00,2025-02-12 23:59:00
18341715402,Coupon,B0DFCQLLSY,10.67,10.94,2025-03-24 00:00:00,2025-04-23 23:59:00
17492259202,Coupon,B087JTHDN1,17.26,17.66,2025-01-13 00:00:00,2025-02-12 23:59:00
17492259202,Coupon,B01D3FVKWA,17.22,17.66,2025-01-13 00:00:00,2025-02-12 23:59:00
18062815702,Sales Discount,B01BNV0IUQ,14.19,14.68,2025-03-01 00:00:00,2025-03-31 23:59:00
25401079802,Sales Discount,B0C8Z557HT,27.68,30.75,2026-05-23 00:00:00,2026-06-06 23:59:00
17492259202,Coupon,B081TDP6YF,29.4,29.81,2025-01-13 00:00:00,2025-02-12 23:59:00
17492259202,Coupon,B0BK8X47M5,15.62,15.79,2025-01-13 00:00:00,2025-02-12 23:59:00
17029211802,Sales Discount,B09C6FWGJR,21.79,24.21,2024-12-11 00:00:00,2025-01-31 23:59:00
17492259202,Coupon,B07B9NWQ61,15.4,15.79,2025-01-13 00:00:00,2025-02-12 23:59:00
18062815702,Sales Discount,B087JTHDN1,16.79,17.66,2025-03-01 00:00:00,2025-03-31 23:59:00
e5936dd2,Best Deal,B096W2GHQV,15.85,14.81,2024-12-26 00:00:00,2025-01-05 23:55:00
17492259202,Coupon,B081TJ62WV,18.39,18.6,2025-01-13 00:00:00,2025-02-12 23:59:00
17029211802,Sales Discount,B0D638MLB2,15.9,17.66,2024-12-11 00:00:00,2025-01-31 23:59:00
17492259202,Coupon,B082XFKXJ2,18.13,18.6,2025-01-13 00:00:00,2025-02-12 23:59:00
18062815702,Sales Discount,B096W2GHQV,13.25,14.72,2025-03-01 00:00:00,2025-03-31 23:59:00
18062815702,Sales Discount,B076MBD6KQ,15.0,15.79,2025-03-01 00:00:00,2025-03-31 23:59:00
17029211802,Sales Discount,B00XU8EF0K,17.98,18.6,2024-12-11 00:00:00,2025-01-31 23:59:00
24409622502,Sales Discount,B082XFTS6H,23.0,24.21,2026-03-17 21:00:00,2026-03-31 23:59:00
17492259202,Coupon,B0CCJ9PLHV,18.18,18.6,2025-01-13 00:00:00,2025-02-12 23:59:00
776b9f88,Best Deal,B096W3GD2S,20.21,0.0,2025-03-25 00:00:00,2025-03-31 23:55:00
17029211802,Sales Discount,B082XFKXJ2,18.42,18.6,2024-12-11 00:00:00,2025-01-31 23:59:00
776b9f88,Best Deal,B081TDP6YF,27.01,0.0,2025-03-25 00:00:00,2025-03-31 23:55:00
17492259202,Coupon,B096W2GHQV,17.67,18.6,2025-01-13 00:00:00,2025-02-12 23:59:00
17492259202,Coupon,B0CHSK39WM,10.57,11.12,2025-01-13 00:00:00,2025-02-12 23:59:00
17492259202,Coupon,B0CPJFC9BP,19.97,20.47,2025-01-13 00:00:00,2025-02-12 23:59:00
17029211802,Sales Discount,B00XJE09CI,17.58,19.53,2024-12-11 00:00:00,2025-01-31 23:59:00
18062815702,Sales Discount,B06Y3Q6XNX,21.23,22.34,2025-03-01 00:00:00,2025-03-31 23:59:00
18062815702,Sales Discount,B00XU8EF0K,17.67,18.6,2025-03-01 00:00:00,2025-03-31 23:59:00
17492259202,Coupon,B087JTHDN1,17.44,17.66,2025-01-13 00:00:00,2025-02-12 23:59:00
18062815702,Sales Discount,B081TDP6YF,22.72,25.24,2025-03-01 00:00:00,2025-03-31 23:59:00
17029211802,Sales Discount,B08XZMCR17,21.79,24.21,2024-12-11 00:00:00,2025-01-31 23:59:00
18062815702,Sales Discount,B07KJMHWGW,16.74,18.6,2025-03-01 00:00:00,2025-03-31 23:59:00
17029211802,Sales Discount,B08VX84KW4,17.67,18.6,2024-12-11 00:00:00,2025-01-31 23:59:00
17029211802,Sales Discount,B08QVYP7YH,21.94,22.34,2024-12-11 00:00:00,2025-01-31 23:59:00
17492259202,Coupon,B0BMQXCX1X,-1.17,0.0,2025-01-13 00:00:00,2025-02-12 23:59:00
776b9f88,Best Deal,B08XZLYCZ5,22.6,0.0,2025-03-25 00:00:00,2025-03-31 23:55:00
17492259202,Coupon,B081TJ62WV,17.67,18.6,2025-01-13 00:00:00,2025-02-12 23:59:00
17965660802,Price Discount,B081TJ62WV,15.0,0.0,2025-02-24 00:00:00,2025-02-28 23:59:00
18062815702,Sales Discount,B0CCJWSS2P,14.46,14.86,2025-03-01 00:00:00,2025-03-31 23:59:00
776b9f88,Best Deal,B07J5M5PZW,15.96,14.92,2025-03-25 00:00:00,2025-03-31 23:55:00
17492259202,Coupon,B00RBUM5JQ,20.0,20.47,2025-01-13 00:00:00,2025-02-12 23:59:00
e5936dd2,Best Deal,B07F1FKM3M,19.36,18.09,2024-12-26 00:00:00,2025-01-05 23:55:00
17029211802,Sales Discount,B08JCRVJX7,15.9,16.73,2024-12-11 00:00:00,2025-01-31 23:59:00
18062815702,Sales Discount,B00N1QKQ5Y,13.83,14.12,2025-03-01 00:00:00,2025-03-31 23:59:00
17492259202,Coupon,B096W2GHQV,18.32,18.6,2025-01-13 00:00:00,2025-02-12 23:59:00
17029211802,Sales Discount,B0CWPJTWXQ,15.89,17.66,2024-12-11 00:00:00,2025-01-31 23:59:00
17029211802,Sales Discount,B0D22ZQTSC,19.46,20.47,2024-12-11 00:00:00,2025-01-31 23:59:00
17492259202,Coupon,B075T9G9YS,23.6,24.21,2025-01-13 00:00:00,2025-02-12 23:59:00
17492259202,Coupon,B00RCYQUII,13.58,13.93,2025-01-13 00:00:00,2025-02-12 23:59:00
17029211802,Sales Discount,B0D92MHJL8,13.68,13.93,2024-12-11 00:00:00,2025-01-31 23:59:00
776b9f88,Best Deal,B087JTHDN1,15.96,0.0,2025-03-25 00:00:00,2025-03-31 23:55:00
17492259202,Coupon,B07WH27VXM,19.97,20.47,2025-01-13 00:00:00,2025-02-12 23:59:00
17029211802,Sales Discount,B00XU8AUC2,-1.86,0.0,2024-12-11 00:00:00,2025-01-31 23:59:00
17492259202,Coupon,B094R1JQ6K,18.43,18.6,2025-01-13 00:00:00,2025-02-12 23:59:00
17492259202,Coupon,B08NPB4GCD,16.35,16.73,2025-01-13 00:00:00,2025-02-12 23:59:00
17029211802,Sales Discount,B08GCFFDMH,18.2,18.6,2024-12-11 00:00:00,2025-01-31 23:59:00
17029211802,Sales Discount,B091Z4JQBD,13.93,15.48,2024-12-11 00:00:00,2025-01-31 23:59:00
17029211802,Sales Discount,B07C5Q7T4D,17.37,17.66,2024-12-11 00:00:00,2025-01-31 23:59:00
16105181202,Sales Discount,B08QVWRHP2,15.11,18.89,2024-10-10 00:01:00,2025-03-31 23:59:00
18341715402,Coupon,B0DFCR6LPY,14.51,14.86,2025-03-24 00:00:00,2025-04-23 23:59:00
776b9f88,Best Deal,B091Z1H8RK,21.06,19.68,2025-03-25 00:00:00,2025-03-31 23:55:00
17492259202,Coupon,B094R1JQ6K,18.48,18.6,2025-01-13 00:00:00,2025-02-12 23:59:00
17029211802,Sales Discount,B08VX84KW4,16.74,18.6,2024-12-11 00:00:00,2025-01-31 23:59:00
25401079802,Sales Discount,B0C8Z557HT,29.22,30.75,2026-05-23 00:00:00,2026-06-06 23:59:00
17029211802,Sales Discount,B087JJ4M8H,25.2,26.07,2024-12-11 00:00:00,2025-01-31 23:59:00
17029211802,Sales Discount,B08VWF8Y96,16.74,18.6,2024-12-11 00:00:00,2025-01-31 23:59:00
17792199702,Coupon,B0D638MLB2,15.01,17.66,2025-02-17 00:00:00,2025-02-23 23:59:00
18062815702,Sales Discount,B08JCV95Y3,15.06,16.73,2025-03-01 00:00:00,2025-03-31 23:59:00
776b9f88,Best Deal,B00N1QKQ5Y,15.11,0.0,2025-03-25 00:00:00,2025-03-31 23:55:00
18062815702,Sales Discount,B01G7428BG,20.9,21.4,2025-03-01 00:00:00,2025-03-31 23:59:00
18062815702,Sales Discount,B01BNV0IUQ,17.67,18.6,2025-03-01 00:00:00,2025-03-31 23:59:00
776b9f88,Best Deal,B09NRH4J1C,21.06,0.0,2025-03-25 00:00:00,2025-03-31 23:55:00
17492259202,Coupon,B08DDBGBZG,21.04,21.4,2025-01-13 00:00:00,2025-02-12 23:59:00
17492259202,Coupon,B08GCFFDMH,18.39,18.6,2025-01-13 00:00:00,2025-02-12 23:59:00
18062815702,Sales Discount,B0BSQVQX75,19.26,21.4,2025-03-01 00:00:00,2025-03-31 23:59:00
17492259202,Coupon,B08VWV18N7,19.43,19.53,2025-01-13 00:00:00,2025-02-12 23:59:00
17492259202,Coupon,B0B2Q12FVY,17.67,18.6,2025-01-13 00:00:00,2025-02-12 23:59:00
18062815702,Sales Discount,B096W2GHQV,-1.48,0.0,2025-03-01 00:00:00,2025-03-31 23:59:00
18062815702,Sales Discount,B07B9NWQ61,12.77,13.33,2025-03-01 00:00:00,2025-03-31 23:59:00
776b9f88,Best Deal,B09GD1YKWW,16.81,0.0,2025-03-25 00:00:00,2025-03-31 23:55:00
17492259202,Coupon,B09C6FG128,23.88,25.14,2025-01-13 00:00:00,2025-02-12 23:59:00
25401016002,Sales Discount,B0DR9CLXV5,13.72,13.93,2026-05-23 00:00:00,2026-06-06 23:59:00
17492259202,Coupon,B08JC9XBGM,18.13,18.6,2025-01-13 00:00:00,2025-02-12 23:59:00
17029211802,Sales Discount,B00XU8AUC2,17.67,18.6,2024-12-11 00:00:00,2025-01-31 23:59:00
17029211802,Sales Discount,B08QVYP7YH,21.23,22.34,2024-12-11 00:00:00,2025-01-31 23:59:00
18341715402,Coupon,B0DFCR6LPY,14.61,14.86,2025-03-24 00:00:00,2025-04-23 23:59:00
18062815702,Sales Discount,B0B6WGC16M,19.9,20.48,2025-03-01 00:00:00,2025-03-31 23:59:00
17492259202,Coupon,B091Z4JQBD,17.67,18.6,2025-01-13 00:00:00,2025-02-12 23:59:00
17970364702,Sales Discount,B0CPJG6XL8,19.26,21.4,2025-02-20 00:00:00,2025-02-28 23:59:00
18062815702,Sales Discount,B08DCZD13T,15.21,15.71,2025-03-01 00:00:00,2025-03-31 23:59:00
776b9f88,Best Deal,B0BSQVND4T,19.36,0.0,2025-03-25 00:00:00,2025-03-31 23:55:00
18062815702,Sales Discount,B01CYDY6TQ,17.67,18.6,2025-03-01 00:00:00,2025-03-31 23:59:00
18062815702,Sales Discount,B08QVYP7YH,18.09,18.61,2025-03-01 00:00:00,2025-03-31 23:59:00
776b9f88,Best Deal,B09JCMLXP5,21.91,20.48,2025-03-25 00:00:00,2025-03-31 23:55:00
17029211802,Sales Discount,B0DFCR6LPY,13.37,14.86,2024-12-11 00:00:00,2025-01-31 23:59:00
17029211802,Sales Discount,B08DDBGBZG,-2.14,0.0,2024-12-11 00:00:00,2025-01-31 23:59:00
18062815702,Sales Discount,B08VX84KW4,16.74,18.6,2025-03-01 00:00:00,2025-03-31 23:59:00
17029211802,Sales Discount,B01BNV0IUQ,16.74,18.6,2024-12-11 00:00:00,2025-01-31 23:59:00
17492259202,Coupon,B081TDP6YF,29.47,29.81,2025-01-13 00:00:00,2025-02-12 23:59:00
da7ca825,Best Deal,B0D22ZQTSC,17.42,0.0,2025-05-21 00:00:00,2025-05-27 23:55:00
da7ca825,Best Deal,B07KJMHWGW,16.76,15.66,2025-05-21 00:00:00,2025-05-27 23:55:00
17492259202,Coupon,B08JC9NN3X,16.45,16.73,2025-01-13 00:00:00,2025-02-12 23:59:00
24409660702,Sales Discount,B01D3FVKBG,-12.84,0.0,2026-03-17 21:00:00,2026-03-31 23:59:00
17492259202,Coupon,B082XFKXJ2,18.29,18.6,2025-01-13 00:00:00,2025-02-12 23:59:00
17492259202,Coupon,B0BX76VGXP,18.18,18.6,2025-01-13 00:00:00,2025-02-12 23:59:00
17029211802,Sales Discount,B08XZLYCZ5,21.49,22.34,2024-12-11 00:00:00,2025-01-31 23:59:00
17029211802,Sales Discount,B01G7428BG,19.26,21.4,2024-12-11 00:00:00,2025-01-31 23:59:00
17965660802,Price Discount,B076MKZHV4,15.0,0.0,2025-02-24 00:00:00,2025-02-28 23:59:00
8f39fad6,Best Deal,B0DFCQLLSY,11.71,0.0,2025-03-25 00:00:00,2025-03-31 23:55:00
17492259202,Coupon,B07WH27VXM,-1.03,0.0,2025-01-13 00:00:00,2025-02-12 23:59:00
17492259202,Coupon,B0DFCRNY8W,15.89,16.73,2025-01-13 00:00:00,2025-02-12 23:59:00
18062815702,Sales Discount,B09C6FG128,24.18,25.14,2025-03-01 00:00:00,2025-03-31 23:59:00
17029211802,Sales Discount,B07J5M5PZW,17.14,17.66,2024-12-11 00:00:00,2025-01-31 23:59:00
18062815702,Sales Discount,B0D637HBP1,16.21,16.73,2025-03-01 00:00:00,2025-03-31 23:59:00
17492259202,Coupon,B09NRH7WP6,11.85,12.06,2025-01-13 00:00:00,2025-02-12 23:59:00
17029211802,Sales Discount,B082XFTS6H,21.95,22.34,2024-12-11 00:00:00,2025-01-31 23:59:00
17492259202,Coupon,B0BK8W6JM3,17.67,18.6,2025-01-13 00:00:00,2025-02-12 23:59:00
17492259202,Coupon,B01D3FVKBG,21.04,21.4,2025-01-13 00:00:00,2025-02-12 23:59:00
17029211802,Sales Discount,B00RCYQUII,13.46,13.93,2024-12-11 00:00:00,2025-01-31 23:59:00
776b9f88,Best Deal,B08DDBGBZG,18.99,17.75,2025-03-25 00:00:00,2025-03-31 23:55:00
776b9f88,Best Deal,B094R1JQ6K,16.81,15.71,2025-03-25 00:00:00,2025-03-31 23:55:00
776b9f88,Best Deal,B09XBM26YT,15.96,14.92,2025-03-25 00:00:00,2025-03-31 23:55:00
17029211802,Sales Discount,B09TJTTP84,13.96,14.69,2024-12-11 00:00:00,2025-01-31 23:59:00
18062815702,Sales Discount,B082XFKXJ2,16.74,18.6,2025-03-01 00:00:00,2025-03-31 23:59:00
776b9f88,Best Deal,B08QVWRHP2,20.21,0.0,2025-03-25 00:00:00,2025-03-31 23:55:00
17492259202,Coupon,B08JC9NN3X,16.48,16.73,2025-01-13 00:00:00,2025-02-12 23:59:00
17492259202,Coupon,B0BMQXCX1X,22.1,23.27,2025-01-13 00:00:00,2025-02-12 23:59:00
18062815702,Sales Discount,B077QNG9M4,18.29,18.6,2025-03-01 00:00:00,2025-03-31 23:59:00
16105181202,Sales Discount,B082XFKXJ2,14.88,18.6,2024-10-10 00:01:00,2025-03-31 23:59:00
24409634402,Sales Discount,B0FDBC9PTH,31.88,33.55,2026-03-17 21:00:00,2026-03-31 23:59:00
17029211802,Sales Discount,B01G7428BG,20.76,21.4,2024-12-11 00:00:00,2025-01-31 23:59:00
17029211802,Sales Discount,B096W3WGCN,17.67,18.6,2024-12-11 00:00:00,2025-01-31 23:59:00
776b9f88,Best Deal,B09TJXLQ4Z,18.59,17.37,2025-03-25 00:00:00,2025-03-31 23:55:00
17492259202,Coupon,B0D22ZQTSC,20.13,20.47,2025-01-13 00:00:00,2025-02-12 23:59:00
18062815702,Sales Discount,B09TJTTP84,17.77,18.6,2025-03-01 00:00:00,2025-03-31 23:59:00
e5936dd2,Best Deal,B076MBD6KQ,13.39,0.0,2024-12-26 00:00:00,2025-01-05 23:55:00
17492259202,Coupon,B09TJXDWKF,-0.56,0.0,2025-01-13 00:00:00,2025-02-12 23:59:00
17492259202,Coupon,B08JC2YLYL,18.28,18.6,2025-01-13 00:00:00,2025-02-12 23:59:00
17492259202,Coupon,B07B9NWQ61,-0.79,0.0,2025-01-13 00:00:00,2025-02-12 23:59:00
18062815702,Sales Discount,B0DFCRNY8W,12.71,14.12,2025-03-01 00:00:00,2025-03-31 23:59:00
18062815702,Sales Discount,B08JC2YLYL,18.03,18.6,2025-03-01 00:00:00,2025-03-31 23:59:00
18062815702,Sales Discount,B0BX76VGXP,14.24,14.6,2025-03-01 00:00:00,2025-03-31 23:59:00
24569252002,Sales Discount,B0BK8X47M5,13.19,15.79,2026-03-30 09:01:00,2027-01-01 09:01:00
17029211802,Sales Discount,B081TJ62WV,16.74,18.6,2024-12-11 00:00:00,2025-01-31 23:59:00
18062815702,Sales Discount,B07DGFDLKP,19.96,20.47,2025-03-01 00:00:00,2025-03-31 23:59:00
18062815702,Sales Discount,B09NRH4J1C,19.19,19.68,2025-03-01 00:00:00,2025-03-31 23:59:00
17494825102,Sales Discount,B08DDBGBZG,15.62,21.4,2025-01-13 20:00:00,2025-01-15 16:45:00
17492259202,Coupon,B0DFCR6LPY,14.5,14.86,2025-01-13 00:00:00,2025-02-12 23:59:00
17492259202,Coupon,B087JK7673,18.13,18.6,2025-01-13 00:00:00,2025-02-12 23:59:00
17029211802,Sales Discount,B08QVYP7YH,21.26,22.34,2024-12-11 00:00:00,2025-01-31 23:59:00
17492259202,Coupon,B084GVXC4C,15.42,15.79,2025-01-13 00:00:00,2025-02-12 23:59:00
17492259202,Coupon,B0BD81KP8K,18.5,18.6,2025-01-13 00:00:00,2025-02-12 23:59:00
776b9f88,Best Deal,B076MKZHV4,19.44,18.17,2025-03-25 00:00:00,2025-03-31 23:55:00
17492259202,Coupon,B087JK7673,18.43,18.6,2025-01-13 00:00:00,2025-02-12 23:59:00
17492259202,Coupon,B00RCYQUII,13.76,13.93,2025-01-13 00:00:00,2025-02-12 23:59:00
18062815702,Sales Discount,B09C6HJ2CC,15.89,17.66,2025-03-01 00:00:00,2025-03-31 23:59:00
17492259202,Coupon,B08VWV18N7,19.23,19.53,2025-01-13 00:00:00,2025-02-12 23:59:00
18062815702,Sales Discount,B0BMQXCX1X,-2.33,0.0,2025-03-01 00:00:00,2025-03-31 23:59:00
17492259202,Coupon,B01FFWYDVO,17.23,17.66,2025-01-13 00:00:00,2025-02-12 23:59:00
18062815702,Sales Discount,B0D63B5WBM,11.28,11.74,2025-03-01 00:00:00,2025-03-31 23:59:00
17492259202,Coupon,B00RCYQUII,13.78,13.93,2025-01-13 00:00:00,2025-02-12 23:59:00
17492259202,Coupon,B08DCXNCWS,18.37,18.6,2025-01-13 00:00:00,2025-02-12 23:59:00
17492259202,Coupon,B08QVYP7YH,21.22,22.34,2025-01-13 00:00:00,2025-02-12 23:59:00
776b9f88,Best Deal,B09C6GDG72,19.36,18.09,2025-03-25 00:00:00,2025-03-31 23:55:00
16105181202,Sales Discount,B0D638MLB2,14.13,17.66,2024-10-10 00:01:00,2025-03-31 23:59:00
25402148802,Sales Discount,B0DJP4W7KC,20.94,23.27,2026-05-23 00:00:00,2026-06-06 23:59:00
18062815702,Sales Discount,B08JC2YLYL,13.14,14.6,2025-03-01 00:00:00,2025-03-31 23:59:00
18062815702,Sales Discount,B07NNVS8M4,21.79,24.21,2025-03-01 00:00:00,2025-03-31 23:59:00
18062815702,Sales Discount,B0D2319J4L,14.21,15.79,2025-03-01 00:00:00,2025-03-31 23:59:00
17492259202,Coupon,B087JHVV7T,18.37,18.6,2025-01-13 00:00:00,2025-02-12 23:59:00
18062815702,Sales Discount,B09JCNKXV5,12.06,13.41,2025-03-01 00:00:00,2025-03-31 23:59:00
17492259202,Coupon,B00XU8AUC2,18.37,18.6,2025-01-13 00:00:00,2025-02-12 23:59:00
18062815702,Sales Discount,B09C6FWGJR,21.79,24.21,2025-03-01 00:00:00,2025-03-31 23:59:00
17492259202,Coupon,B07B9FTCXV,23.0,24.21,2025-01-13 00:00:00,2025-02-12 23:59:00
17492259202,Coupon,B094R1JQ6K,18.14,18.6,2025-01-13 00:00:00,2025-02-12 23:59:00
24409634402,Sales Discount,B0BD81KP8K,17.67,18.6,2026-03-17 21:00:00,2026-03-31 23:59:00
17029211802,Sales Discount,B0C6FHHJFM,14.21,15.79,2024-12-11 00:00:00,2025-01-31 23:59:00
18341715402,Coupon,B0DFCQLLSY,13.23,13.93,2025-03-24 00:00:00,2025-04-23 23:59:00
17029211802,Sales Discount,B082XFTS6H,-2.23,0.0,2024-12-11 00:00:00,2025-01-31 23:59:00
17492259202,Coupon,B087JJ4M8H,-1.3,0.0,2025-01-13 00:00:00,2025-02-12 23:59:00
17492259202,Coupon,B08DCY34MX,15.89,16.73,2025-01-13 00:00:00,2025-02-12 23:59:00
17029211802,Sales Discount,B0C6FHHJFM,-1.58,0.0,2024-12-11 00:00:00,2025-01-31 23:59:00
17492259202,Coupon,B0CPJG6XL8,20.87,21.4,2025-01-13 00:00:00,2025-02-12 23:59:00
18062815702,Sales Discount,B075T82C1X,16.74,18.6,2025-03-01 00:00:00,2025-03-31 23:59:00
18062815702,Sales Discount,B08DCXNCWS,15.39,15.71,2025-03-01 00:00:00,2025-03-31 23:59:00
18062815702,Sales Discount,B08DDBGBZG,15.97,17.75,2025-03-01 00:00:00,2025-03-31 23:59:00
17492259202,Coupon,B081TDP6YF,29.41,29.81,2025-01-13 00:00:00,2025-02-12 23:59:00
17492259202,Coupon,B091Z4JQBD,18.15,18.6,2025-01-13 00:00:00,2025-02-12 23:59:00
18062815702,Sales Discount,B0BD85KJQV,18.35,18.89,2025-03-01 00:00:00,2025-03-31 23:59:00
17492259202,Coupon,B0CCJVV9GF,18.13,18.6,2025-01-13 00:00:00,2025-02-12 23:59:00
17492259202,Coupon,B09C6FG128,23.89,25.14,2025-01-13 00:00:00,2025-02-12 23:59:00
17492259202,Coupon,B08JC9XBGM,18.15,18.6,2025-01-13 00:00:00,2025-02-12 23:59:00
17029211802,Sales Discount,B08VWKYVKS,20.76,21.4,2024-12-11 00:00:00,2025-01-31 23:59:00
17492259202,Coupon,B0C947V4GH,18.31,18.6,2025-01-13 00:00:00,2025-02-12 23:59:00
18062815702,Sales Discount,B0BK8X47M5,12.65,14.06,2025-03-01 00:00:00,2025-03-31 23:59:00
17492259202,Coupon,B0CCJWSS2P,13.61,13.93,2025-01-13 00:00:00,2025-02-12 23:59:00
25401079802,Sales Discount,B0C8Z557HT,27.67,30.75,2026-05-23 00:00:00,2026-06-06 23:59:00
17492259202,Coupon,B08XZLYCZ5,21.79,22.34,2025-01-13 00:00:00,2025-02-12 23:59:00
18062815702,Sales Discount,B08JC9XBGM,17.67,18.6,2025-03-01 00:00:00,2025-03-31 23:59:00
17029211802,Sales Discount,B0CPJG6XL8,20.33,21.4,2024-12-11 00:00:00,2025-01-31 23:59:00
17492259202,Coupon,B086XBB126,15.39,15.79,2025-01-13 00:00:00,2025-02-12 23:59:00
776b9f88,Best Deal,B08NPB4GCD,15.11,14.12,2025-03-25 00:00:00,2025-03-31 23:55:00
e5936dd2,Best Deal,B01BNV0IUQ,15.81,0.0,2024-12-26 00:00:00,2025-01-05 23:55:00
17492259202,Coupon,B09TJTTP84,18.13,18.6,2025-01-13 00:00:00,2025-02-12 23:59:00
17029211802,Sales Discount,B08NPF3LJ7,14.51,14.74,2024-12-11 00:00:00,2025-01-31 23:59:00
17492259202,Coupon,B0C94548F5,18.13,18.6,2025-01-13 00:00:00,2025-02-12 23:59:00
17029211802,Sales Discount,B085YDZPXM,24.31,27.01,2024-12-11 00:00:00,2025-01-31 23:59:00
776b9f88,Best Deal,B00XU8AUC2,16.81,15.71,2025-03-25 00:00:00,2025-03-31 23:55:00
18062815702,Sales Discount,B06Y3Q6XNX,17.0,18.89,2025-03-01 00:00:00,2025-03-31 23:59:00
18062815702,Sales Discount,B096W3WGCN,-1.57,0.0,2025-03-01 00:00:00,2025-03-31 23:59:00
17492259202,Coupon,B086XBB126,15.45,15.79,2025-01-13 00:00:00,2025-02-12 23:59:00
25401079802,Sales Discount,B0C93RMXRR,29.22,30.75,2026-05-23 00:00:00,2026-06-06 23:59:00
17492259202,Coupon,B08JCRVJX7,16.53,16.73,2025-01-13 00:00:00,2025-02-12 23:59:00
776b9f88,Best Deal,B0B2PSK2MC,19.36,0.0,2025-03-25 00:00:00,2025-03-31 23:55:00
17029211802,Sales Discount,B0BK8W6JM3,18.27,18.6,2024-12-11 00:00:00,2025-01-31 23:59:00
776b9f88,Best Deal,B0C94719Z8,15.62,14.6,2025-03-25 00:00:00,2025-03-31 23:55:00
18062815702,Sales Discount,B0BMQXCX1X,17.86,18.37,2025-03-01 00:00:00,2025-03-31 23:59:00
17029211802,Sales Discount,B08JC2YLYL,-0.93,0.0,2024-12-11 00:00:00,2025-01-31 23:59:00
17492259202,Coupon,B0BMQXCX1X,22.91,23.27,2025-01-13 00:00:00,2025-02-12 23:59:00
18062815702,Sales Discount,B0BSQVQX75,21.09,21.4,2025-03-01 00:00:00,2025-03-31 23:59:00
17792199702,Coupon,B0D22ZQTSC,18.94,20.47,2025-02-17 00:00:00,2025-02-23 23:59:00
17029211802,Sales Discount,B0BK8W6JM3,13.22,14.69,2024-12-11 00:00:00,2025-01-31 23:59:00
18062815702,Sales Discount,B08GCFFDMH,16.74,18.6,2025-03-01 00:00:00,2025-03-31 23:59:00
776b9f88,Best Deal,B0C6FJQ7S5,15.76,14.73,2025-03-25 00:00:00,2025-03-31 23:55:00
17492259202,Coupon,B0BMQXCX1X,22.77,23.27,2025-01-13 00:00:00,2025-02-12 23:59:00
17029211802,Sales Discount,B08JCSQGVK,12.54,13.93,2024-12-11 00:00:00,2025-01-31 23:59:00
e5936dd2,Best Deal,B00RBUM5JQ,16.53,15.45,2024-12-26 00:00:00,2025-01-05 23:55:00
18062815702,Sales Discount,B0CS6HDRFW,14.21,15.79,2025-03-01 00:00:00,2025-03-31 23:59:00
17492259202,Coupon,B0DFCR6LPY,14.69,14.86,2025-01-13 00:00:00,2025-02-12 23:59:00
17492259202,Coupon,B07C5Q7T4D,-0.88,0.0,2025-01-13 00:00:00,2025-02-12 23:59:00
17029211802,Sales Discount,B08JC9NN3X,16.23,16.73,2024-12-11 00:00:00,2025-01-31 23:59:00
18062815702,Sales Discount,B08GCFFDMH,18.19,18.6,2025-03-01 00:00:00,2025-03-31 23:59:00
17965660802,Price Discount,B07R5XPNMP,15.0,15.81,2025-02-24 00:00:00,2025-02-28 23:59:00
18062815702,Sales Discount,B086XBB126,11.99,13.33,2025-03-01 00:00:00,2025-03-31 23:59:00
17492259202,Coupon,B07F14GMP2,21.22,22.34,2025-01-13 00:00:00,2025-02-12 23:59:00
24409660702,Sales Discount,B0DGGWX7WN,13.23,13.93,2026-03-17 21:00:00,2026-03-31 23:59:00
18062815702,Sales Discount,B09JCNKXV5,14.21,15.79,2025-03-01 00:00:00,2025-03-31 23:59:00
18062815702,Sales Discount,B091Z4JQBD,15.09,15.38,2025-03-01 00:00:00,2025-03-31 23:59:00
18062815702,Sales Discount,B01D3FVKBG,18.2,20.23,2025-03-01 00:00:00,2025-03-31 23:59:00
18062815702,Sales Discount,B07WH27VXM,-2.05,0.0,2025-03-01 00:00:00,2025-03-31 23:59:00
17029211802,Sales Discount,B075RGVV7G,15.64,15.79,2024-12-11 00:00:00,2025-01-31 23:59:00
776b9f88,Best Deal,B0BX76VGXP,15.62,0.0,2025-03-25 00:00:00,2025-03-31 23:55:00
17492259202,Coupon,B08JC9XBGM,-0.93,0.0,2025-01-13 00:00:00,2025-02-12 23:59:00
18062815702,Sales Discount,B091Z4JQBD,14.61,15.38,2025-03-01 00:00:00,2025-03-31 23:59:00
17492259202,Coupon,B08VX84KW4,18.32,18.6,2025-01-13 00:00:00,2025-02-12 23:59:00
17492259202,Coupon,B08JC9XBGM,18.19,18.6,2025-01-13 00:00:00,2025-02-12 23:59:00
18062815702,Sales Discount,B08QVYP7YH,21.36,22.34,2025-03-01 00:00:00,2025-03-31 23:59:00
da7ca825,Best Deal,B0CHSKHD1Z,19.31,18.05,2025-05-21 00:00:00,2025-05-27 23:55:00
18062815702,Sales Discount,B00RCYQUII,12.54,13.93,2025-03-01 00:00:00,2025-03-31 23:59:00
25402148802,Sales Discount,B0DJP4W7KC,22.69,23.27,2026-05-23 00:00:00,2026-06-06 23:59:00
18062815702,Sales Discount,B08XZMCR17,21.79,24.21,2025-03-01 00:00:00,2025-03-31 23:59:00
17492259202,Coupon,B0CHSLDL5K,12.66,12.99,2025-01-13 00:00:00,2025-02-12 23:59:00
776b9f88,Best Deal,B08VWV18N7,17.66,16.5,2025-03-25 00:00:00,2025-03-31 23:55:00
18062815702,Sales Discount,B0BK8WLZT5,12.46,13.84,2025-03-01 00:00:00,2025-03-31 23:59:00
da7ca825,Best Deal,B0DGGVW1NH,16.0,0.0,2025-05-21 00:00:00,2025-05-27 23:55:00
17970364702,Sales Discount,B0D2322MMQ,14.21,15.79,2025-02-20 00:00:00,2025-02-28 23:59:00
17029211802,Sales Discount,B09NRH4J1C,20.94,23.27,2024-12-11 00:00:00,2025-01-31 23:59:00
18062815702,Sales Discount,B0D2319J4L,15.53,15.79,2025-03-01 00:00:00,2025-03-31 23:59:00
17029211802,Sales Discount,B08NPB4GCD,15.9,16.73,2024-12-11 00:00:00,2025-01-31 23:59:00
17492259202,Coupon,B01D3FVKBG,20.87,21.4,2025-01-13 00:00:00,2025-02-12 23:59:00
da7ca825,Best Deal,B0D2319J4L,14.3,13.36,2025-05-21 00:00:00,2025-05-27 23:55:00
25402148802,Sales Discount,B0C93RMXRR,29.35,30.75,2026-05-23 00:00:00,2026-06-06 23:59:00
18465947002,Price Discount,B0DK9L5MWL,16.0,0.0,2025-03-25 16:31:00,2025-03-31 23:59:00
17492259202,Coupon,B09JCMLXP5,23.0,24.21,2025-01-13 00:00:00,2025-02-12 23:59:00
e5936dd2,Best Deal,B08JCRVJX7,14.11,0.0,2024-12-26 00:00:00,2025-01-05 23:55:00
17492259202,Coupon,B08JCV95Y3,16.33,16.73,2025-01-13 00:00:00,2025-02-12 23:59:00
17492259202,Coupon,B077QQ2XV8,17.28,17.66,2025-01-13 00:00:00,2025-02-12 23:59:00
776b9f88,Best Deal,B09C6FWGJR,21.91,20.48,2025-03-25 00:00:00,2025-03-31 23:55:00
18341715402,Coupon,B0DFCQLLSY,12.69,12.99,2025-03-24 00:00:00,2025-04-23 23:59:00
18062815702,Sales Discount,B0BSQVND4T,20.76,21.4,2025-03-01 00:00:00,2025-03-31 23:59:00
18693650102,Sales Discount,B08DDBGBZG,14.98,21.4,2025-04-10 23:00:00,2025-04-30 23:59:00
17492259202,Coupon,B096W2GHQV,18.44,18.6,2025-01-13 00:00:00,2025-02-12 23:59:00
25402148802,Sales Discount,B0DHL6WSMT,23.47,26.07,2026-05-23 00:00:00,2026-06-06 23:59:00
17492259202,Coupon,B096W54FGM,16.35,16.73,2025-01-13 00:00:00,2025-02-12 23:59:00
16105181202,Sales Discount,B06Y3Q6XNX,17.87,22.34,2024-10-10 00:01:00,2025-03-31 23:59:00
18062815702,Sales Discount,B0DGGVW1NH,15.89,17.66,2025-03-01 00:00:00,2025-03-31 23:59:00
17492259202,Coupon,B0D22ZQTSC,20.12,20.47,2025-01-13 00:00:00,2025-02-12 23:59:00
17492259202,Coupon,B0BSQVND4T,-1.07,0.0,2025-01-13 00:00:00,2025-02-12 23:59:00
776b9f88,Best Deal,B0BD88S1FW,15.03,14.05,2025-03-25 00:00:00,2025-03-31 23:55:00
17029211802,Sales Discount,B0CCJVV9GF,16.74,18.6,2024-12-11 00:00:00,2025-01-31 23:59:00
17492259202,Coupon,B075T9G9YS,23.73,24.21,2025-01-13 00:00:00,2025-02-12 23:59:00
776b9f88,Best Deal,B00N1QKQ5Y,15.11,14.12,2025-03-25 00:00:00,2025-03-31 23:55:00
18062815702,Sales Discount,B091Z4JQBD,16.74,18.6,2025-03-01 00:00:00,2025-03-31 23:59:00
18341715402,Coupon,B0DFCR6LPY,14.49,14.86,2025-03-24 00:00:00,2025-04-23 23:59:00
17029211802,Sales Discount,B087JJ4M8H,25.59,26.07,2024-12-11 00:00:00,2025-01-31 23:59:00
18062815702,Sales Discount,B0D2322MMQ,-1.58,0.0,2025-03-01 00:00:00,2025-03-31 23:59:00
18062815702,Sales Discount,B081TDP6YF,26.83,29.81,2025-03-01 00:00:00,2025-03-31 23:59:00
18341715402,Coupon,B0D638JD41,13.41,14.12,2025-03-24 00:00:00,2025-04-23 23:59:00
17492259202,Coupon,B0BK8W6JM3,18.16,18.6,2025-01-13 00:00:00,2025-02-12 23:59:00
17029211802,Sales Discount,B09TJXDWKF,21.23,22.34,2024-12-11 00:00:00,2025-01-31 23:59:00
17029211802,Sales Discount,B087JTHDN1,15.89,17.66,2024-12-11 00:00:00,2025-01-31 23:59:00
18062815702,Sales Discount,B096W3WGCN,14.92,15.71,2025-03-01 00:00:00,2025-03-31 23:59:00
18062815702,Sales Discount,B08VWKYVKS,19.26,21.4,2025-03-01 00:00:00,2025-03-31 23:59:00
17492259202,Coupon,B094R1JQ6K,18.31,18.6,2025-01-13 00:00:00,2025-02-12 23:59:00
18062815702,Sales Discount,B08QVWRHP2,17.96,18.89,2025-03-01 00:00:00,2025-03-31 23:59:00
17029211802,Sales Discount,B0C2QM9WK6,16.74,18.6,2024-12-11 00:00:00,2025-01-31 23:59:00
17029211802,Sales Discount,B08XZLYCZ5,20.11,22.34,2024-12-11 00:00:00,2025-01-31 23:59:00
18062815702,Sales Discount,B00RBUM5JQ,19.55,20.47,2025-03-01 00:00:00,2025-03-31 23:59:00
17492259202,Coupon,B07WH27VXM,20.0,20.47,2025-01-13 00:00:00,2025-02-12 23:59:00
18062815702,Sales Discount,B08DCY34MX,12.71,14.12,2025-03-01 00:00:00,2025-03-31 23:59:00
17492259202,Coupon,B08XZMCR17,23.6,24.21,2025-01-13 00:00:00,2025-02-12 23:59:00
18062815702,Sales Discount,B094R1JQ6K,17.67,18.6,2025-03-01 00:00:00,2025-03-31 23:59:00
16105181202,Sales Discount,B08QVWRHP2,17.88,22.34,2024-10-10 00:01:00,2025-03-31 23:59:00
18062815702,Sales Discount,B0DGGVW1NH,15.9,17.66,2025-03-01 00:00:00,2025-03-31 23:59:00
17492259202,Coupon,B0BK8STFVG,17.67,18.6,2025-01-13 00:00:00,2025-02-12 23:59:00
776b9f88,Best Deal,B08VWF8Y96,16.81,15.71,2025-03-25 00:00:00,2025-03-31 23:55:00
da7ca825,Best Deal,B0D2322MMQ,14.1,13.18,2025-05-21 00:00:00,2025-05-27 23:55:00
17492259202,Coupon,B0CWPJTWXQ,17.56,17.66,2025-01-13 00:00:00,2025-02-12 23:59:00
776b9f88,Best Deal,B07KJMHWGW,16.81,15.71,2025-03-25 00:00:00,2025-03-31 23:55:00
17492259202,Coupon,B0BD85KJQV,22.03,22.34,2025-01-13 00:00:00,2025-02-12 23:59:00
18062815702,Sales Discount,B08JC9XBGM,18.23,18.6,2025-03-01 00:00:00,2025-03-31 23:59:00
18062815702,Sales Discount,B0D2322MMQ,15.01,15.79,2025-03-01 00:00:00,2025-03-31 23:59:00
18062815702,Sales Discount,B096W2GHQV,16.74,18.6,2025-03-01 00:00:00,2025-03-31 23:59:00
17029211802,Sales Discount,B07DGGD49G,19.26,21.4,2024-12-11 00:00:00,2025-01-31 23:59:00
17492259202,Coupon,B08JC9NN3X,15.89,16.73,2025-01-13 00:00:00,2025-02-12 23:59:00
17029211802,Sales Discount,B0D92MHJL8,13.33,13.93,2024-12-11 00:00:00,2025-01-31 23:59:00
17412222602,Sales Discount,B08VX84KW4,14.88,18.6,2025-01-09 00:01:00,2025-01-31 23:59:00
17492259202,Coupon,B08B8SJK6K,23.69,24.21,2025-01-13 00:00:00,2025-02-12 23:59:00
e5936dd2,Best Deal,B0CCJ8R191,19.81,18.51,2024-12-26 00:00:00,2025-01-05 23:55:00
776b9f88,Best Deal,B0CMV8JRKN,16.81,15.71,2025-03-25 00:00:00,2025-03-31 23:55:00
18062815702,Sales Discount,B0BD81KP8K,17.75,18.6,2025-03-01 00:00:00,2025-03-31 23:59:00
17492259202,Coupon,B08XZLYCZ5,22.09,22.34,2025-01-13 00:00:00,2025-02-12 23:59:00
17492259202,Coupon,B0B2WSTP9W,-0.93,0.0,2025-01-13 00:00:00,2025-02-12 23:59:00
17029211802,Sales Discount,B08JC9XBGM,18.11,18.6,2024-12-11 00:00:00,2025-01-31 23:59:00
17492259202,Coupon,B08JCRVJX7,15.89,16.73,2025-01-13 00:00:00,2025-02-12 23:59:00
17029211802,Sales Discount,B08GCFFDMH,17.67,18.6,2024-12-11 00:00:00,2025-01-31 23:59:00
17492259202,Coupon,B08VX84KW4,18.13,18.6,2025-01-13 00:00:00,2025-02-12 23:59:00
da7ca825,Best Deal,B0DFCRYTBC,10.91,10.2,2025-05-21 00:00:00,2025-05-27 23:55:00
17492259202,Coupon,B0CHSK39WM,10.56,11.12,2025-01-13 00:00:00,2025-02-12 23:59:00
8f39fad6,Best Deal,B0D22XWFBT,15.96,14.92,2025-03-25 00:00:00,2025-03-31 23:55:00
17029211802,Sales Discount,B07DGFDLKP,18.42,20.47,2024-12-11 00:00:00,2025-01-31 23:59:00
18062815702,Sales Discount,B07F1FKM3M,17.1,18.0,2025-03-01 00:00:00,2025-03-31 23:59:00
18062815702,Sales Discount,B07F1FKM3M,20.41,21.4,2025-03-01 00:00:00,2025-03-31 23:59:00
18062815702,Sales Discount,B091Z4JQBD,14.63,15.38,2025-03-01 00:00:00,2025-03-31 23:59:00
17029211802,Sales Discount,B0BK8X47M5,12.74,14.15,2024-12-11 00:00:00,2025-01-31 23:59:00
17492259202,Coupon,B00RCYQUII,13.75,13.93,2025-01-13 00:00:00,2025-02-12 23:59:00
17492259202,Coupon,B09C6FWGJR,22.99,24.21,2025-01-13 00:00:00,2025-02-12 23:59:00
16105181202,Sales Discount,B01FFWYDVO,11.93,14.92,2024-10-10 00:01:00,2025-03-31 23:59:00
16105181202,Sales Discount,B0B6WGC16M,16.39,20.48,2024-10-10 00:01:00,2025-03-31 23:59:00
18062815702,Sales Discount,B08QVWRHP2,21.23,22.34,2025-03-01 00:00:00,2025-03-31 23:59:00
17492259202,Coupon,B0B2PWX7P9,22.1,23.27,2025-01-13 00:00:00,2025-02-12 23:59:00
17492259202,Coupon,B0BD88S1FW,-0.89,0.0,2025-01-13 00:00:00,2025-02-12 23:59:00
16105181202,Sales Discount,B0CCJWSS2P,11.89,14.86,2024-10-10 00:01:00,2025-03-31 23:59:00
17492259202,Coupon,B0BD85KJQV,21.22,22.34,2025-01-13 00:00:00,2025-02-12 23:59:00
18062815702,Sales Discount,B087JK7673,16.74,18.6,2025-03-01 00:00:00,2025-03-31 23:59:00
17029211802,Sales Discount,B0CMV9BH8K,21.01,21.4,2024-12-11 00:00:00,2025-01-31 23:59:00
17029211802,Sales Discount,B07R5XPNMP,17.67,18.6,2024-12-11 00:00:00,2025-01-31 23:59:00
18062815702,Sales Discount,B09C6GDG72,17.48,18.09,2025-03-01 00:00:00,2025-03-31 23:59:00
17029211802,Sales Discount,B096W2GHQV,18.28,18.6,2024-12-11 00:00:00,2025-01-31 23:59:00
17492259202,Coupon,B08VWV18N7,19.05,19.53,2025-01-13 00:00:00,2025-02-12 23:59:00
e5936dd2,Best Deal,B0BK8W6JM3,15.72,14.69,2024-12-26 00:00:00,2025-01-05 23:55:00
17492259202,Coupon,B0DFCRNY8W,16.59,16.73,2025-01-13 00:00:00,2025-02-12 23:59:00
17492259202,Coupon,B0BK8WLZT5,17.46,17.66,2025-01-13 00:00:00,2025-02-12 23:59:00
25402148802,Sales Discount,B0DJP4W7KC,22.4,23.27,2026-05-23 00:00:00,2026-06-06 23:59:00
e5936dd2,Best Deal,B07C5Q7T4D,15.71,0.0,2024-12-26 00:00:00,2025-01-05 23:55:00
17029211802,Sales Discount,B07B9NWQ61,14.21,15.79,2024-12-11 00:00:00,2025-01-31 23:59:00
18062815702,Sales Discount,B08JC2YLYL,13.87,14.6,2025-03-01 00:00:00,2025-03-31 23:59:00
18062815702,Sales Discount,B0DFCQLLSY,-1.3,0.0,2025-03-01 00:00:00,2025-03-31 23:59:00
18062815702,Sales Discount,B089FZBMW9,23.69,24.21,2025-03-01 00:00:00,2025-03-31 23:59:00
18062815702,Sales Discount,B0CPJG6XL8,17.18,18.09,2025-03-01 00:00:00,2025-03-31 23:59:00
17492259202,Coupon,B0CWPJTWXQ,16.78,17.66,2025-01-13 00:00:00,2025-02-12 23:59:00
da7ca825,Best Deal,B0CS6HDRFW,13.34,0.0,2025-05-21 00:00:00,2025-05-27 23:55:00
18062815702,Sales Discount,B091Z4JQBD,17.67,18.6,2025-03-01 00:00:00,2025-03-31 23:59:00
18062815702,Sales Discount,B0C947V4GH,17.78,18.6,2025-03-01 00:00:00,2025-03-31 23:59:00
18062815702,Sales Discount,B07NNVS8M4,18.43,20.48,2025-03-01 00:00:00,2025-03-31 23:59:00
18062815702,Sales Discount,B06Y3Q6XNX,-1.89,0.0,2025-03-01 00:00:00,2025-03-31 23:59:00
18062815702,Sales Discount,B0CHSLDL5K,9.18,10.2,2025-03-01 00:00:00,2025-03-31 23:59:00
17492259202,Coupon,B087JK7673,18.3,18.6,2025-01-13 00:00:00,2025-02-12 23:59:00
17492259202,Coupon,B096W2GHQV,18.13,18.6,2025-01-13 00:00:00,2025-02-12 23:59:00
8f39fad6,Best Deal,B01G7428BG,21.65,20.23,2025-03-25 00:00:00,2025-03-31 23:55:00
17492259202,Coupon,B06XR9VG7N,17.67,18.6,2025-01-13 00:00:00,2025-02-12 23:59:00
18062815702,Sales Discount,B01FFWYDVO,14.19,14.92,2025-03-01 00:00:00,2025-03-31 23:59:00
18062815702,Sales Discount,B06XR9VG7N,16.74,18.6,2025-03-01 00:00:00,2025-03-31 23:59:00
e5936dd2,Best Deal,B0BSQZRFBV,15.9,14.86,2024-12-26 00:00:00,2025-01-05 23:55:00
17492259202,Coupon,B0DFCRYTBC,11.45,12.06,2025-01-13 00:00:00,2025-02-12 23:59:00
18062815702,Sales Discount,B09NRH7WP6,9.13,10.15,2025-03-01 00:00:00,2025-03-31 23:59:00
25401016002,Sales Discount,B0DR9CLXV5,12.53,13.93,2026-05-23 00:00:00,2026-06-06 23:59:00
17492259202,Coupon,B0BSQVND4T,20.9,21.4,2025-01-13 00:00:00,2025-02-12 23:59:00
18062815702,Sales Discount,B0BD81KP8K,-1.86,0.0,2025-03-01 00:00:00,2025-03-31 23:59:00
17492259202,Coupon,B07PM7B4NK,35.93,36.36,2025-01-13 00:00:00,2025-02-12 23:59:00
e5936dd2,Best Deal,B0BK8WLZT5,14.91,13.93,2024-12-26 00:00:00,2025-01-05 23:55:00
18062815702,Sales Discount,B08JC9NN3X,16.31,16.73,2025-03-01 00:00:00,2025-03-31 23:59:00
18062815702,Sales Discount,B01FFWYDVO,15.89,17.66,2025-03-01 00:00:00,2025-03-31 23:59:00
17492259202,Coupon,B091Z4JQBD,18.2,18.6,2025-01-13 00:00:00,2025-02-12 23:59:00
17492259202,Coupon,B0BMQXCX1X,22.74,23.27,2025-01-13 00:00:00,2025-02-12 23:59:00
18062815702,Sales Discount,B077QQ2XV8,14.61,14.92,2025-03-01 00:00:00,2025-03-31 23:59:00
17492259202,Coupon,B08JC2YLYL,18.3,18.6,2025-01-13 00:00:00,2025-02-12 23:59:00
e5936dd2,Best Deal,B0C6FHKNM7,19.76,18.47,2024-12-26 00:00:00,2025-01-05 23:55:00
18062815702,Sales Discount,B091Z1H8RK,19.52,19.68,2025-03-01 00:00:00,2025-03-31 23:59:00
17492259202,Coupon,B07C5Q7T4D,17.43,17.66,2025-01-13 00:00:00,2025-02-12 23:59:00
18062815702,Sales Discount,B08XZLYCZ5,20.05,21.12,2025-03-01 00:00:00,2025-03-31 23:59:00
17029211802,Sales Discount,B0D63B1QGN,16.31,16.73,2024-12-11 00:00:00,2025-01-31 23:59:00
e5936dd2,Best Deal,B0BK8X47M5,15.14,14.15,2024-12-26 00:00:00,2025-01-05 23:55:00
17029211802,Sales Discount,B08NPF3LJ7,13.27,14.74,2024-12-11 00:00:00,2025-01-31 23:59:00
776b9f88,Best Deal,B07F1FKM3M,19.26,0.0,2025-03-25 00:00:00,2025-03-31 23:55:00
18062815702,Sales Discount,B0BD81KP8K,14.14,15.71,2025-03-01 00:00:00,2025-03-31 23:59:00
776b9f88,Best Deal,B08B8SJK6K,21.91,20.48,2025-03-25 00:00:00,2025-03-31 23:55:00
17029211802,Sales Discount,B0BK8STFVG,13.22,14.69,2024-12-11 00:00:00,2025-01-31 23:59:00
18062815702,Sales Discount,B08XZLYCZ5,20.11,22.34,2025-03-01 00:00:00,2025-03-31 23:59:00
18062815702,Sales Discount,B00SBSJ16C,13.42,14.92,2025-03-01 00:00:00,2025-03-31 23:59:00
25401016002,Sales Discount,B0DHL6WSMT,23.46,26.07,2026-05-23 00:00:00,2026-06-06 23:59:00
18062815702,Sales Discount,B096W3WGCN,17.67,18.6,2025-03-01 00:00:00,2025-03-31 23:59:00
17492259202,Coupon,B087JJ4M8H,25.63,26.07,2025-01-13 00:00:00,2025-02-12 23:59:00
776b9f88,Best Deal,B0BD81KP8K,16.81,15.71,2025-03-25 00:00:00,2025-03-31 23:55:00
17029211802,Sales Discount,B01D3FVKBG,19.26,21.4,2024-12-11 00:00:00,2025-01-31 23:59:00
17492259202,Coupon,B07F1FKM3M,20.91,21.4,2025-01-13 00:00:00,2025-02-12 23:59:00
18062815702,Sales Discount,B08NPB4GCD,16.19,16.73,2025-03-01 00:00:00,2025-03-31 23:59:00
17492259202,Coupon,B0B6WCHGMK,13.59,13.93,2025-01-13 00:00:00,2025-02-12 23:59:00
25402148802,Sales Discount,B0C93RMXRR,29.22,30.75,2026-05-23 00:00:00,2026-06-06 23:59:00
18341715402,Coupon,B0DQDRRFPF,10.9,11.12,2025-03-24 00:00:00,2025-04-23 23:59:00
17029211802,Sales Discount,B0C2QPSPS6,16.74,18.6,2024-12-11 00:00:00,2025-01-31 23:59:00
17492259202,Coupon,B076MBD6KQ,15.44,15.79,2025-01-13 00:00:00,2025-02-12 23:59:00
17029211802,Sales Discount,B096W54FGM,15.94,16.73,2024-12-11 00:00:00,2025-01-31 23:59:00
776b9f88,Best Deal,B0BK8X47M5,15.04,0.0,2025-03-25 00:00:00,2025-03-31 23:55:00
17029211802,Sales Discount,B01MCZD91A,14.12,14.86,2024-12-11 00:00:00,2025-01-31 23:59:00
776b9f88,Best Deal,B08JC2YLYL,15.62,14.6,2025-03-25 00:00:00,2025-03-31 23:55:00
17492259202,Coupon,B09TJXDWKF,21.99,22.34,2025-01-13 00:00:00,2025-02-12 23:59:00
17492259202,Coupon,B0BK8X47M5,15.47,15.79,2025-01-13 00:00:00,2025-02-12 23:59:00
17492259202,Coupon,B08JCSQGVK,13.24,13.93,2025-01-13 00:00:00,2025-02-12 23:59:00
776b9f88,Best Deal,B0BMQXCX1X,19.66,0.0,2025-03-25 00:00:00,2025-03-31 23:55:00
776b9f88,Best Deal,B08GCTM58N,16.81,15.71,2025-03-25 00:00:00,2025-03-31 23:55:00
17029211802,Sales Discount,B087JK7673,16.74,18.6,2024-12-11 00:00:00,2025-01-31 23:59:00
18062815702,Sales Discount,B08JCSQGVK,12.48,13.13,2025-03-01 00:00:00,2025-03-31 23:59:00
776b9f88,Best Deal,B08DDBGBZG,18.99,0.0,2025-03-25 00:00:00,2025-03-31 23:55:00
18062815702,Sales Discount,B096W2GHQV,13.24,14.72,2025-03-01 00:00:00,2025-03-31 23:59:00
17492259202,Coupon,B08VWF8Y96,18.15,18.6,2025-01-13 00:00:00,2025-02-12 23:59:00
e5936dd2,Best Deal,B0CS6GFLRM,15.04,14.06,2024-12-26 00:00:00,2025-01-05 23:55:00
18062815702,Sales Discount,B087JHVV7T,14.14,15.71,2025-03-01 00:00:00,2025-03-31 23:59:00
776b9f88,Best Deal,B00SBSJ16C,15.96,0.0,2025-03-25 00:00:00,2025-03-31 23:55:00
18062815702,Sales Discount,B0BX76VGXP,13.91,14.6,2025-03-01 00:00:00,2025-03-31 23:59:00
17492259202,Coupon,B07B9FTCXV,-1.22,0.0,2025-01-13 00:00:00,2025-02-12 23:59:00
18062815702,Sales Discount,B08QVWRHP2,18.74,18.89,2025-03-01 00:00:00,2025-03-31 23:59:00
17492259202,Coupon,B077QNG9M4,18.14,18.6,2025-01-13 00:00:00,2025-02-12 23:59:00
18062815702,Sales Discount,B07WH27VXM,20.14,20.47,2025-03-01 00:00:00,2025-03-31 23:59:00
17029211802,Sales Discount,B0CS6GFLRM,13.72,14.06,2024-12-11 00:00:00,2025-01-31 23:59:00
17492259202,Coupon,B09TJXDWKF,22.01,22.34,2025-01-13 00:00:00,2025-02-12 23:59:00
17492259202,Coupon,B0C947V4GH,18.5,18.6,2025-01-13 00:00:00,2025-02-12 23:59:00
17029211802,Sales Discount,B01D3FVKBG,20.97,21.4,2024-12-11 00:00:00,2025-01-31 23:59:00
18062815702,Sales Discount,B07ZQHMLQY,16.74,18.6,2025-03-01 00:00:00,2025-03-31 23:59:00
17492259202,Coupon,B076MBD6KQ,15.64,15.79,2025-01-13 00:00:00,2025-02-12 23:59:00
16105181202,Sales Discount,B08VX84KW4,14.87,18.6,2024-10-10 00:01:00,2025-03-31 23:59:00
17492259202,Coupon,B09TJXDWKF,21.22,22.34,2025-01-13 00:00:00,2025-02-12 23:59:00
18062815702,Sales Discount,B0C94719Z8,16.74,18.6,2025-03-01 00:00:00,2025-03-31 23:59:00
17492259202,Coupon,B08XZMCR17,23.86,24.21,2025-01-13 00:00:00,2025-02-12 23:59:00
18062815702,Sales Discount,B00RCYQUII,13.24,13.93,2025-03-01 00:00:00,2025-03-31 23:59:00
17029211802,Sales Discount,B00XU8EF0K,-1.86,0.0,2024-12-11 00:00:00,2025-01-31 23:59:00
776b9f88,Best Deal,B0BX76VGXP,15.62,14.6,2025-03-25 00:00:00,2025-03-31 23:55:00
17029211802,Sales Discount,B09C6HJ2CC,15.89,17.66,2024-12-11 00:00:00,2025-01-31 23:59:00
17492259202,Coupon,B087JHVV7T,17.67,18.6,2025-01-13 00:00:00,2025-02-12 23:59:00
17492259202,Coupon,B0CCJWSS2P,13.74,13.93,2025-01-13 00:00:00,2025-02-12 23:59:00
17492259202,Coupon,B01FFWYDVO,17.28,17.66,2025-01-13 00:00:00,2025-02-12 23:59:00
18062815702,Sales Discount,B08JC9NN3X,15.9,16.73,2025-03-01 00:00:00,2025-03-31 23:59:00
16105181202,Sales Discount,B08QVWRHP2,17.87,22.34,2024-10-10 00:01:00,2025-03-31 23:59:00
18062815702,Sales Discount,B07PM7B4NK,27.72,30.8,2025-03-01 00:00:00,2025-03-31 23:59:00
17492259202,Coupon,B0CPJG6XL8,20.86,21.4,2025-01-13 00:00:00,2025-02-12 23:59:00
18341715402,Coupon,B0D638JD41,15.89,16.73,2025-03-24 00:00:00,2025-04-23 23:59:00
17492259202,Coupon,B07F1FKM3M,20.95,21.4,2025-01-13 00:00:00,2025-02-12 23:59:00
25401079802,Sales Discount,B0DJP4W7KC,22.37,23.27,2026-05-23 00:00:00,2026-06-06 23:59:00
18062815702,Sales Discount,B01FFWYDVO,13.42,14.92,2025-03-01 00:00:00,2025-03-31 23:59:00
18062815702,Sales Discount,B01G7428BG,19.26,21.4,2025-03-01 00:00:00,2025-03-31 23:59:00
17492259202,Coupon,B0D22ZSZ2H,18.14,18.6,2025-01-13 00:00:00,2025-02-12 23:59:00
17029211802,Sales Discount,B08JC2YLYL,13.22,14.69,2024-12-11 00:00:00,2025-01-31 23:59:00
17492259202,Coupon,B01MCZD91A,14.65,14.86,2025-01-13 00:00:00,2025-02-12 23:59:00
18062815702,Sales Discount,B0BMQXCX1X,17.76,18.37,2025-03-01 00:00:00,2025-03-31 23:59:00
18062815702,Sales Discount,B00XU8AUC2,18.17,18.6,2025-03-01 00:00:00,2025-03-31 23:59:00
18062815702,Sales Discount,B09TJXDWKF,17.0,18.89,2025-03-01 00:00:00,2025-03-31 23:59:00
18062815702,Sales Discount,B0BMQTBYKT,16.74,18.6,2025-03-01 00:00:00,2025-03-31 23:59:00
18062815702,Sales Discount,B08JCRVJX7,15.94,16.73,2025-03-01 00:00:00,2025-03-31 23:59:00
17492259202,Coupon,B076MKZHV4,15.89,16.73,2025-01-13 00:00:00,2025-02-12 23:59:00
8f39fad6,Best Deal,B0DFCQLLSY,11.71,10.94,2025-03-25 00:00:00,2025-03-31 23:55:00
17029211802,Sales Discount,B08GCTM58N,16.74,18.6,2024-12-11 00:00:00,2025-01-31 23:59:00
da7ca825,Best Deal,B0DFCR6LPY,13.36,12.49,2025-05-21 00:00:00,2025-05-27 23:55:00
17492259202,Coupon,B0CPJG6XL8,20.33,21.4,2025-01-13 00:00:00,2025-02-12 23:59:00
18062815702,Sales Discount,B0B2Q12FVY,17.67,18.6,2025-03-01 00:00:00,2025-03-31 23:59:00
17492259202,Coupon,B096W2GHQV,18.39,18.6,2025-01-13 00:00:00,2025-02-12 23:59:00
17029211802,Sales Discount,B072VJ9FFZ,16.79,17.66,2024-12-11 00:00:00,2025-01-31 23:59:00
8f39fad6,Best Deal,B0D47FKGDD,11.72,10.95,2025-03-25 00:00:00,2025-03-31 23:55:00
17492259202,Coupon,B0BSQVND4T,20.33,21.4,2025-01-13 00:00:00,2025-02-12 23:59:00
e5936dd2,Best Deal,B0BMQXCX1X,19.76,0.0,2024-12-26 00:00:00,2025-01-05 23:55:00
24409660702,Sales Discount,B00XU8EF0K,19.44,20.47,2026-03-17 21:00:00,2026-03-31 23:59:00
17492259202,Coupon,B0B6WGC16M,23.81,24.21,2025-01-13 00:00:00,2025-02-12 23:59:00
776b9f88,Best Deal,B09JCMLXP5,21.91,0.0,2025-03-25 00:00:00,2025-03-31 23:55:00
8f39fad6,Best Deal,B01FFWYDVO,15.96,14.92,2025-03-25 00:00:00,2025-03-31 23:55:00
17029211802,Sales Discount,B082XFKXJ2,17.72,18.6,2024-12-11 00:00:00,2025-01-31 23:59:00
17029211802,Sales Discount,B01D3FVKBG,20.69,21.4,2024-12-11 00:00:00,2025-01-31 23:59:00
18062815702,Sales Discount,B08JC9XBGM,17.71,18.6,2025-03-01 00:00:00,2025-03-31 23:59:00
17492259202,Coupon,B0CMV9BH8K,20.86,21.4,2025-01-13 00:00:00,2025-02-12 23:59:00
776b9f88,Best Deal,B077QQ2XV8,15.96,14.92,2025-03-25 00:00:00,2025-03-31 23:55:00
17492259202,Coupon,B0C94719Z8,17.67,18.6,2025-01-13 00:00:00,2025-02-12 23:59:00
18062815702,Sales Discount,B0D637HBP1,12.71,14.12,2025-03-01 00:00:00,2025-03-31 23:59:00
17492259202,Coupon,B08NPB4GCD,16.58,16.73,2025-01-13 00:00:00,2025-02-12 23:59:00
17492259202,Coupon,B0C947B32V,18.13,18.6,2025-01-13 00:00:00,2025-02-12 23:59:00
18341715402,Coupon,B0DGGWX7WN,-0.62,0.0,2025-03-24 00:00:00,2025-04-23 23:59:00
17492259202,Coupon,B094R1JQ6K,18.49,18.6,2025-01-13 00:00:00,2025-02-12 23:59:00
18062815702,Sales Discount,B0DFCR6LPY,11.95,12.53,2025-03-01 00:00:00,2025-03-31 23:59:00
17029211802,Sales Discount,B0BD81KP8K,17.67,18.6,2024-12-11 00:00:00,2025-01-31 23:59:00
17029211802,Sales Discount,B07F1FKM3M,19.26,21.4,2024-12-11 00:00:00,2025-01-31 23:59:00
18341715402,Coupon,B0DFCRYTBC,11.45,12.06,2025-03-24 00:00:00,2025-04-23 23:59:00
17029211802,Sales Discount,B09NRH7WP6,10.85,12.06,2024-12-11 00:00:00,2025-01-31 23:59:00
18062815702,Sales Discount,B01FFWYDVO,17.36,17.66,2025-03-01 00:00:00,2025-03-31 23:59:00
18062815702,Sales Discount,B0D47FKGDD,9.86,10.95,2025-03-01 00:00:00,2025-03-31 23:59:00
17492259202,Coupon,B07PM7B4NK,36.19,36.36,2025-01-13 00:00:00,2025-02-12 23:59:00
776b9f88,Best Deal,B0BD85KJQV,20.21,18.89,2025-03-25 00:00:00,2025-03-31 23:55:00
e5936dd2,Best Deal,B0BK8STFVG,15.72,0.0,2024-12-26 00:00:00,2025-01-05 23:55:00
17029211802,Sales Discount,B08QVYP7YH,17.77,18.7,2024-12-11 00:00:00,2025-01-31 23:59:00
18062815702,Sales Discount,B0D637HBP1,13.83,14.12,2025-03-01 00:00:00,2025-03-31 23:59:00
17492259202,Coupon,B096W3GD2S,21.22,22.34,2025-01-13 00:00:00,2025-02-12 23:59:00
17412222602,Sales Discount,B08QVWRHP2,17.87,22.34,2025-01-09 00:01:00,2025-01-31 23:59:00
17029211802,Sales Discount,B0BK8X47M5,15.05,15.79,2024-12-11 00:00:00,2025-01-31 23:59:00
18062815702,Sales Discount,B09JCMLXP5,19.46,20.48,2025-03-01 00:00:00,2025-03-31 23:59:00
18062815702,Sales Discount,B0BD85KJQV,17.0,18.89,2025-03-01 00:00:00,2025-03-31 23:59:00
17492259202,Coupon,B077QNG9M4,18.37,18.6,2025-01-13 00:00:00,2025-02-12 23:59:00
17492259202,Coupon,B077QQ2XV8,16.78,17.66,2025-01-13 00:00:00,2025-02-12 23:59:00
8f39fad6,Best Deal,B06Y3Q6XNX,20.21,18.89,2025-03-25 00:00:00,2025-03-31 23:55:00
17029211802,Sales Discount,B0CWPJTWXQ,16.79,17.66,2024-12-11 00:00:00,2025-01-31 23:59:00
17029211802,Sales Discount,B094R1JQ6K,18.2,18.6,2024-12-11 00:00:00,2025-01-31 23:59:00
17492259202,Coupon,B08JC9XBGM,18.29,18.6,2025-01-13 00:00:00,2025-02-12 23:59:00
17492259202,Coupon,B0D637HBP1,15.89,16.73,2025-01-13 00:00:00,2025-02-12 23:59:00
17029211802,Sales Discount,B01BNV0IUQ,17.98,18.6,2024-12-11 00:00:00,2025-01-31 23:59:00
18341715402,Coupon,B0DK9L5MWL,12.34,12.99,2025-03-24 00:00:00,2025-04-23 23:59:00
da7ca825,Best Deal,B0D637HBP1,15.06,14.07,2025-05-21 00:00:00,2025-05-27 23:55:00
17492259202,Coupon,B0C6FHHJFM,-0.79,0.0,2025-01-13 00:00:00,2025-02-12 23:59:00
776b9f88,Best Deal,B0B2PSK2MC,19.36,18.09,2025-03-25 00:00:00,2025-03-31 23:55:00
17492259202,Coupon,B08DDBGBZG,20.92,21.4,2025-01-13 00:00:00,2025-02-12 23:59:00
17492259202,Coupon,B0CPJG6XL8,21.16,21.4,2025-01-13 00:00:00,2025-02-12 23:59:00
17492259202,Coupon,B091Z4JQBD,-0.93,0.0,2025-01-13 00:00:00,2025-02-12 23:59:00
18062815702,Sales Discount,B09C6FG128,22.62,25.14,2025-03-01 00:00:00,2025-03-31 23:59:00
17029211802,Sales Discount,B08JC2YLYL,17.78,18.6,2024-12-11 00:00:00,2025-01-31 23:59:00
17492259202,Coupon,B08JCSQGVK,13.69,13.93,2025-01-13 00:00:00,2025-02-12 23:59:00
18062815702,Sales Discount,B0B6WCHGMK,12.54,13.93,2025-03-01 00:00:00,2025-03-31 23:59:00
17492259202,Coupon,B08QVWRHP2,22.14,22.34,2025-01-13 00:00:00,2025-02-12 23:59:00
776b9f88,Best Deal,B09TJXLQ4Z,18.59,0.0,2025-03-25 00:00:00,2025-03-31 23:55:00
17029211802,Sales Discount,B091Z4JQBD,-1.82,0.0,2024-12-11 00:00:00,2025-01-31 23:59:00
18062815702,Sales Discount,B01MCZD91A,14.2,14.86,2025-03-01 00:00:00,2025-03-31 23:59:00
776b9f88,Best Deal,B096W2GHQV,15.75,14.72,2025-03-25 00:00:00,2025-03-31 23:55:00
17029211802,Sales Discount,B06XR9VG7N,16.74,18.6,2024-12-11 00:00:00,2025-01-31 23:59:00
776b9f88,Best Deal,B096W3GD2S,20.21,18.89,2025-03-25 00:00:00,2025-03-31 23:55:00
16105181202,Sales Discount,B00RCYQUII,11.14,13.93,2024-10-10 00:01:00,2025-03-31 23:59:00
18062815702,Sales Discount,B07DGFDLKP,16.72,17.3,2025-03-01 00:00:00,2025-03-31 23:59:00
17492259202,Coupon,B09GD1YKWW,18.29,18.6,2025-01-13 00:00:00,2025-02-12 23:59:00
18341715402,Coupon,B0DFCQLLSY,12.82,12.99,2025-03-24 00:00:00,2025-04-23 23:59:00
776b9f88,Best Deal,B07B9FTCXV,21.91,0.0,2025-03-25 00:00:00,2025-03-31 23:55:00
17492259202,Coupon,B0BMQXCX1X,23.13,23.27,2025-01-13 00:00:00,2025-02-12 23:59:00
18062815702,Sales Discount,B00XJE09CI,18.9,19.53,2025-03-01 00:00:00,2025-03-31 23:59:00
17492259202,Coupon,B08VX84KW4,18.14,18.6,2025-01-13 00:00:00,2025-02-12 23:59:00
17492259202,Coupon,B08JC9NN3X,15.9,16.73,2025-01-13 00:00:00,2025-02-12 23:59:00
17792199702,Coupon,B0D22ZQTSC,17.39,20.47,2025-02-17 00:00:00,2025-02-23 23:59:00
da7ca825,Best Deal,B0D63B1QGN,15.06,14.07,2025-05-21 00:00:00,2025-05-27 23:55:00
18062815702,Sales Discount,B08JC2YLYL,-1.86,0.0,2025-03-01 00:00:00,2025-03-31 23:59:00
17492259202,Coupon,B075T9G9YS,23.85,24.21,2025-01-13 00:00:00,2025-02-12 23:59:00
17492259202,Coupon,B00RBUM5JQ,19.45,20.47,2025-01-13 00:00:00,2025-02-12 23:59:00
18062815702,Sales Discount,B087JJ4M8H,25.63,26.07,2025-03-01 00:00:00,2025-03-31 23:59:00
da7ca825,Best Deal,B08XZLYCZ5,22.55,0.0,2025-05-21 00:00:00,2025-05-27 23:55:00
17492259202,Coupon,B09TJTTP84,18.18,18.6,2025-01-13 00:00:00,2025-02-12 23:59:00
18062815702,Sales Discount,B094R1JQ6K,18.31,18.6,2025-03-01 00:00:00,2025-03-31 23:59:00
17029211802,Sales Discount,B0D22ZQTSC,14.69,16.33,2024-12-11 00:00:00,2025-01-31 23:59:00
18062815702,Sales Discount,B091Z4JQBD,15.0,15.38,2025-03-01 00:00:00,2025-03-31 23:59:00
18062815702,Sales Discount,B0BD88S1FW,12.65,14.05,2025-03-01 00:00:00,2025-03-31 23:59:00
18062815702,Sales Discount,B0C6FHKNM7,22.24,23.27,2025-03-01 00:00:00,2025-03-31 23:59:00
18062815702,Sales Discount,B07WH27VXM,19.91,20.47,2025-03-01 00:00:00,2025-03-31 23:59:00
17029211802,Sales Discount,B08JC9XBGM,17.67,18.6,2024-12-11 00:00:00,2025-01-31 23:59:00
17492259202,Coupon,B0DFCQLLSY,12.66,12.99,2025-01-13 00:00:00,2025-02-12 23:59:00
25401079802,Sales Discount,B0C93RMXRR,29.35,30.75,2026-05-23 00:00:00,2026-06-06 23:59:00
17492259202,Coupon,B075FDQ6KJ,23.71,24.21,2025-01-13 00:00:00,2025-02-12 23:59:00
16105181202,Sales Discount,B0D637HBP1,11.3,14.12,2024-10-10 00:01:00,2025-03-31 23:59:00
17492259202,Coupon,B08QVYP7YH,21.78,22.34,2025-01-13 00:00:00,2025-02-12 23:59:00
17492259202,Coupon,B096W3WGCN,18.13,18.6,2025-01-13 00:00:00,2025-02-12 23:59:00
18062815702,Sales Discount,B0D638MLB2,17.37,17.66,2025-03-01 00:00:00,2025-03-31 23:59:00
17492259202,Coupon,B08JCSQGVK,13.23,13.93,2025-01-13 00:00:00,2025-02-12 23:59:00
e5936dd2,Best Deal,B0BX76VGXP,15.72,0.0,2024-12-26 00:00:00,2025-01-05 23:55:00
17492259202,Coupon,B09JCMLXP5,23.66,24.21,2025-01-13 00:00:00,2025-02-12 23:59:00
18062815702,Sales Discount,B075T9G9YS,18.43,20.48,2025-03-01 00:00:00,2025-03-31 23:59:00
17492259202,Coupon,B072VJ9FFZ,17.49,17.66,2025-01-13 00:00:00,2025-02-12 23:59:00
18062815702,Sales Discount,B0DFCQLLSY,9.85,10.94,2025-03-01 00:00:00,2025-03-31 23:59:00
17492259202,Coupon,B07F1FKM3M,20.98,21.4,2025-01-13 00:00:00,2025-02-12 23:59:00
17492259202,Coupon,B09JCMLXP5,22.99,24.21,2025-01-13 00:00:00,2025-02-12 23:59:00
18062815702,Sales Discount,B08QVWRHP2,18.28,18.89,2025-03-01 00:00:00,2025-03-31 23:59:00
17492259202,Coupon,B0D22ZQTSC,20.21,20.47,2025-01-13 00:00:00,2025-02-12 23:59:00
17492259202,Coupon,B0C94548F5,17.67,18.6,2025-01-13 00:00:00,2025-02-12 23:59:00
18062815702,Sales Discount,B0CPJG6XL8,19.26,21.4,2025-03-01 00:00:00,2025-03-31 23:59:00
17029211802,Sales Discount,B0CHSLDL5K,9.26,10.29,2024-12-11 00:00:00,2025-01-31 23:59:00
e5936dd2,Best Deal,B08QVYP7YH,20.01,0.0,2024-12-26 00:00:00,2025-01-05 23:55:00
8f39fad6,Best Deal,B07PM7B4NK,32.96,30.8,2025-03-25 00:00:00,2025-03-31 23:55:00
17492259202,Coupon,B096W5QCHX,20.87,21.4,2025-01-13 00:00:00,2025-02-12 23:59:00
18062815702,Sales Discount,B07F1FKM3M,17.11,18.0,2025-03-01 00:00:00,2025-03-31 23:59:00
8f39fad6,Best Deal,B0D637HBP1,15.11,14.12,2025-03-25 00:00:00,2025-03-31 23:55:00
17029211802,Sales Discount,B09JCMLXP5,21.79,24.21,2024-12-11 00:00:00,2025-01-31 23:59:00
18062815702,Sales Discount,B01BNV0IUQ,16.74,18.6,2025-03-01 00:00:00,2025-03-31 23:59:00
17029211802,Sales Discount,B06Y3Q6XNX,22.0,22.34,2024-12-11 00:00:00,2025-01-31 23:59:00
18062815702,Sales Discount,B09NRH4J1C,22.24,23.27,2025-03-01 00:00:00,2025-03-31 23:59:00
17029211802,Sales Discount,B0BMQXCX1X,16.62,18.47,2024-12-11 00:00:00,2025-01-31 23:59:00
17492259202,Coupon,B08JC9NN3X,16.39,16.73,2025-01-13 00:00:00,2025-02-12 23:59:00
776b9f88,Best Deal,B096W3WGCN,16.81,15.71,2025-03-25 00:00:00,2025-03-31 23:55:00
18062815702,Sales Discount,B087JTHDN1,14.55,14.92,2025-03-01 00:00:00,2025-03-31 23:59:00
18062815702,Sales Discount,B08VWKYVKS,17.2,18.09,2025-03-01 00:00:00,2025-03-31 23:59:00
17492259202,Coupon,B0BK8STFVG,18.29,18.6,2025-01-13 00:00:00,2025-02-12 23:59:00
17492259202,Coupon,B091Z4JQBD,18.22,18.6,2025-01-13 00:00:00,2025-02-12 23:59:00
17492259202,Coupon,B09NRH4J1C,22.88,23.27,2025-01-13 00:00:00,2025-02-12 23:59:00
18062815702,Sales Discount,B096W54FGM,15.9,16.73,2025-03-01 00:00:00,2025-03-31 23:59:00
18341715402,Coupon,B0DGGWX7WN,11.91,12.06,2025-03-24 00:00:00,2025-04-23 23:59:00
18062815702,Sales Discount,B09NRH4J1C,22.1,23.27,2025-03-01 00:00:00,2025-03-31 23:59:00
18062815702,Sales Discount,B07B9FTCXV,21.79,24.21,2025-03-01 00:00:00,2025-03-31 23:59:00
17029211802,Sales Discount,B08XZLYCZ5,21.59,22.34,2024-12-11 00:00:00,2025-01-31 23:59:00
18062815702,Sales Discount,B0BSQVND4T,-1.81,0.0,2025-03-01 00:00:00,2025-03-31 23:59:00
25401079802,Sales Discount,B0DR9CLXV5,12.54,13.93,2026-05-23 00:00:00,2026-06-06 23:59:00
17492259202,Coupon,B0CPJFC9BP,19.45,20.47,2025-01-13 00:00:00,2025-02-12 23:59:00
18062815702,Sales Discount,B08GCFFDMH,17.73,18.6,2025-03-01 00:00:00,2025-03-31 23:59:00
17029211802,Sales Discount,B09C6GDG72,19.26,21.4,2024-12-11 00:00:00,2025-01-31 23:59:00
776b9f88,Best Deal,B087JHVV7T,16.81,0.0,2025-03-25 00:00:00,2025-03-31 23:55:00
17492259202,Coupon,B01MCZD91A,14.71,14.86,2025-01-13 00:00:00,2025-02-12 23:59:00
17029211802,Sales Discount,B07WH27VXM,14.68,15.45,2024-12-11 00:00:00,2025-01-31 23:59:00
17492259202,Coupon,B08JCSQGVK,13.61,13.93,2025-01-13 00:00:00,2025-02-12 23:59:00
776b9f88,Best Deal,B081TJ62WV,16.9,15.79,2025-03-25 00:00:00,2025-03-31 23:55:00
17029211802,Sales Discount,B091Z4JQBD,17.73,18.6,2024-12-11 00:00:00,2025-01-31 23:59:00
17029211802,Sales Discount,B077QQ2XV8,16.86,17.66,2024-12-11 00:00:00,2025-01-31 23:59:00
da7ca825,Best Deal,B0D232K3RP,11.66,0.0,2025-05-21 00:00:00,2025-05-27 23:55:00
18062815702,Sales Discount,B07B9NWQ61,14.21,15.79,2025-03-01 00:00:00,2025-03-31 23:59:00
17492259202,Coupon,B01FFWYJV8,18.13,18.6,2025-01-13 00:00:00,2025-02-12 23:59:00
18062815702,Sales Discount,B089FZBMW9,18.43,20.48,2025-03-01 00:00:00,2025-03-31 23:59:00
18062815702,Sales Discount,B082XFTS6H,17.96,18.89,2025-03-01 00:00:00,2025-03-31 23:59:00
17492259202,Coupon,B096W2GHQV,18.17,18.6,2025-01-13 00:00:00,2025-02-12 23:59:00
18062815702,Sales Discount,B0BD88S1FW,15.89,17.66,2025-03-01 00:00:00,2025-03-31 23:59:00
17492259202,Coupon,B01FFWYDVO,16.78,17.66,2025-01-13 00:00:00,2025-02-12 23:59:00
17492259202,Coupon,B08NPB4GCD,16.37,16.73,2025-01-13 00:00:00,2025-02-12 23:59:00
25402148802,Sales Discount,B0C8Z557HT,27.67,30.75,2026-05-23 00:00:00,2026-06-06 23:59:00
17492259202,Coupon,B08QVYP7YH,22.14,22.34,2025-01-13 00:00:00,2025-02-12 23:59:00
17492259202,Coupon,B07WH27VXM,20.01,20.47,2025-01-13 00:00:00,2025-02-12 23:59:00
17492259202,Coupon,B094R1JQ6K,17.67,18.6,2025-01-13 00:00:00,2025-02-12 23:59:00
17029211802,Sales Discount,B0D22ZQTSC,15.51,16.33,2024-12-11 00:00:00,2025-01-31 23:59:00
17492259202,Coupon,B01D3FVKBG,21.18,21.4,2025-01-13 00:00:00,2025-02-12 23:59:00
776b9f88,Best Deal,B085YDYWV8,16.81,15.71,2025-03-25 00:00:00,2025-03-31 23:55:00
da7ca825,Best Deal,B0CS6GFLRM,14.99,14.01,2025-05-21 00:00:00,2025-05-27 23:55:00
17492259202,Coupon,B0BD88S1FW,16.78,17.66,2025-01-13 00:00:00,2025-02-12 23:59:00
17029211802,Sales Discount,B0C2QPSPS6,18.42,18.6,2024-12-11 00:00:00,2025-01-31 23:59:00
17029211802,Sales Discount,B087JTHDN1,16.78,17.66,2024-12-11 00:00:00,2025-01-31 23:59:00
17492259202,Coupon,B08JCRVJX7,16.32,16.73,2025-01-13 00:00:00,2025-02-12 23:59:00
18062815702,Sales Discount,B09C6FG128,22.63,25.14,2025-03-01 00:00:00,2025-03-31 23:59:00
17492259202,Coupon,B08VWKYVKS,21.12,21.4,2025-01-13 00:00:00,2025-02-12 23:59:00
17492259202,Coupon,B08NPB4GCD,16.31,16.73,2025-01-13 00:00:00,2025-02-12 23:59:00
18062815702,Sales Discount,B08XZMCR17,19.93,20.48,2025-03-01 00:00:00,2025-03-31 23:59:00
17029211802,Sales Discount,B08JCRVJX7,12.86,13.19,2024-12-11 00:00:00,2025-01-31 23:59:00
17492259202,Coupon,B087JTHDN1,16.78,17.66,2025-01-13 00:00:00,2025-02-12 23:59:00
17492259202,Coupon,B01BNV0IUQ,18.13,18.6,2025-01-13 00:00:00,2025-02-12 23:59:00
17492259202,Coupon,B094R1JQ6K,18.3,18.6,2025-01-13 00:00:00,2025-02-12 23:59:00
17029211802,Sales Discount,B0D92MHJL8,12.54,13.93,2024-12-11 00:00:00,2025-01-31 23:59:00
18062815702,Sales Discount,B07F1FKM3M,20.69,21.4,2025-03-01 00:00:00,2025-03-31 23:59:00
18062815702,Sales Discount,B00SBSJ16C,15.89,17.66,2025-03-01 00:00:00,2025-03-31 23:59:00
18062815702,Sales Discount,B09GD1YKWW,18.0,18.6,2025-03-01 00:00:00,2025-03-31 23:59:00
17492259202,Coupon,B0CWPJTWXQ,17.22,17.66,2025-01-13 00:00:00,2025-02-12 23:59:00
17492259202,Coupon,B085YDZPXM,25.66,27.01,2025-01-13 00:00:00,2025-02-12 23:59:00
18062815702,Sales Discount,B08JC9XBGM,16.7,17.57,2025-03-01 00:00:00,2025-03-31 23:59:00
18062815702,Sales Discount,B096W54FGM,13.68,14.12,2025-03-01 00:00:00,2025-03-31 23:59:00
17492259202,Coupon,B0CPJFC9BP,19.98,20.47,2025-01-13 00:00:00,2025-02-12 23:59:00
17029211802,Sales Discount,B07F1FKM3M,20.83,21.4,2024-12-11 00:00:00,2025-01-31 23:59:00
776b9f88,Best Deal,B08DCZD13T,16.81,15.71,2025-03-25 00:00:00,2025-03-31 23:55:00
17492259202,Coupon,B08JCSQGVK,13.58,13.93,2025-01-13 00:00:00,2025-02-12 23:59:00
17029211802,Sales Discount,B08QVYP7YH,21.68,22.34,2024-12-11 00:00:00,2025-01-31 23:59:00
18062815702,Sales Discount,B0BMQXCX1X,17.45,18.37,2025-03-01 00:00:00,2025-03-31 23:59:00
17492259202,Coupon,B094R1JQ6K,18.15,18.6,2025-01-13 00:00:00,2025-02-12 23:59:00
da7ca825,Best Deal,B08XZLYCZ5,22.55,21.07,2025-05-21 00:00:00,2025-05-27 23:55:00
19033034602,Sales Discount,B0BMQXCX1X,23.88,25.14,2025-05-02 23:00:00,2025-09-30 23:59:00
18062815702,Sales Discount,B0CPJG6XL8,20.76,21.4,2025-03-01 00:00:00,2025-03-31 23:59:00
17029211802,Sales Discount,B076MKZHV4,19.26,21.4,2024-12-11 00:00:00,2025-01-31 23:59:00
17029211802,Sales Discount,B0BMQTBYKT,16.74,18.6,2024-12-11 00:00:00,2025-01-31 23:59:00
17029211802,Sales Discount,B07J5M5PZW,16.83,17.66,2024-12-11 00:00:00,2025-01-31 23:59:00
17492259202,Coupon,B0C2QPSPS6,18.14,18.6,2025-01-13 00:00:00,2025-02-12 23:59:00
17029211802,Sales Discount,B0BK8W6JM3,14.24,14.69,2024-12-11 00:00:00,2025-01-31 23:59:00
17492259202,Coupon,B0D637HBP1,15.9,16.73,2025-01-13 00:00:00,2025-02-12 23:59:00
17029211802,Sales Discount,B0CCJ9PLHV,16.74,18.6,2024-12-11 00:00:00,2025-01-31 23:59:00
24569252002,Sales Discount,B0BK8X47M5,10.49,15.79,2026-03-30 09:01:00,2027-01-01 09:01:00
18341715402,Coupon,B0DGGWX7WN,11.85,12.06,2025-03-24 00:00:00,2025-04-23 23:59:00
17029211802,Sales Discount,B08QVYP7YH,20.1,22.34,2024-12-11 00:00:00,2025-01-31 23:59:00
18062815702,Sales Discount,B0DFCR6LPY,11.9,12.53,2025-03-01 00:00:00,2025-03-31 23:59:00
18062815702,Sales Discount,B01BNV0IUQ,18.15,18.6,2025-03-01 00:00:00,2025-03-31 23:59:00
18062815702,Sales Discount,B085YDYWV8,16.74,18.6,2025-03-01 00:00:00,2025-03-31 23:59:00
17492259202,Coupon,B08VWV18N7,19.3,19.53,2025-01-13 00:00:00,2025-02-12 23:59:00
8f39fad6,Best Deal,B06Y3Q6XNX,20.21,0.0,2025-03-25 00:00:00,2025-03-31 23:55:00
17492259202,Coupon,B08JC2YLYL,18.19,18.6,2025-01-13 00:00:00,2025-02-12 23:59:00
17029211802,Sales Discount,B07WH27VXM,18.42,20.47,2024-12-11 00:00:00,2025-01-31 23:59:00
18062815702,Sales Discount,B07R5XPNMP,18.41,18.6,2025-03-01 00:00:00,2025-03-31 23:59:00
17492259202,Coupon,B075T82C1X,18.32,18.6,2025-01-13 00:00:00,2025-02-12 23:59:00
17965660802,Price Discount,B076MKZHV4,15.0,18.2,2025-02-24 00:00:00,2025-02-28 23:59:00
18062815702,Sales Discount,B07ZQHMLQY,17.67,18.6,2025-03-01 00:00:00,2025-03-31 23:59:00
17492259202,Coupon,B0BK8X47M5,15.41,15.79,2025-01-13 00:00:00,2025-02-12 23:59:00
18062815702,Sales Discount,B08XZLYCZ5,20.06,21.12,2025-03-01 00:00:00,2025-03-31 23:59:00
e5936dd2,Best Deal,B0C948KKRG,15.11,0.0,2024-12-26 00:00:00,2025-01-05 23:55:00
25401079802,Sales Discount,B0DHL6WSMT,25.46,26.07,2026-05-23 00:00:00,2026-06-06 23:59:00
19033034602,Sales Discount,B0D63B2G5N,13.37,14.07,2025-05-02 23:00:00,2025-09-30 23:59:00
24409634402,Sales Discount,B08DCY34MX,15.89,16.73,2026-03-17 21:00:00,2026-03-31 23:59:00
17492259202,Coupon,B0DGGVW1NH,16.78,17.66,2025-01-13 00:00:00,2025-02-12 23:59:00
17492259202,Coupon,B00N1QKQ5Y,15.89,16.73,2025-01-13 00:00:00,2025-02-12 23:59:00
17029211802,Sales Discount,B0CMV9BH8K,20.71,21.4,2024-12-11 00:00:00,2025-01-31 23:59:00
18062815702,Sales Discount,B07B9NWQ61,11.99,13.33,2025-03-01 00:00:00,2025-03-31 23:59:00
18062815702,Sales Discount,B06XR9VG7N,18.43,18.6,2025-03-01 00:00:00,2025-03-31 23:59:00
17029211802,Sales Discount,B09TJXLQ4Z,18.42,20.47,2024-12-11 00:00:00,2025-01-31 23:59:00
17492259202,Coupon,B08JC2YLYL,18.13,18.6,2025-01-13 00:00:00,2025-02-12 23:59:00
18062815702,Sales Discount,B08JC2YLYL,17.79,18.6,2025-03-01 00:00:00,2025-03-31 23:59:00
17492259202,Coupon,B087JJ4M8H,25.42,26.07,2025-01-13 00:00:00,2025-02-12 23:59:00
17492259202,Coupon,B0D638MLB2,17.46,17.66,2025-01-13 00:00:00,2025-02-12 23:59:00
17029211802,Sales Discount,B0BX76VGXP,13.22,14.69,2024-12-11 00:00:00,2025-01-31 23:59:00
19033034602,Sales Discount,B08VX84KW4,17.67,18.6,2025-05-02 23:00:00,2025-09-30 23:59:00
17492259202,Coupon,B0C94548F5,18.15,18.6,2025-01-13 00:00:00,2025-02-12 23:59:00
17492259202,Coupon,B07B9NWQ61,15.42,15.79,2025-01-13 00:00:00,2025-02-12 23:59:00
17029211802,Sales Discount,B08JC9NN3X,16.31,16.73,2024-12-11 00:00:00,2025-01-31 23:59:00
17492259202,Coupon,B0D2322MMQ,15.0,15.79,2025-01-13 00:00:00,2025-02-12 23:59:00
18062815702,Sales Discount,B09JCMLXP5,18.43,20.48,2025-03-01 00:00:00,2025-03-31 23:59:00
17492259202,Coupon,B08QVYP7YH,21.81,22.34,2025-01-13 00:00:00,2025-02-12 23:59:00
18062815702,Sales Discount,B091Z4JQBD,13.84,15.38,2025-03-01 00:00:00,2025-03-31 23:59:00
776b9f88,Best Deal,B0BSQVQX75,18.04,16.86,2025-03-25 00:00:00,2025-03-31 23:55:00
18062815702,Sales Discount,B08NPB4GCD,15.9,16.73,2025-03-01 00:00:00,2025-03-31 23:59:00
17492259202,Coupon,B096W54FGM,16.37,16.73,2025-01-13 00:00:00,2025-02-12 23:59:00
18062815702,Sales Discount,B0CHSLDL5K,11.69,12.99,2025-03-01 00:00:00,2025-03-31 23:59:00
18062815702,Sales Discount,B0BD81KP8K,14.93,15.71,2025-03-01 00:00:00,2025-03-31 23:59:00
17492259202,Coupon,B0BD88S1FW,17.47,17.66,2025-01-13 00:00:00,2025-02-12 23:59:00
18062815702,Sales Discount,B0CMV8JRKN,17.67,18.6,2025-03-01 00:00:00,2025-03-31 23:59:00
18062815702,Sales Discount,B087JTHDN1,14.17,14.92,2025-03-01 00:00:00,2025-03-31 23:59:00
17492259202,Coupon,B08DCXNCWS,18.14,18.6,2025-01-13 00:00:00,2025-02-12 23:59:00
17492259202,Coupon,B08JC9XBGM,18.14,18.6,2025-01-13 00:00:00,2025-02-12 23:59:00
17029211802,Sales Discount,B087JTHDN1,15.9,17.66,2024-12-11 00:00:00,2025-01-31 23:59:00
17492259202,Coupon,B096W54FGM,16.34,16.73,2025-01-13 00:00:00,2025-02-12 23:59:00
18062815702,Sales Discount,B0C948KKRG,15.9,16.73,2025-03-01 00:00:00,2025-03-31 23:59:00
17029211802,Sales Discount,B08JCV95Y3,15.9,16.73,2024-12-11 00:00:00,2025-01-31 23:59:00
17492259202,Coupon,B0BK8STFVG,18.13,18.6,2025-01-13 00:00:00,2025-02-12 23:59:00
17492259202,Coupon,B0B6WCHGMK,13.66,13.93,2025-01-13 00:00:00,2025-02-12 23:59:00
18341715402,Coupon,B0DGGVW1NH,17.26,17.66,2025-03-24 00:00:00,2025-04-23 23:59:00
17029211802,Sales Discount,B0DFCR6LPY,14.12,14.86,2024-12-11 00:00:00,2025-01-31 23:59:00
18062815702,Sales Discount,B08DCXNCWS,14.14,15.71,2025-03-01 00:00:00,2025-03-31 23:59:00
18062815702,Sales Discount,B0B6WGC16M,23.11,24.21,2025-03-01 00:00:00,2025-03-31 23:59:00
18062815702,Sales Discount,B096W2GHQV,17.67,18.6,2025-03-01 00:00:00,2025-03-31 23:59:00
18062815702,Sales Discount,B087JJ4M8H,23.46,26.07,2025-03-01 00:00:00,2025-03-31 23:59:00
17492259202,Coupon,B0BK8W6JM3,18.17,18.6,2025-01-13 00:00:00,2025-02-12 23:59:00
17029211802,Sales Discount,B096W2GHQV,13.33,14.81,2024-12-11 00:00:00,2025-01-31 23:59:00
16105181202,Sales Discount,B0BMQXCX1X,18.62,23.27,2024-10-10 00:01:00,2025-03-31 23:59:00
8f39fad6,Best Deal,B01D3FVKBG,21.65,20.23,2025-03-25 00:00:00,2025-03-31 23:55:00
17492259202,Coupon,B075FDQ6KJ,23.81,24.21,2025-01-13 00:00:00,2025-02-12 23:59:00
18062815702,Sales Discount,B09ZDLZXDM,16.74,18.6,2025-03-01 00:00:00,2025-03-31 23:59:00
da7ca825,Best Deal,B0D92MHJL8,12.51,11.69,2025-05-21 00:00:00,2025-05-27 23:55:00
17029211802,Sales Discount,B076MBD6KQ,15.04,15.79,2024-12-11 00:00:00,2025-01-31 23:59:00
17492259202,Coupon,B09NRH4J1C,22.69,23.27,2025-01-13 00:00:00,2025-02-12 23:59:00
18062815702,Sales Discount,B0BK8X47M5,13.36,14.06,2025-03-01 00:00:00,2025-03-31 23:59:00
da7ca825,Best Deal,B0D22XWFBT,15.91,14.87,2025-05-21 00:00:00,2025-05-27 23:55:00
17029211802,Sales Discount,B08VWV18N7,17.58,19.53,2024-12-11 00:00:00,2025-01-31 23:59:00
18062815702,Sales Discount,B01D3FVKBG,19.26,21.4,2025-03-01 00:00:00,2025-03-31 23:59:00
17029211802,Sales Discount,B0D22ZQTSC,18.42,20.47,2024-12-11 00:00:00,2025-01-31 23:59:00
18062815702,Sales Discount,B08XZLYCZ5,20.1,22.34,2025-03-01 00:00:00,2025-03-31 23:59:00
18062815702,Sales Discount,B0DFCR6LPY,14.12,14.86,2025-03-01 00:00:00,2025-03-31 23:59:00
17492259202,Coupon,B0BSQVND4T,21.19,21.4,2025-01-13 00:00:00,2025-02-12 23:59:00
18062815702,Sales Discount,B081TJ62WV,14.21,15.79,2025-03-01 00:00:00,2025-03-31 23:59:00
17492259202,Coupon,B0C947V4GH,18.18,18.6,2025-01-13 00:00:00,2025-02-12 23:59:00
17492259202,Coupon,B08QVWRHP2,21.84,22.34,2025-01-13 00:00:00,2025-02-12 23:59:00
da7ca825,Best Deal,B0BD85KJQV,20.16,18.84,2025-05-21 00:00:00,2025-05-27 23:55:00
18465947002,Price Discount,B0CS6HDRFW,16.0,0.0,2025-03-25 16:31:00,2025-03-31 23:59:00
17492259202,Coupon,B0C946Q235,20.33,21.4,2025-01-13 00:00:00,2025-02-12 23:59:00
17029211802,Sales Discount,B07C5Q7T4D,13.95,14.68,2024-12-11 00:00:00,2025-01-31 23:59:00
18062815702,Sales Discount,B07WH27VXM,18.42,20.47,2025-03-01 00:00:00,2025-03-31 23:59:00
17492259202,Coupon,B06Y3Q6XNX,21.23,22.34,2025-01-13 00:00:00,2025-02-12 23:59:00
17029211802,Sales Discount,B0BK8X47M5,12.73,14.15,2024-12-11 00:00:00,2025-01-31 23:59:00
16105181202,Sales Discount,B08GCFFDMH,14.88,18.6,2024-10-10 00:01:00,2025-03-31 23:59:00
18062815702,Sales Discount,B0BSQVND4T,19.26,21.4,2025-03-01 00:00:00,2025-03-31 23:59:00
da7ca825,Best Deal,B0D92MFDPB,16.76,15.66,2025-05-21 00:00:00,2025-05-27 23:55:00
17492259202,Coupon,B0C94719Z8,18.33,18.6,2025-01-13 00:00:00,2025-02-12 23:59:00
16105181202,Sales Discount,B0CCJWSS2P,11.14,13.93,2024-10-10 00:01:00,2025-03-31 23:59:00
17492259202,Coupon,B096W2GHQV,18.29,18.6,2025-01-13 00:00:00,2025-02-12 23:59:00
17492259202,Coupon,B076MBD6KQ,15.4,15.79,2025-01-13 00:00:00,2025-02-12 23:59:00
17492259202,Coupon,B096W54FGM,15.89,16.73,2025-01-13 00:00:00,2025-02-12 23:59:00
776b9f88,Best Deal,B07DGGD49G,19.36,18.09,2025-03-25 00:00:00,2025-03-31 23:55:00
17492259202,Coupon,B01FFWYJV8,-0.93,0.0,2025-01-13 00:00:00,2025-02-12 23:59:00
da7ca825,Best Deal,B0CMV8JRKN,16.76,15.66,2025-05-21 00:00:00,2025-05-27 23:55:00
17492259202,Coupon,B096W54FGM,16.52,16.73,2025-01-13 00:00:00,2025-02-12 23:59:00
18062815702,Sales Discount,B09NRH4J1C,17.71,19.68,2025-03-01 00:00:00,2025-03-31 23:59:00
25402148802,Sales Discount,B0C93RMXRR,27.67,30.75,2026-05-23 00:00:00,2026-06-06 23:59:00
18062815702,Sales Discount,B08JC9XBGM,17.75,18.6,2025-03-01 00:00:00,2025-03-31 23:59:00
17029211802,Sales Discount,B08DCY34MX,15.06,16.73,2024-12-11 00:00:00,2025-01-31 23:59:00
17029211802,Sales Discount,B01FFWYJV8,17.77,18.6,2024-12-11 00:00:00,2025-01-31 23:59:00
776b9f88,Best Deal,B089FZBMW9,21.91,20.48,2025-03-25 00:00:00,2025-03-31 23:55:00
17492259202,Coupon,B07DGFDLKP,20.25,20.47,2025-01-13 00:00:00,2025-02-12 23:59:00
18062815702,Sales Discount,B0CWPJTWXQ,16.88,17.66,2025-03-01 00:00:00,2025-03-31 23:59:00
17492259202,Coupon,B09TJXDWKF,22.09,22.34,2025-01-13 00:00:00,2025-02-12 23:59:00
18062815702,Sales Discount,B07B9FTCXV,18.43,20.48,2025-03-01 00:00:00,2025-03-31 23:59:00
18062815702,Sales Discount,B0DFCQLLSY,12.35,12.99,2025-03-01 00:00:00,2025-03-31 23:59:00
17492259202,Coupon,B0BSQVND4T,20.87,21.4,2025-01-13 00:00:00,2025-02-12 23:59:00
776b9f88,Best Deal,B07F1FKM3M,19.26,18.0,2025-03-25 00:00:00,2025-03-31 23:55:00
18062815702,Sales Discount,B08NPB4GCD,12.71,14.12,2025-03-01 00:00:00,2025-03-31 23:59:00
17029211802,Sales Discount,B0CHSKHD1Z,19.26,21.4,2024-12-11 00:00:00,2025-01-31 23:59:00
17492259202,Coupon,B06Y3Q6XNX,21.99,22.34,2025-01-13 00:00:00,2025-02-12 23:59:00
18062815702,Sales Discount,B00XU8AUC2,16.74,18.6,2025-03-01 00:00:00,2025-03-31 23:59:00
da7ca825,Best Deal,B0D47FKGDD,11.67,10.91,2025-05-21 00:00:00,2025-05-27 23:55:00
17492259202,Coupon,B0BX76VGXP,18.43,18.6,2025-01-13 00:00:00,2025-02-12 23:59:00
18062815702,Sales Discount,B094R1JQ6K,16.74,18.6,2025-03-01 00:00:00,2025-03-31 23:59:00
18341715402,Coupon,B0DQDRRFPF,10.86,11.12,2025-03-24 00:00:00,2025-04-23 23:59:00
18062815702,Sales Discount,B076MKZHV4,17.26,18.17,2025-03-01 00:00:00,2025-03-31 23:59:00
18062815702,Sales Discount,B077QQ2XV8,14.25,14.92,2025-03-01 00:00:00,2025-03-31 23:59:00
18062815702,Sales Discount,B089FZBMW9,21.79,24.21,2025-03-01 00:00:00,2025-03-31 23:59:00
17492259202,Coupon,B01BNV0IUQ,17.67,18.6,2025-01-13 00:00:00,2025-02-12 23:59:00
17492259202,Coupon,B08VWV18N7,19.04,19.53,2025-01-13 00:00:00,2025-02-12 23:59:00
17492259202,Coupon,B0CWPJTWXQ,16.77,17.66,2025-01-13 00:00:00,2025-02-12 23:59:00
17492259202,Coupon,B0CCJVV9GF,17.67,18.6,2025-01-13 00:00:00,2025-02-12 23:59:00
18062815702,Sales Discount,B0BK8X47M5,13.59,14.06,2025-03-01 00:00:00,2025-03-31 23:59:00
17492259202,Coupon,B0C2QPSPS6,18.13,18.6,2025-01-13 00:00:00,2025-02-12 23:59:00
17492259202,Coupon,B08JC9XBGM,18.38,18.6,2025-01-13 00:00:00,2025-02-12 23:59:00
18062815702,Sales Discount,B07F1FKM3M,20.38,21.4,2025-03-01 00:00:00,2025-03-31 23:59:00
17492259202,Coupon,B09TJTTP84,-0.93,0.0,2025-01-13 00:00:00,2025-02-12 23:59:00
776b9f88,Best Deal,B096W3WGCN,16.81,0.0,2025-03-25 00:00:00,2025-03-31 23:55:00
25402148802,Sales Discount,B0CB8ZB9KT,16.31,16.73,2026-05-23 00:00:00,2026-06-06 23:59:00
18341715402,Coupon,B0DGGWX7WN,11.76,12.06,2025-03-24 00:00:00,2025-04-23 23:59:00
18062815702,Sales Discount,B00XU8AUC2,17.73,18.6,2025-03-01 00:00:00,2025-03-31 23:59:00
8f39fad6,Best Deal,B0D2322MMQ,14.15,13.22,2025-03-25 00:00:00,2025-03-31 23:55:00
18062815702,Sales Discount,B09JCMLXP5,23.0,24.21,2025-03-01 00:00:00,2025-03-31 23:59:00
18062815702,Sales Discount,B0D638MLB2,13.42,14.92,2025-03-01 00:00:00,2025-03-31 23:59:00
e5936dd2,Best Deal,B091Z4JQBD,16.56,0.0,2024-12-26 00:00:00,2025-01-05 23:55:00
25402148802,Sales Discount,B0DR9CLXV5,13.55,13.93,2026-05-23 00:00:00,2026-06-06 23:59:00
18062815702,Sales Discount,B08JC9XBGM,18.02,18.6,2025-03-01 00:00:00,2025-03-31 23:59:00
da7ca825,Best Deal,B0D2322MMQ,14.1,0.0,2025-05-21 00:00:00,2025-05-27 23:55:00
776b9f88,Best Deal,B0CCJ8R191,17.85,0.0,2025-03-25 00:00:00,2025-03-31 23:55:00
18062815702,Sales Discount,B07B9NWQ61,12.96,13.33,2025-03-01 00:00:00,2025-03-31 23:59:00
25401079802,Sales Discount,B0DR9CLXV5,13.62,13.92,2026-05-23 00:00:00,2026-06-06 23:59:00
17492259202,Coupon,B08DCZD13T,17.67,18.6,2025-01-13 00:00:00,2025-02-12 23:59:00
17492259202,Coupon,B0BD85KJQV,21.86,22.34,2025-01-13 00:00:00,2025-02-12 23:59:00
18062815702,Sales Discount,B08DCY34MX,15.9,16.73,2025-03-01 00:00:00,2025-03-31 23:59:00
17492259202,Coupon,B0D47DZG2Q,13.23,13.93,2025-01-13 00:00:00,2025-02-12 23:59:00
17029211802,Sales Discount,B01FFWYJV8,-1.86,0.0,2024-12-11 00:00:00,2025-01-31 23:59:00
18062815702,Sales Discount,B0B6WCHGMK,13.24,13.93,2025-03-01 00:00:00,2025-03-31 23:59:00
18062815702,Sales Discount,B08QVYP7YH,-1.86,0.0,2025-03-01 00:00:00,2025-03-31 23:59:00
da7ca825,Best Deal,B0C6FJQ7S5,15.81,14.78,2025-05-21 00:00:00,2025-05-27 23:55:00
17029211802,Sales Discount,B0C94548F5,18.32,18.6,2024-12-11 00:00:00,2025-01-31 23:59:00
18062815702,Sales Discount,B07C5Q7T4D,16.78,17.66,2025-03-01 00:00:00,2025-03-31 23:59:00
17029211802,Sales Discount,B08JC9XBGM,17.7,18.6,2024-12-11 00:00:00,2025-01-31 23:59:00
18062815702,Sales Discount,B0BMQXCX1X,20.94,23.27,2025-03-01 00:00:00,2025-03-31 23:59:00
17492259202,Coupon,B08NPB4GCD,16.32,16.73,2025-01-13 00:00:00,2025-02-12 23:59:00
17029211802,Sales Discount,B096W2GHQV,17.67,18.6,2024-12-11 00:00:00,2025-01-31 23:59:00
17492259202,Coupon,B0C6FJQ7S5,18.44,18.6,2025-01-13 00:00:00,2025-02-12 23:59:00
17492259202,Coupon,B06Y3Q6XNX,21.81,22.34,2025-01-13 00:00:00,2025-02-12 23:59:00
24409622502,Sales Discount,B0C2QPSPS6,17.67,18.6,2026-03-17 21:00:00,2026-03-31 23:59:00
17492259202,Coupon,B0BD81KP8K,-0.93,0.0,2025-01-13 00:00:00,2025-02-12 23:59:00
17492259202,Coupon,B096W2GHQV,18.14,18.6,2025-01-13 00:00:00,2025-02-12 23:59:00
18062815702,Sales Discount,B094R1JQ6K,17.98,18.6,2025-03-01 00:00:00,2025-03-31 23:59:00
17492259202,Coupon,B0D22ZQTSC,19.45,20.47,2025-01-13 00:00:00,2025-02-12 23:59:00
17029211802,Sales Discount,B01FFWYJV8,18.27,18.6,2024-12-11 00:00:00,2025-01-31 23:59:00
776b9f88,Best Deal,B08XZMCR17,21.91,20.48,2025-03-25 00:00:00,2025-03-31 23:55:00
17492259202,Coupon,B0BK8WLZT5,16.77,17.66,2025-01-13 00:00:00,2025-02-12 23:59:00
17492259202,Coupon,B0BK8X47M5,15.55,15.79,2025-01-13 00:00:00,2025-02-12 23:59:00
17492259202,Coupon,B0D638MLB2,17.56,17.66,2025-01-13 00:00:00,2025-02-12 23:59:00
17029211802,Sales Discount,B08VWV18N7,18.74,19.53,2024-12-11 00:00:00,2025-01-31 23:59:00
17029211802,Sales Discount,B087JHVV7T,18.04,18.6,2024-12-11 00:00:00,2025-01-31 23:59:00
17492259202,Coupon,B01BNV0IUQ,18.29,18.6,2025-01-13 00:00:00,2025-02-12 23:59:00
da7ca825,Best Deal,B07C5Q7T4D,15.56,0.0,2025-05-21 00:00:00,2025-05-27 23:55:00
25402148802,Sales Discount,B0CB87LMH1,33.56,37.29,2026-05-23 00:00:00,2026-06-06 23:59:00
776b9f88,Best Deal,B0B6WGC16M,21.91,20.48,2025-03-25 00:00:00,2025-03-31 23:55:00
17029211802,Sales Discount,B07C5Q7T4D,17.49,17.66,2024-12-11 00:00:00,2025-01-31 23:59:00
18062815702,Sales Discount,B0C947B32V,14.68,14.81,2025-03-01 00:00:00,2025-03-31 23:59:00
17492259202,Coupon,B09TJXLQ4Z,20.18,20.47,2025-01-13 00:00:00,2025-02-12 23:59:00
17492259202,Coupon,B08JCV95Y3,16.47,16.73,2025-01-13 00:00:00,2025-02-12 23:59:00
741558242,Sales Discount,B0BK8X47M5,13.42,15.79,2019-10-15 13:00:00,2025-10-30 10:28:00
18062815702,Sales Discount,B0D638JD41,12.71,14.12,2025-03-01 00:00:00,2025-03-31 23:59:00
e5936dd2,Best Deal,B0BD8573DS,15.82,0.0,2024-12-26 00:00:00,2025-01-05 23:55:00
17492259202,Coupon,B01CYDY6TQ,18.15,18.6,2025-01-13 00:00:00,2025-02-12 23:59:00
17492259202,Coupon,B08JCSQGVK,13.64,13.93,2025-01-13 00:00:00,2025-02-12 23:59:00
17029211802,Sales Discount,B0BD85KJQV,20.11,22.34,2024-12-11 00:00:00,2025-01-31 23:59:00
18062815702,Sales Discount,B096W54FGM,16.21,16.73,2025-03-01 00:00:00,2025-03-31 23:59:00
17492259202,Coupon,B091Z4JQBD,18.29,18.6,2025-01-13 00:00:00,2025-02-12 23:59:00
18062815702,Sales Discount,B091Z4JQBD,17.98,18.6,2025-03-01 00:00:00,2025-03-31 23:59:00
17492259202,Coupon,B07KJMHWGW,18.13,18.6,2025-01-13 00:00:00,2025-02-12 23:59:00
17029211802,Sales Discount,B0BSQVND4T,20.33,21.4,2024-12-11 00:00:00,2025-01-31 23:59:00
17029211802,Sales Discount,B0D2322MMQ,12.96,13.32,2024-12-11 00:00:00,2025-01-31 23:59:00
18062815702,Sales Discount,B09NRH4J1C,22.12,23.27,2025-03-01 00:00:00,2025-03-31 23:59:00
17492259202,Coupon,B0BMQXCX1X,23.16,23.27,2025-01-13 00:00:00,2025-02-12 23:59:00
8f39fad6,Best Deal,B0D638MLB2,15.96,14.92,2025-03-25 00:00:00,2025-03-31 23:55:00
18062815702,Sales Discount,B08DCZD13T,16.74,18.6,2025-03-01 00:00:00,2025-03-31 23:59:00
18465947002,Price Discount,B0CS6HDRFW,16.0,13.27,2025-03-25 16:31:00,2025-03-31 23:59:00
17492259202,Coupon,B0CHSLDL5K,12.34,12.99,2025-01-13 00:00:00,2025-02-12 23:59:00
18062815702,Sales Discount,B09C6FWGJR,23.16,24.21,2025-03-01 00:00:00,2025-03-31 23:59:00
776b9f88,Best Deal,B0CMV9BH8K,19.36,18.09,2025-03-25 00:00:00,2025-03-31 23:55:00
18062815702,Sales Discount,B0DFCR6LPY,13.37,14.86,2025-03-01 00:00:00,2025-03-31 23:59:00
17492259202,Coupon,B08JC9NN3X,16.65,16.73,2025-01-13 00:00:00,2025-02-12 23:59:00
17029211802,Sales Discount,B087JK7673,17.73,18.6,2024-12-11 00:00:00,2025-01-31 23:59:00
18062815702,Sales Discount,B087JTHDN1,15.89,17.66,2025-03-01 00:00:00,2025-03-31 23:59:00
17492259202,Coupon,B0D22ZQTSC,19.44,20.47,2025-01-13 00:00:00,2025-02-12 23:59:00
17492259202,Coupon,B0D47FKGDD,13.58,13.93,2025-01-13 00:00:00,2025-02-12 23:59:00
18062815702,Sales Discount,B077QQ2XV8,17.07,17.66,2025-03-01 00:00:00,2025-03-31 23:59:00
776b9f88,Best Deal,B09JCNKXV5,14.35,13.41,2025-03-25 00:00:00,2025-03-31 23:55:00
17492259202,Coupon,B07WH27VXM,20.16,20.47,2025-01-13 00:00:00,2025-02-12 23:59:00
17492259202,Coupon,B07F1FKM3M,20.87,21.4,2025-01-13 00:00:00,2025-02-12 23:59:00
18062815702,Sales Discount,B09NRH4J1C,18.7,19.68,2025-03-01 00:00:00,2025-03-31 23:59:00
24409622502,Sales Discount,B082XFTS6H,22.99,24.21,2026-03-17 21:00:00,2026-03-31 23:59:00
24409660702,Sales Discount,B0DQDTVZNW,19.44,20.47,2026-03-17 21:00:00,2026-03-31 23:59:00
776b9f88,Best Deal,B08JCV95Y3,15.11,14.12,2025-03-25 00:00:00,2025-03-31 23:55:00
17492259202,Coupon,B00XU8AUC2,17.67,18.6,2025-01-13 00:00:00,2025-02-12 23:59:00
18062815702,Sales Discount,B08QVYP7YH,17.66,18.61,2025-03-01 00:00:00,2025-03-31 23:59:00
17492259202,Coupon,B082XFTS6H,21.84,22.34,2025-01-13 00:00:00,2025-02-12 23:59:00
18062815702,Sales Discount,B082XFTS6H,17.94,18.89,2025-03-01 00:00:00,2025-03-31 23:59:00
e5936dd2,Best Deal,B0CHSK39WM,13.39,12.51,2024-12-26 00:00:00,2025-01-05 23:55:00
17792199702,Coupon,B0D638JD41,14.22,16.73,2025-02-17 00:00:00,2025-02-23 23:59:00
17492259202,Coupon,B0D63B2G5N,16.54,16.73,2025-01-13 00:00:00,2025-02-12 23:59:00
17492259202,Coupon,B06Y3Q6XNX,21.78,22.34,2025-01-13 00:00:00,2025-02-12 23:59:00
17492259202,Coupon,B0BD85KJQV,21.79,22.34,2025-01-13 00:00:00,2025-02-12 23:59:00
17492259202,Coupon,B0D63B5WBM,14.56,14.86,2025-01-13 00:00:00,2025-02-12 23:59:00
18062815702,Sales Discount,B086XBB126,15.08,15.79,2025-03-01 00:00:00,2025-03-31 23:59:00
17492259202,Coupon,B01BNV0IUQ,18.37,18.6,2025-01-13 00:00:00,2025-02-12 23:59:00
17492259202,Coupon,B08DCXNCWS,18.21,18.6,2025-01-13 00:00:00,2025-02-12 23:59:00
17492259202,Coupon,B0BMQXCX1X,23.06,23.27,2025-01-13 00:00:00,2025-02-12 23:59:00
17492259202,Coupon,B0BSQX5P4L,16.78,17.66,2025-01-13 00:00:00,2025-02-12 23:59:00
18341715402,Coupon,B0DGGVW1NH,14.25,15.0,2025-03-24 00:00:00,2025-04-23 23:59:00
18062815702,Sales Discount,B0DGGWX7WN,10.85,12.06,2025-03-01 00:00:00,2025-03-31 23:59:00
18062815702,Sales Discount,B0BD85KJQV,21.23,22.34,2025-03-01 00:00:00,2025-03-31 23:59:00
17029211802,Sales Discount,B086XBB126,15.01,15.79,2024-12-11 00:00:00,2025-01-31 23:59:00
e5936dd2,Best Deal,B096W2GHQV,15.85,0.0,2024-12-26 00:00:00,2025-01-05 23:55:00
17492259202,Coupon,B08JCRVJX7,16.31,16.73,2025-01-13 00:00:00,2025-02-12 23:59:00
18062815702,Sales Discount,B0C2QM9WK6,16.74,18.6,2025-03-01 00:00:00,2025-03-31 23:59:00
17029211802,Sales Discount,B0CPJG6XL8,20.49,21.4,2024-12-11 00:00:00,2025-01-31 23:59:00
e5936dd2,Best Deal,B09TJTTP84,15.72,14.69,2024-12-26 00:00:00,2025-01-05 23:55:00
17492259202,Coupon,B075FDD21R,15.4,15.79,2025-01-13 00:00:00,2025-02-12 23:59:00
24409622502,Sales Discount,B0CS6HDRFW,15.89,16.73,2026-03-17 21:00:00,2026-03-31 23:59:00
18062815702,Sales Discount,B0D63B5WBM,10.56,11.74,2025-03-01 00:00:00,2025-03-31 23:59:00
17492259202,Coupon,B0C6FJQ7S5,18.48,18.6,2025-01-13 00:00:00,2025-02-12 23:59:00
18062815702,Sales Discount,B0BMQXCX1X,22.11,23.27,2025-03-01 00:00:00,2025-03-31 23:59:00
17492259202,Coupon,B0BD88S1FW,16.77,17.66,2025-01-13 00:00:00,2025-02-12 23:59:00
17029211802,Sales Discount,B0CMV8JRKN,16.74,18.6,2024-12-11 00:00:00,2025-01-31 23:59:00
e5936dd2,Best Deal,B0BX76VGXP,15.72,14.69,2024-12-26 00:00:00,2025-01-05 23:55:00
17492259202,Coupon,B08QVYP7YH,22.22,22.34,2025-01-13 00:00:00,2025-02-12 23:59:00
17029211802,Sales Discount,B076MBD6KQ,11.26,12.51,2024-12-11 00:00:00,2025-01-31 23:59:00
17029211802,Sales Discount,B08VWV18N7,18.56,19.53,2024-12-11 00:00:00,2025-01-31 23:59:00
17492259202,Coupon,B09C6HJ2CC,16.77,17.66,2025-01-13 00:00:00,2025-02-12 23:59:00
17029211802,Sales Discount,B072VJ9FFZ,15.89,17.66,2024-12-11 00:00:00,2025-01-31 23:59:00
18062815702,Sales Discount,B0BX76VGXP,17.67,18.6,2025-03-01 00:00:00,2025-03-31 23:59:00
17492259202,Coupon,B087JJ4M8H,25.49,26.07,2025-01-13 00:00:00,2025-02-12 23:59:00
da7ca825,Best Deal,B01G7428BG,19.41,0.0,2025-05-21 00:00:00,2025-05-27 23:55:00
17029211802,Sales Discount,B0BMQXCX1X,18.04,18.47,2024-12-11 00:00:00,2025-01-31 23:59:00
776b9f88,Best Deal,B08QVYP7YH,19.91,0.0,2025-03-25 00:00:00,2025-03-31 23:55:00
776b9f88,Best Deal,B07NNVS8M4,21.91,20.48,2025-03-25 00:00:00,2025-03-31 23:55:00
18062815702,Sales Discount,B096W2GHQV,17.71,18.6,2025-03-01 00:00:00,2025-03-31 23:59:00
18062815702,Sales Discount,B08XZLYCZ5,21.23,22.34,2025-03-01 00:00:00,2025-03-31 23:59:00
18062815702,Sales Discount,B09C6FG128,15.68,16.5,2025-03-01 00:00:00,2025-03-31 23:59:00
18062815702,Sales Discount,B07PM7B4NK,32.72,36.36,2025-03-01 00:00:00,2025-03-31 23:59:00
17492259202,Coupon,B0D63B1QGN,15.89,16.73,2025-01-13 00:00:00,2025-02-12 23:59:00
da7ca825,Best Deal,B01G7428BG,19.41,18.14,2025-05-21 00:00:00,2025-05-27 23:55:00
17492259202,Coupon,B08QVYP7YH,-1.12,0.0,2025-01-13 00:00:00,2025-02-12 23:59:00
25401079802,Sales Discount,B0C93RMXRR,29.21,30.75,2026-05-23 00:00:00,2026-06-06 23:59:00
18062815702,Sales Discount,B094R1JQ6K,14.14,15.71,2025-03-01 00:00:00,2025-03-31 23:59:00
17492259202,Coupon,B08JC9XBGM,18.44,18.6,2025-01-13 00:00:00,2025-02-12 23:59:00
18062815702,Sales Discount,B0B2PSK2MC,19.26,21.4,2025-03-01 00:00:00,2025-03-31 23:59:00
18062815702,Sales Discount,B01BNV0IUQ,17.68,18.6,2025-03-01 00:00:00,2025-03-31 23:59:00
18062815702,Sales Discount,B07C5Q7T4D,17.07,17.66,2025-03-01 00:00:00,2025-03-31 23:59:00
776b9f88,Best Deal,B08DCY34MX,15.11,14.12,2025-03-25 00:00:00,2025-03-31 23:55:00
17029211802,Sales Discount,B07WH27VXM,19.53,20.47,2024-12-11 00:00:00,2025-01-31 23:59:00
18341715402,Coupon,B0D638JD41,16.31,16.73,2025-03-24 00:00:00,2025-04-23 23:59:00
18341715402,Coupon,B0DFCR6LPY,12.32,12.53,2025-03-24 00:00:00,2025-04-23 23:59:00
17029211802,Sales Discount,B08QVWRHP2,22.0,22.34,2024-12-11 00:00:00,2025-01-31 23:59:00
18341715402,Coupon,B0DFCR6LPY,-0.63,0.0,2025-03-24 00:00:00,2025-04-23 23:59:00
17492259202,Coupon,B0C6FHKNM7,22.11,23.27,2025-01-13 00:00:00,2025-02-12 23:59:00
25402148802,Sales Discount,B0DR9CLXV5,13.4,13.93,2026-05-23 00:00:00,2026-06-06 23:59:00
17029211802,Sales Discount,B075FDQ6KJ,21.79,24.21,2024-12-11 00:00:00,2025-01-31 23:59:00
18062815702,Sales Discount,B0D2322MMQ,14.21,15.79,2025-03-01 00:00:00,2025-03-31 23:59:00
17492259202,Coupon,B094R1JQ6K,-0.94,0.0,2025-01-13 00:00:00,2025-02-12 23:59:00
18341715402,Coupon,B0DFCRTV9C,10.38,10.92,2025-03-24 00:00:00,2025-04-23 23:59:00
8f39fad6,Best Deal,B072VJ9FFZ,17.85,16.68,2025-03-25 00:00:00,2025-03-31 23:55:00
17492259202,Coupon,B08GCTM58N,18.49,18.6,2025-01-13 00:00:00,2025-02-12 23:59:00
17492259202,Coupon,B096W54FGM,16.56,16.73,2025-01-13 00:00:00,2025-02-12 23:59:00
18062815702,Sales Discount,B0B6WGC16M,21.79,24.21,2025-03-01 00:00:00,2025-03-31 23:59:00
18062815702,Sales Discount,B081TJ62WV,17.67,18.6,2025-03-01 00:00:00,2025-03-31 23:59:00
17492259202,Coupon,B08QVYP7YH,21.88,22.34,2025-01-13 00:00:00,2025-02-12 23:59:00
776b9f88,Best Deal,B075T9G9YS,21.91,20.48,2025-03-25 00:00:00,2025-03-31 23:55:00
17492259202,Coupon,B0BSQVND4T,21.14,21.4,2025-01-13 00:00:00,2025-02-12 23:59:00
17029211802,Sales Discount,B08JC2YLYL,13.95,14.69,2024-12-11 00:00:00,2025-01-31 23:59:00
da7ca825,Best Deal,B0D26DXLP4,20.16,18.84,2025-05-21 00:00:00,2025-05-27 23:55:00
18062815702,Sales Discount,B07DGGD49G,19.26,21.4,2025-03-01 00:00:00,2025-03-31 23:59:00
da7ca825,Best Deal,B0B6WGC16M,21.86,20.43,2025-05-21 00:00:00,2025-05-27 23:55:00
17492259202,Coupon,B08QVWRHP2,22.06,22.34,2025-01-13 00:00:00,2025-02-12 23:59:00
18062815702,Sales Discount,B0DFCRNY8W,15.89,16.73,2025-03-01 00:00:00,2025-03-31 23:59:00
17029211802,Sales Discount,B09TJTTP84,16.74,18.6,2024-12-11 00:00:00,2025-01-31 23:59:00
17492259202,Coupon,B082XFTS6H,21.78,22.34,2025-01-13 00:00:00,2025-02-12 23:59:00
18062815702,Sales Discount,B0DFCR6LPY,-1.49,0.0,2025-03-01 00:00:00,2025-03-31 23:59:00
17029211802,Sales Discount,B07F1FKM3M,17.25,18.09,2024-12-11 00:00:00,2025-01-31 23:59:00
17492259202,Coupon,B01BNV0IUQ,18.15,18.6,2025-01-13 00:00:00,2025-02-12 23:59:00
da7ca825,Best Deal,B08XZMCR17,21.86,20.43,2025-05-21 00:00:00,2025-05-27 23:55:00
8f39fad6,Best Deal,B01FFWYJV8,16.9,15.79,2025-03-25 00:00:00,2025-03-31 23:55:00
da7ca825,Best Deal,B0D637HBP1,15.06,0.0,2025-05-21 00:00:00,2025-05-27 23:55:00
18062815702,Sales Discount,B0BD81KP8K,16.74,18.6,2025-03-01 00:00:00,2025-03-31 23:59:00
17492259202,Coupon,B0D638MLB2,17.45,17.66,2025-01-13 00:00:00,2025-02-12 23:59:00
17029211802,Sales Discount,B08VWF8Y96,17.98,18.6,2024-12-11 00:00:00,2025-01-31 23:59:00
17492259202,Coupon,B07F1FKM3M,20.33,21.4,2025-01-13 00:00:00,2025-02-12 23:59:00
18062815702,Sales Discount,B0BK8WLZT5,15.89,17.66,2025-03-01 00:00:00,2025-03-31 23:59:00
17029211802,Sales Discount,B0D22ZQTSC,19.45,20.47,2024-12-11 00:00:00,2025-01-31 23:59:00
da7ca825,Best Deal,B07KJMHWGW,16.76,0.0,2025-05-21 00:00:00,2025-05-27 23:55:00
776b9f88,Best Deal,B082XFTS6H,20.21,18.89,2025-03-25 00:00:00,2025-03-31 23:55:00
18062815702,Sales Discount,B0B6WGC16M,23.17,24.21,2025-03-01 00:00:00,2025-03-31 23:59:00
17492259202,Coupon,B087JHVV7T,18.16,18.6,2025-01-13 00:00:00,2025-02-12 23:59:00
17492259202,Coupon,B07F1FKM3M,21.13,21.4,2025-01-13 00:00:00,2025-02-12 23:59:00
17029211802,Sales Discount,B01D3FVKWA,17.3,17.66,2024-12-11 00:00:00,2025-01-31 23:59:00
17029211802,Sales Discount,B082XFTS6H,20.1,22.34,2024-12-11 00:00:00,2025-01-31 23:59:00
17492259202,Coupon,B0CCJ8R191,17.29,17.66,2025-01-13 00:00:00,2025-02-12 23:59:00
17492259202,Coupon,B0D22ZQTSC,20.3,20.47,2025-01-13 00:00:00,2025-02-12 23:59:00
18062815702,Sales Discount,B096W5QCHX,16.28,18.09,2025-03-01 00:00:00,2025-03-31 23:59:00
18062815702,Sales Discount,B0BX76VGXP,16.74,18.6,2025-03-01 00:00:00,2025-03-31 23:59:00
18062815702,Sales Discount,B00XU8AUC2,14.14,15.71,2025-03-01 00:00:00,2025-03-31 23:59:00
17029211802,Sales Discount,B08NPJFCNR,18.21,19.16,2024-12-11 00:00:00,2025-01-31 23:59:00
17492259202,Coupon,B01D3FVKWA,16.77,17.66,2025-01-13 00:00:00,2025-02-12 23:59:00
25402148802,Sales Discount,B0C8Z557HT,30.25,30.75,2026-05-23 00:00:00,2026-06-06 23:59:00
17492259202,Coupon,B09NRH4J1C,22.76,23.27,2025-01-13 00:00:00,2025-02-12 23:59:00
17492259202,Coupon,B0C947B32V,18.14,18.6,2025-01-13 00:00:00,2025-02-12 23:59:00
17492259202,Coupon,B0C2QM9WK6,18.16,18.6,2025-01-13 00:00:00,2025-02-12 23:59:00
18062815702,Sales Discount,B0CPJG6XL8,17.22,18.09,2025-03-01 00:00:00,2025-03-31 23:59:00
17492259202,Coupon,B072VJ9FFZ,16.78,17.66,2025-01-13 00:00:00,2025-02-12 23:59:00
8f39fad6,Best Deal,B0DFCR6LPY,13.41,0.0,2025-03-25 00:00:00,2025-03-31 23:55:00
18062815702,Sales Discount,B087JTHDN1,13.42,14.92,2025-03-01 00:00:00,2025-03-31 23:59:00
18062815702,Sales Discount,B0C94548F5,14.14,15.71,2025-03-01 00:00:00,2025-03-31 23:59:00
18062815702,Sales Discount,B094R1JQ6K,15.22,15.71,2025-03-01 00:00:00,2025-03-31 23:59:00
16105181202,Sales Discount,B08VX84KW4,12.56,15.71,2024-10-10 00:01:00,2025-03-31 23:59:00
17492259202,Coupon,B07J5M5PZW,16.78,17.66,2025-01-13 00:00:00,2025-02-12 23:59:00
17492259202,Coupon,B0C947V4GH,18.16,18.6,2025-01-13 00:00:00,2025-02-12 23:59:00
776b9f88,Best Deal,B091Z4JQBD,16.46,0.0,2025-03-25 00:00:00,2025-03-31 23:55:00
16105181202,Sales Discount,B0BK8X47M5,12.63,15.79,2024-10-10 00:01:00,2025-03-31 23:59:00
17029211802,Sales Discount,B09TJXDWKF,21.68,22.34,2024-12-11 00:00:00,2025-01-31 23:59:00
17029211802,Sales Discount,B0BK8X47M5,15.01,15.79,2024-12-11 00:00:00,2025-01-31 23:59:00
776b9f88,Best Deal,B087JTHDN1,15.96,14.92,2025-03-25 00:00:00,2025-03-31 23:55:00
17492259202,Coupon,B08DCZD13T,18.14,18.6,2025-01-13 00:00:00,2025-02-12 23:59:00
17492259202,Coupon,B08NPB4GCD,15.89,16.73,2025-01-13 00:00:00,2025-02-12 23:59:00
17492259202,Coupon,B075T7D86D,18.14,18.6,2025-01-13 00:00:00,2025-02-12 23:59:00
18062815702,Sales Discount,B08JC9XBGM,15.81,17.57,2025-03-01 00:00:00,2025-03-31 23:59:00
18062815702,Sales Discount,B08XZLYCZ5,19.0,21.12,2025-03-01 00:00:00,2025-03-31 23:59:00
16105181202,Sales Discount,B09NRH4J1C,15.74,19.68,2024-10-10 00:01:00,2025-03-31 23:59:00
18062815702,Sales Discount,B0DGGVW1NH,14.3,15.0,2025-03-01 00:00:00,2025-03-31 23:59:00
18062815702,Sales Discount,B00XU8AUC2,18.05,18.6,2025-03-01 00:00:00,2025-03-31 23:59:00
17492259202,Coupon,B0B2WSTP9W,17.67,18.6,2025-01-13 00:00:00,2025-02-12 23:59:00
18062815702,Sales Discount,B0C94719Z8,18.21,18.6,2025-03-01 00:00:00,2025-03-31 23:59:00
17492259202,Coupon,B08VX84KW4,18.34,18.6,2025-01-13 00:00:00,2025-02-12 23:59:00
8f39fad6,Best Deal,B0D63B5WBM,12.56,11.74,2025-03-25 00:00:00,2025-03-31 23:55:00
17492259202,Coupon,B08JCSQGVK,13.67,13.93,2025-01-13 00:00:00,2025-02-12 23:59:00
17492259202,Coupon,B0DFCQLLSY,12.72,12.99,2025-01-13 00:00:00,2025-02-12 23:59:00
18341715402,Coupon,B0DGGVW1NH,16.78,17.66,2025-03-24 00:00:00,2025-04-23 23:59:00
da7ca825,Best Deal,B0DFCR6LPY,13.36,0.0,2025-05-21 00:00:00,2025-05-27 23:55:00
17029211802,Sales Discount,B08QVYP7YH,18.32,18.7,2024-12-11 00:00:00,2025-01-31 23:59:00
da7ca825,Best Deal,B0DK9L5MWL,11.63,0.0,2025-05-21 00:00:00,2025-05-27 23:55:00
17029211802,Sales Discount,B01CYDY6TQ,18.04,18.6,2024-12-11 00:00:00,2025-01-31 23:59:00
18062815702,Sales Discount,B08XZLYCZ5,21.39,22.34,2025-03-01 00:00:00,2025-03-31 23:59:00
17029211802,Sales Discount,B01FFWYDVO,15.89,17.66,2024-12-11 00:00:00,2025-01-31 23:59:00
17492259202,Coupon,B09C6HJ2CC,16.78,17.66,2025-01-13 00:00:00,2025-02-12 23:59:00
17492259202,Coupon,B06Y3Q6XNX,22.22,22.34,2025-01-13 00:00:00,2025-02-12 23:59:00
25401079802,Sales Discount,B0CB87LMH1,35.43,37.29,2026-05-23 00:00:00,2026-06-06 23:59:00
17492259202,Coupon,B096W5QCHX,-1.07,0.0,2025-01-13 00:00:00,2025-02-12 23:59:00
776b9f88,Best Deal,B07C5Q7T4D,15.61,0.0,2025-03-25 00:00:00,2025-03-31 23:55:00
17029211802,Sales Discount,B07B9FTCXV,21.79,24.21,2024-12-11 00:00:00,2025-01-31 23:59:00
da7ca825,Best Deal,B0CMV8JRKN,16.76,0.0,2025-05-21 00:00:00,2025-05-27 23:55:00
17029211802,Sales Discount,B00RBUM5JQ,13.91,15.45,2024-12-11 00:00:00,2025-01-31 23:59:00
776b9f88,Best Deal,B076MKZHV4,19.44,0.0,2025-03-25 00:00:00,2025-03-31 23:55:00
18062815702,Sales Discount,B0BSQVND4T,17.29,18.09,2025-03-01 00:00:00,2025-03-31 23:59:00
17029211802,Sales Discount,B08JC2YLYL,-1.86,0.0,2024-12-11 00:00:00,2025-01-31 23:59:00
18062815702,Sales Discount,B08XZMCR17,18.43,20.48,2025-03-01 00:00:00,2025-03-31 23:59:00
17029211802,Sales Discount,B08JC2YLYL,17.67,18.6,2024-12-11 00:00:00,2025-01-31 23:59:00
17492259202,Coupon,B00RCYQUII,-0.7,0.0,2025-01-13 00:00:00,2025-02-12 23:59:00
e5936dd2,Best Deal,B08QVYP7YH,20.01,18.7,2024-12-26 00:00:00,2025-01-05 23:55:00
776b9f88,Best Deal,B091Z4JQBD,16.46,15.38,2025-03-25 00:00:00,2025-03-31 23:55:00
17029211802,Sales Discount,B087JJ4M8H,23.46,26.07,2024-12-11 00:00:00,2025-01-31 23:59:00
17492259202,Coupon,B087JHVV7T,18.43,18.6,2025-01-13 00:00:00,2025-02-12 23:59:00
18062815702,Sales Discount,B096W2GHQV,14.0,14.72,2025-03-01 00:00:00,2025-03-31 23:59:00
18062815702,Sales Discount,B076MBD6KQ,11.17,12.42,2025-03-01 00:00:00,2025-03-31 23:59:00
17492259202,Coupon,B096W2GHQV,-0.93,0.0,2025-01-13 00:00:00,2025-02-12 23:59:00
17492259202,Coupon,B00N1QKQ5Y,16.53,16.73,2025-01-13 00:00:00,2025-02-12 23:59:00
17492259202,Coupon,B08XZMCR17,23.69,24.21,2025-01-13 00:00:00,2025-02-12 23:59:00
18062815702,Sales Discount,B06Y3Q6XNX,20.11,22.34,2025-03-01 00:00:00,2025-03-31 23:59:00
17029211802,Sales Discount,B089FZBMW9,21.79,24.21,2024-12-11 00:00:00,2025-01-31 23:59:00
18062815702,Sales Discount,B08NPB4GCD,15.94,16.73,2025-03-01 00:00:00,2025-03-31 23:59:00
17029211802,Sales Discount,B07C5Q7T4D,17.33,17.66,2024-12-11 00:00:00,2025-01-31 23:59:00
17492259202,Coupon,B0D63B2G5N,15.89,16.73,2025-01-13 00:00:00,2025-02-12 23:59:00
17492259202,Coupon,B0CCJVV9GF,18.31,18.6,2025-01-13 00:00:00,2025-02-12 23:59:00
18062815702,Sales Discount,B091Z4JQBD,14.87,15.38,2025-03-01 00:00:00,2025-03-31 23:59:00
17492259202,Coupon,B0BD81KP8K,18.37,18.6,2025-01-13 00:00:00,2025-02-12 23:59:00
18062815702,Sales Discount,B0BSQVND4T,16.28,18.09,2025-03-01 00:00:00,2025-03-31 23:59:00
18062815702,Sales Discount,B0BK8STFVG,17.67,18.6,2025-03-01 00:00:00,2025-03-31 23:59:00
17492259202,Coupon,B0D2322MMQ,15.4,15.79,2025-01-13 00:00:00,2025-02-12 23:59:00
18062815702,Sales Discount,B07F14GMP2,22.16,22.34,2025-03-01 00:00:00,2025-03-31 23:59:00
e5936dd2,Best Deal,B0C6FHHJFM,13.39,12.51,2024-12-26 00:00:00,2025-01-05 23:55:00
18062815702,Sales Discount,B07NNVS8M4,23.03,24.21,2025-03-01 00:00:00,2025-03-31 23:59:00
24409660702,Sales Discount,B01D3FVKBG,19.26,21.4,2026-03-17 21:00:00,2026-03-31 23:59:00
17492259202,Coupon,B0D638MLB2,16.78,17.66,2025-01-13 00:00:00,2025-02-12 23:59:00
17492259202,Coupon,B085YDZPXM,26.34,27.01,2025-01-13 00:00:00,2025-02-12 23:59:00
17492259202,Coupon,B09TJTTP84,18.29,18.6,2025-01-13 00:00:00,2025-02-12 23:59:00
17029211802,Sales Discount,B08JC9XBGM,18.23,18.6,2024-12-11 00:00:00,2025-01-31 23:59:00
17492259202,Coupon,B0BX76VGXP,18.38,18.6,2025-01-13 00:00:00,2025-02-12 23:59:00
17029211802,Sales Discount,B085YDYWV8,18.31,18.6,2024-12-11 00:00:00,2025-01-31 23:59:00
e5936dd2,Best Deal,B0CHWM51XY,13.43,12.55,2024-12-26 00:00:00,2025-01-05 23:55:00
17492259202,Coupon,B01FFWYJV8,18.51,18.6,2025-01-13 00:00:00,2025-02-12 23:59:00
17492259202,Coupon,B00RCYQUII,13.7,13.93,2025-01-13 00:00:00,2025-02-12 23:59:00
18062815702,Sales Discount,B086XBB126,14.21,15.79,2025-03-01 00:00:00,2025-03-31 23:59:00
