sku,asin,amazon-store,product-name,brand,your-price,sales-price,currency,estimated-referral-fee-per-unit,estimated-variable-closing-fee,expected-domestic-fulfilment-fee-per-unit,COGS
VV-VITA-422,B0GXFPHYL1,IE,"Vegavero Vegan Protein Powder Chocolate | 21.9 g Protein Per Serving | 4 Plant Proteins, All 9 EAAs | No Added Sugar | Lactose Free | 20 Servings",Vegavero,24.99,24.99,EUR,3.75,0.0,,7.34
VV-VITA-422,B0GXFPHYL1,NL,Vegavero Vegan Eiwitpoeder Chocolade | Eiwit & Essentiële Aminozuren,Vegavero,24.99,24.99,EUR,3.75,0.0,3.66,7.34
VV-VITA-422,B0GXFPHYL1,ES,"Vegavero Proteína Vegana Chocolate | 72,9 g de Proteína por 100 g (21,9 g/Ración) | Mezcla de 4 Fuentes Vegetales con Aminoácidos Completos | Baja en Azúcar | Sin Lactosa ni Gluten | 600 g de Polvo",Vegavero,24.9,24.9,EUR,3.74,0.0,3.91,7.34
VV-VITA-422,B0GXFPHYL1,IT,Vegavero Proteine Vegane in Polvere | 22g di Proteine per Dose | Alta Qualità: solo Aromi e Dolcificanti Naturali | Gusto Cioccolato | Vegan Protein Powder | Senza Glutine e Lattosio,Vegavero,26.99,26.99,EUR,4.05,0.0,4.23,7.34
VV-VITA-422,B0GXFPHYL1,FR,"Protein Powder Chocolat | 100% Vegan - Avec Soja, Riz, Pois & Fève | 21,9 g de Protéines | Sans Sucre Ajouté & Sans Gluten | 600g | Vegavero®",Vegavero,27.9,27.9,EUR,4.19,0.0,4.79,7.34
VV-VITA-422,B0GXFPHYL1,DE,Vegavero Proteinpulver Vegan - pflanzliches Protein Pulver Schoko 600g - Eiweißpulver vegan mit 73g Eiweiß je 100g - Laktosefrei & Glutenfrei - Soja Protein Pulver ohne Zuckerzusatz,Vegavero,24.9,24.9,EUR,3.74,0.0,3.21,7.34
VV-VITA-422,B0GXFPHYL1,GB,"Vegavero Vegan Protein Powder Chocolate | 21.9 g Protein Per Serving | 4 Plant Proteins, All 9 EAAs | No Added Sugar & Lactose Free",Vegavero,24.5,24.5,GBP,3.68,0.0,,7.34
VV-VITA-423,B0GXG6D48W,IE,"Vegavero Vegan Protein Powder Vanilla | 23.2 g Protein Per Serving | 4 Plant Proteins, All 9 EAAs | No Added Sugar | Lactose Free | 20 Servings",Vegavero,24.99,24.99,EUR,3.75,0.0,1.55,7.34
VV-VITA-423,B0GXG6D48W,NL,Vegavero Vegan Eiwitpoeder Vanille | Eiwit & Essentiële Aminozuren,Vegavero,24.99,24.99,EUR,3.75,0.0,3.66,7.34
VV-VITA-423,B0GXG6D48W,ES,"Vegavero Proteína Vegana Vainilla | 77,5 g de Proteína por 100 g (23,2 g/Ración) | Mezcla de 4 Fuentes Vegetales con Aminoácidos Completos | Baja en Azúcar | Sin Lactosa ni Gluten | 600 g de Polvo",Vegavero,24.9,24.9,EUR,3.74,0.0,3.91,7.34
VV-VITA-423,B0GXG6D48W,IT,"Vegavero Proteine Vegane in Polvere | 23,2 g di Proteine per Dose | Alta Qualità: solo Aromi e Dolcificanti Naturali | Gusto Vaniglia | Vegan Protein Powder | Senza Glutine e Lattosio",Vegavero,26.99,26.99,EUR,4.05,0.0,4.23,7.34
VV-VITA-423,B0GXG6D48W,FR,"Protein Powder Vanille | 100% Vegan - Avec Soja, Riz, Pois & Fève | 23,2 g de Protéines | Sans Sucre Ajouté & Sans Gluten | 600g | Vegavero®",Vegavero,27.9,27.9,EUR,4.19,0.0,4.79,7.34
VV-VITA-423,B0GXG6D48W,DE,Vegavero Proteinpulver Vegan - pflanzliches Protein Pulver Vanille 600g - Eiweißpulver vegan mit 77g Eiweiß je 100g - Laktosefrei & Glutenfrei - Soja Protein Pulver ohne Zuckerzusatz,Vegavero,24.9,24.9,EUR,3.74,0.0,3.21,7.34
VV-VITA-423,B0GXG6D48W,GB,"Vegavero Vegan Protein Powder Vanilla | 23.2 g Protein Per Serving | 4 Plant Proteins, All 9 EAAs | No Added Sugar & Lactose Free",Vegavero,24.9,24.9,GBP,3.74,0.0,2.98,7.34
5904569253554,B0DM996667,IT,"Jasnum All-in-One | Integratore Menopausa Completo | Con Salvia, Foglie di Olivo, Enotera e Trifoglio Rosso | Vitamine D3, K2, B6 e B9 | 120 Capsule Vegane – Scorta per 2 Mesi",JASNUM,32.9,32.9,EUR,4.94,0.0,4.0,0.0
5904569253578,B0DM999GV2,IT,"Jasnum Line | Integratore Metabolismo Menopausa | Maca Nera, L-Carnitina & Tè Verde | Zinco, Cromo, Vitamine B6 & B12 | 120 Capsule Vegane – 2 Mesi di Scorta",JASNUM,28.9,28.9,EUR,4.34,0.0,4.19,0.0
5904569253561,B0DM9DKYYD,IT,"Jasnum Mood | Integratore Menopausa per il Benessere Emotivo | Con Zafferano, Vitamine B6 e B12 | Favorisce l'Umore, il Relax e Aiuta a Combattere la Stanchezza | 30 Capsule",JASNUM,14.99,14.99,EUR,2.25,0.0,3.4,0.0
VV-VITA-417,B0G617YBDB,IE,Vegavero Vegan Omega 3 Gummies | Sugar-Free | No Fishy Taste | Algae Oil DHA & EPA | 250 mg per Gummy | Lab-Tested | 60 Gummies,Vegavero,24.99,24.99,EUR,3.75,0.0,1.71,0.78
VV-VITA-417,B0G617YBDB,NL,Vegavero Omega 3 Vegan Gummies 1.350 mg Algenolie | Mangosmaak,Vegavero,25.99,25.99,EUR,3.9,0.0,3.56,0.78
VV-VITA-417,B0G617YBDB,ES,Vegavero Gominolas de Omega 3 | 250 mg EPA + DHA por Gominola | 1350 mg de Aceite de Algas | Sin Azúcar y Sin Sabor a Pescado | 180 Gominolas | Vegano y Sin Aditivos,Vegavero,26.9,26.9,EUR,4.04,0.0,3.8,0.78
VV-VITA-417,B0G617YBDB,IT,Omega 3 Vegan Gummies | 1.350 mg di Olio di Alghe | DHA+ EPA 450-225 mg | Senza Zucchero | Alga Schizochytrium Premium | Pressato a Freddo | Gusto Mango (Senza Retrogusto) | Vegavero®,Vegavero,26.99,26.99,EUR,4.05,0.0,4.61,0.78
VV-VITA-417,B0G617YBDB,FR,Gummies Omega 3 VEGAN | 675 mg EPA + DHA | Sans Sucre & Sans Gélatine Animale | Goût Mangue |Vision + Systeme Cardiovasculaire | Testé en Laboratoire | Vegavero®,Vegavero,26.9,26.9,EUR,4.04,0.0,5.15,0.78
VV-VITA-417,B0G617YBDB,DE,"Vegavero Omega 3 Gummies Vegan – Hochdosierte Omega3 Fruchtgummis mit 750 mg Omega-3, 450 mg DHA & 225 mg EPA – Algenöl – Ohne Fischgeschmack – Für Erwachsene – 180 G",Vegavero,24.9,24.9,EUR,3.74,0.0,3.18,0.78
VV-VITA-417,B0G617YBDB,GB,Vegavero Vegan Omega 3 Gummies | Sugar-Free | No Fishy Taste | Algae Oil DHA & EPA | 250 mg per Gummy | Lab-Tested | 60 Gummies,Vegavero,23.99,23.99,GBP,3.6,0.0,,0.78
VV-VITA-415,B0G54CWDJN,BE,Vegavero Complexe SPM - Confort Prémenstruel | 120 Gélules,Vegavero,24.9,24.9,EUR,3.74,0.0,3.58,6.59
VV-VITA-415,B0G54CWDJN,NL,Vegavero PMS Pre-menstrueel Welzijn | 120 Capsules,Vegavero,24.99,24.99,EUR,3.75,0.0,3.66,6.59
VV-VITA-415,B0G54CWDJN,ES,Vegavero PMS | Magnesio + Azafrán affron + Sauzgatillo | 120 Cápsulas,Vegavero,24.9,24.9,EUR,3.74,0.0,3.91,6.59
VV-VITA-415,B0G54CWDJN,IT,"PMS – Benessere Premestruale | Unico: formula con Zafferano, Agnocasto, Melissa, Vitamine e Minerali | 120 capsule | Equilibrio Ormonale Femminile + Umore | Senza Ormoni e Vegano | Vegavero",Vegavero,24.99,24.99,EUR,3.75,0.0,4.23,6.59
VV-VITA-415,B0G54CWDJN,FR,"Complexe SPM – Confort Prémenstruel | Unique : Formule Complète avec Safran, Gattilier & Minéraux | 120 Gélules | Équilibre Hormonal Femme + Humeur | Sans Hormones | Vegavero®",Vegavero,24.9,24.9,EUR,3.74,0.0,4.79,6.59
VV-VITA-415,B0G54CWDJN,DE,"Vegavero PMS Kapseln - Zyklus Komplex mit Magnesium, Mönchspfeffer, Safran, Melisse & Vitamin B6 – Vitamine für Frauen - 120 vegane Kapseln – laborgeprüft - Zyklus Balance",Vegavero,24.9,24.9,EUR,3.74,0.0,3.21,6.59
VV-VITA-413,B0G54B45T6,IE,Vegavero Coenzyme Q10 Supplement 200 mg | PureWay Liposomal CoQ10 | High Strength Q10 | 120 Capsules | NO Additives | Lab-Tested | Vegan,Vegavero,29.99,29.99,EUR,4.5,0.0,1.55,9.28
VV-VITA-413,B0G54B45T6,BE,Vegavero Coenzyme Q10 200 mg Liposomal,Vegavero,27.9,27.9,EUR,4.19,0.0,3.58,9.28
VV-VITA-413,B0G54B45T6,NL,Vegavero Co-Enzym Q10 200 mg Liposomaal,Vegavero,27.99,27.99,EUR,4.2,0.0,3.66,9.28
VV-VITA-413,B0G54B45T6,ES,Vegavero CoQ10 Liposomal PureWay | 200mg | 120 Cápsulas | Vegano,Vegavero,26.9,26.9,EUR,4.04,0.0,3.91,9.28
VV-VITA-413,B0G54B45T6,IT,Coenzima Q10 200 mg | Tecnologia liposomiale ad alta biodisponibilità | Precursore dell'ubiquinolo | Potente antiossidante + antietà | Senza additivi e testato in laboratorio | Vegavero®,Vegavero,30.99,30.99,EUR,4.65,0.0,4.23,9.28
VV-VITA-413,B0G54B45T6,FR,Coenzyme Q10 200 mg | Technologie Liposomale Haute Biodisponibilité | Précurseur de l’Ubiquinol | Antioxydant Puissant + Anti Age | Sans Additifs & Testé en Laboratoire | Vegavero®,Vegavero,27.9,27.9,EUR,4.19,0.0,4.79,9.28
VV-VITA-413,B0G54B45T6,DE,"Vegavero Q10 Kapseln hochdosiert - 200 mg liposomales Coenzym Q10 mit PureWay® - 120 vegane Kapseln für 2 Monate - laborgeprüft, ohne Zusatzstoffe",Vegavero,27.9,27.9,EUR,4.19,0.0,3.21,9.28
VV-VITA-413,B0G54B45T6,GB,Vegavero Coenzyme Q10 Supplement 200 mg | PureWay Liposomal CoQ10 | High Strength Q10 | 120 Capsules | NO Additives | Lab-Tested | Vegan,Vegavero,27.99,27.99,GBP,4.2,0.0,2.98,9.28
VV-VITA-412,B0G549XVKK,IE,"Vegavero Lactase Tablets 10,000 FCC | 180 Tablets | High-Strength Lactase Enzyme | NO Additives, Lab-Tested | Vegan",Vegavero,19.99,19.99,EUR,3.0,0.0,1.38,5.97
VV-VITA-412,B0G549XVKK,BE,Vegavero Lactase Pure 10000 FCC | 180 Comprimés,Vegavero,21.9,21.9,EUR,3.29,0.0,3.58,5.97
VV-VITA-412,B0G549XVKK,NL,Vegavero Lactase 10.000 FCC Hoge Dosering | 180 Tabletten,Vegavero,20.99,20.99,EUR,3.15,0.0,3.66,5.97
VV-VITA-412,B0G549XVKK,ES,Vegavero Lactasa 10.000 FCC + Calcio | 180 Comprimidos | Digestión Lactosa,Vegavero,20.9,20.9,EUR,3.14,0.0,3.91,5.97
VV-VITA-412,B0G549XVKK,IT,"Lattasi 10.000 FCC | 180 Compresse | Alto Dosaggio | Per Gonfiore, Digestione e Intolleranza al Lattosio | Senza Additivi | Vegan | No OGM | Vegavero®",Vegavero,21.99,21.99,EUR,3.3,0.0,4.23,5.97
VV-VITA-412,B0G549XVKK,FR,Lactase Pure | Sans Additifs Artificiels | 180 Comprimés | Digestion & Intolerance Lactose | 10000 FCC | Vegavero®,Vegavero,21.9,21.9,EUR,3.29,0.0,4.79,5.97
VV-VITA-412,B0G549XVKK,DE,Vegavero Laktase 10.000 FCC mit Calcium - 180 hochdosierte vegane Lactase Tabletten - unterstützt die Laktoseverdauung bei Laktoseintoleranz - mit 162 mg Calcium pro Tablette - laborgeprüft,Vegavero,19.9,19.9,EUR,2.99,0.0,3.21,5.97
VV-VITA-412,B0G549XVKK,GB,"Vegavero Lactase Tablets 10,000 FCC | 180 Tablets | High-Strength Lactase Enzyme | NO Additives, Lab-Tested | Vegan",Vegavero,19.99,19.99,GBP,3.0,0.0,2.69,5.97
VV-VITA-414,B0G549R7N1,IE,"Vegavero Lions Mane Supplement 10,000 mg | NO Additives | Nootropic High Strength Mushroom Extract 5:1 | 30% Polysaccharides | 180 Capsules | Vegan",Vegavero,28.99,28.99,EUR,4.35,0.0,1.71,8.11
VV-VITA-414,B0G549R7N1,NL,Vegavero Lions Mane 10.000 mg Hericium-Extract | 180 Capsules,Vegavero,25.99,25.99,EUR,3.9,0.0,3.56,8.11
VV-VITA-414,B0G549R7N1,ES,Vegavero Hericium Melena de León | 2000 mg de Extracto 5:1 | 180 Cápsulas,Vegavero,25.9,25.9,EUR,3.89,0.0,3.8,8.11
VV-VITA-414,B0G549R7N1,IT,Hericium Erinaceum | 2000 mg di estratto | Alto Dosaggio | Lions Mane 30% Polisaccaridi e 5% Beta-glucani | Vegan | Senza Additivi | No OGM | Vegavero®,Vegavero,28.99,28.99,EUR,4.35,0.0,4.61,8.11
VV-VITA-414,B0G549R7N1,FR,Lions Mane 10000 mg | Extrait Hericium | 30% Polysaccharides + 5% Bêta-Glucane | 180 Gélules | Vegan & Sans Additifs | Vegavero®,Vegavero,25.9,25.9,EUR,3.89,0.0,5.15,8.11
VV-VITA-414,B0G549R7N1,DE,"Vegavero Hericium Erinaceus Kapseln - 500 mg Löwenmähne Pilz Extrakt mit 50% Polysacchariden - 60 vegane Hericium Kapseln - laborgeprüft, ohne Zusätze, vegan",Vegavero,26.9,26.9,EUR,4.04,0.0,3.18,8.11
VV-VITA-414,B0G549R7N1,GB,"Vegavero Lions Mane Supplement 10,000 mg | NO Additives | Nootropic High Strength Mushroom Extract 5:1 | 30% Polysaccharides | 180 Capsules | Vegan",Vegavero,28.99,28.99,GBP,4.35,0.0,3.05,8.11
VV-VITA-409,B0FV358F5X,IE,"Vegavero Magnesium Citrate Capsules 2664 mg | High Bioavailability | NO Additives, Lab-Tested | Vegan | 180 Capsules | Magnesium Supplements for Men & Women",Vegavero,19.95,19.95,EUR,2.99,0.0,1.38,4.11
VV-VITA-409,B0FV358F5X,ES,Vegavero Citrato de Magnesio | 400 mg Magnesio Elemental | 180 Cápsulas | Alta Absorción y Biodisponibilidad | Reduce Fatiga y Recuperador Muscular | Testado en Laboratorio Alemán | Libre de Aditivos,Vegavero,17.9,17.9,EUR,2.69,0.0,3.91,4.11
VV-VITA-409,B0FV358F5X,IT,Magnesio Citrato 400 mg | Contribuisce alla Riduzione di Stanchezza e Affaticamento | Elevata Biodisponibilità | 180 capsule | Testato in laboratorio | Vegano | Senza Additivi | No OGM| Vegavero®,Vegavero,18.99,18.99,EUR,2.85,0.0,3.64,4.11
VV-VITA-409,B0FV358F5X,FR,Citrate de Magnesium 400mg | Biodisponibilité Elevée | Testé en Laboratoire | 180 Gélules | Vegan & Sans Additifs | Vegavero®,Vegavero,19.9,19.9,EUR,2.99,0.0,4.37,4.11
VV-VITA-409,B0FV358F5X,DE,Vegavero Magnesiumcitrat Kapseln 180 Stück - 400 mg elementares Magnesium hochdosiert pro Tagesdosis - Magnesium Kapseln hochdosiert und gut bioverfügbar - vegan ohne Zusätze - Laborgeprüfte Qualität,Vegavero,18.9,18.9,EUR,2.84,0.0,2.82,4.11
VV-VITA-409,B0FV358F5X,GB,"Vegavero Magnesium Citrate Capsules 2664 mg | High Bioavailability | NO Additives, Lab-Tested | Vegan | 180 Capsules | Magnesium Supplements for Men & Women",Vegavero,16.99,16.99,GBP,2.55,0.0,2.69,4.11
VV-VITA-410,B0FV353RST,IE,Vegavero OPC Grape Seed Extract 30:1 | High Strength from French Grapes | Standardised for OPC by HPLC | Lab Tested | NO Additives | Vegan | 240 Capsules,Vegavero,24.99,24.99,EUR,3.75,0.0,,7.56
VV-VITA-410,B0FV353RST,ES,"Vegavero OPC 500 mg | Extracto de Semilla de Uva | 70% OPC | Antioxidante Natural, Salud Cardiovascular y Anti-Aging | 240 Cápsulas | Testado en Laboratorio | Sin Aditivos y Vegano",Vegavero,25.9,25.9,EUR,3.89,0.0,3.8,7.56
VV-VITA-410,B0FV353RST,IT,Integratore OPC | 15.000 mg (30:1) di estratto di semi d’uva | 240 capsule: 8 Mesi di Fornitura | OPC Puro da Uva Francese | Antiossidante Naturale | Senza Additivi | Vegavero®,Vegavero,26.99,26.99,EUR,4.05,0.0,4.61,7.56
VV-VITA-410,B0FV353RST,FR,OPC Vegavero® | Extrait de Pépins de Raisin – Origine FRANCE | Pour 8 Mois | Antioxydant Puissant | Avec Proanthocyanidine (Polyphenol) | Sans Additifs & Testé en Laboratoire | Vegan,Vegavero,25.9,25.9,EUR,3.89,0.0,5.15,7.56
VV-VITA-410,B0FV353RST,DE,"Vegavero OPC Traubenkernextrakt hochdosiert - 240 OPC Kapseln hochdosiert 500 mg - 8 Monate Vorrat - HPLC geprüft, ohne Zusatzstoffe - vegan, aus französischen Trauben",Vegavero,25.9,25.9,EUR,3.89,0.0,3.18,7.56
VV-VITA-410,B0FV353RST,GB,Vegavero OPC Grape Seed Extract 30:1 | High Strength from French Grapes | Standardised for OPC by HPLC | Lab Tested | NO Additives | Vegan | 240 Capsules,Vegavero,23.99,23.99,GBP,3.6,0.0,3.05,7.56
VV-VITA-411,B0FV34CS27,IE,"Vegavero Digestive Enzyme Supplements Pro | High-Strength 8 Enzyme Complex | with Prolyl-Oligopeptidase (Gluten Enzyme), Lactase, Bromelain, and More | NO Additives, Lab-Tested | 120 Capsules | Vegan",Vegavero,19.99,19.99,EUR,3.0,0.0,1.38,5.91
VV-VITA-411,B0FV34CS27,ES,"Vegavero Enzimas Digestivas Pro | 8 Enzimas Digestivas con Lactasa, Papaína y Bromelina + Prolil Oligopeptidasa | 120 Cápsulas Gastro-resistentes | Natural, Sin Aditivos y Vegano",Vegavero,26.9,26.9,EUR,4.04,0.0,3.91,5.91
VV-VITA-411,B0FV34CS27,IT,"ENZIMI DIGESTIVI Vegavero® | Con Bromelina, Papaina, Amilasi, Lipasi, Cellulasi e Prolil-oligopeptidasi | Per Digestione e Gonfiore | 120 Capsule Gastroresistenti | Vegan | Senza Additivi",Vegavero,23.99,23.99,EUR,3.6,0.0,4.23,5.91
VV-VITA-411,B0FV34CS27,FR,"Enzymes Digestives Complexe PRO | Unique : Avec Enzyme Pour le Gluten | Lactase, Bromeline, Lipase, Amylase… | 120 Gélules Gastro-résistantes | Testé en Laboratoire & Sans Additifs | Vegavero®",Vegavero,22.9,22.9,EUR,3.44,0.0,4.79,5.91
VV-VITA-411,B0FV34CS27,DE,"Vegavero Digestive Enzymes Pro 120 Kapseln - Hochdosierter Enzymkomplex mit Lactase & Prolyl-Oligopeptidase - Verdauungsenzyme für Gluten-, Fett- & Kohlenhydratspaltung - Magensaftresistent & Vegan",Vegavero,27.9,27.9,EUR,4.19,0.0,3.21,5.91
VV-VITA-411,B0FV34CS27,GB,"Vegavero Digestive Enzyme Supplements Pro | High-Strength 8 Enzyme Complex | with Prolyl-Oligopeptidase (Gluten Enzyme), Lactase, Bromelain, and More | NO Additives, Lab-Tested | 120 Capsules | Vegan",Vegavero,25.99,25.99,GBP,3.9,0.0,2.98,5.91
VV-VITA-407,B0FQW6FYT9,IT,"Green Supreme Polvere Vegana | Superfood, Fibre e Fermenti Lattici | Con Moringa, Spirulina, Clorella, Erba d’Orzo, Ashwagandha, Rodiola, Bromelina, Rhodiola | 270g | 1 Mese | Senza Additivi | No OGM",Vegavero,29.99,29.99,EUR,4.5,0.0,4.0,8.83
VV-VITA-407,B0FQW6FYT9,FR,"Poudre végétalienne suprême verte | Superaliments, fibres et ferments lactiques | Avec Moringa, Spiruline, Chlorelle, Herbe d'orge, Ashwagandha, Rhodiola, Bromélaïne, Rhodiola | 270g | 1 mois | Sans",Vegavero,27.9,27.9,EUR,4.19,0.0,4.46,8.83
VV-VITA-407,B0FQW6FYT9,DE,"Vegavero Green Supreme – Greens Pulver 270g mit über 20 Superfoods, Pflanzenextrakten & Vitalpilzen – Immunsystem stärken, Energie & Detox - Mit Ballaststoffen & Probiotika, vegan",Vegavero,27.9,27.9,EUR,4.19,0.0,2.82,8.83
VV-VITA-407,B0FQW6FYT9,GB,"Vegavero Super Greens Powder | 20+ Superfood Ingredients | Morning Complete | Adaptogens, Mushrooms, Algae, Probiotics & Fibre | with Standardised Extracts | Vegan & Gluten-Free",Vegavero,27.99,27.99,GBP,4.2,0.0,,8.83
VV-VITA-408,B0FQVZ3H2S,IE,"Vegavero Gut Routine | 7 g Fibre a Day | Fiber Gut Health Supplement, Supports Digestive Health, Bloating & Regularity | 12 billion CFU probiotics | NO Additives | 300 G Vegan Powder",Vegavero,25.99,25.99,EUR,3.9,0.0,1.37,7.05
VV-VITA-408,B0FQVZ3H2S,ES,"Vegavero Gut Routine | Complejo de Fibra y Probióticos para la Salud Intestinal | 7 g de Fibra, 12.000 Millones UFC, Psyllium y Vitaminas B | 300 g de Polvo | Natural, Sin Aditivos y Vegano",Vegavero,25.9,25.9,EUR,3.89,0.0,3.65,7.05
VV-VITA-408,B0FQVZ3H2S,IT,"Benessere Digestivo | Con Fibre Alimentari, 12 Miliardi CFU di Batteri Lattici, Psillio e Vitamine Gruppo B | Per Digestione, Microbioma e Gonfiore | Senza Additivi | Vegavero®",Vegavero,25.99,25.99,EUR,3.9,0.0,4.0,7.05
VV-VITA-408,B0FQVZ3H2S,FR,"Gut Routine | Formule Tout en Un : 7g de Fibres, Probiotiques, L-Glutamine | Digestion & Microbiote Intestinal | Vegan & Sans Gluten | Goût Fraise | Vegavero®",Vegavero,27.9,27.9,EUR,4.19,0.0,4.46,7.05
VV-VITA-408,B0FQVZ3H2S,DE,"Vegavero Gut Routine – Ballaststoff Komplex & Probiotika Pulver 300g mit 12 Mrd. Kulturen, Glutamin & B-Vitaminen – Darmflora, Verdauung & Stoffwechsel – Vegan, glutenfrei, mit Erdbeergeschmack",Vegavero,24.9,24.9,EUR,3.74,0.0,2.82,7.05
VV-VITA-408,B0FQVZ3H2S,GB,"Vegavero Gut Routine | 7 g Fibre a Day | Fiber Gut Health Supplement, Supports Digestive Health, Bloating & Regularity | 12 Billion CFU probiotics | NO Additives | 300 G Vegan Powder",Vegavero,23.99,23.99,GBP,3.6,0.0,,7.05
VV-VITA-403,B0FLQQCMYH,IE,"Vegavero Magnesium Citrate Powder 500g | 100 Days Supply | High Bioavailability | NO Additives, Lab-Tested | Vegan",Vegavero,23.99,23.99,EUR,3.6,0.0,2.05,6.22
VV-VITA-403,B0FLQQCMYH,ES,Citrato de Magnesio | 400 mg de Magnesio Elemental | 500 gr = 100 días | Alta Absorción y Biodisponibilidad | Reduce Fatiga y Recuperador Muscular | Sin Aditivos & Vegano | Vegavero,Vegavero,21.9,21.9,EUR,3.29,0.0,4.01,6.22
VV-VITA-403,B0FLQQCMYH,IT,"Magnesio Citrato in Polvere | 500 g | Per Muscoli, Nervi, Equilibrio Elettrolitico | Alta Biodisponibilità | Ottimo per Stanchezza Stress e Affaticamento | No Additivi | No OGM | Vegan | Vegavero®",Vegavero,26.99,26.99,EUR,4.05,0.0,5.02,6.22
VV-VITA-403,B0FLQQCMYH,DE,Vegavero Magnesiumcitrat Pulver 500 g - 400 mg elementares Magnesium hochdosiert pro Portion - 100 Portionen Magnesium Citrate Pulver mit Messlöffel - vegan ohne Zusätze,Vegavero,19.9,19.9,EUR,2.99,0.0,3.19,6.22
VV-VITA-403,B0FLQQCMYH,GB,"Vegavero Magnesium Citrate Powder 500g | 100 Days Supply | Electrolyte Balance | High Bioavailability | NO Additives, Lab-Tested | Vegan",Vegavero,20.99,20.99,GBP,3.15,0.0,3.09,6.22
VV-VITA-320-V,B0FLQNTV2G,IE,Vegavero Vegan Collagen Complex + Hyaluronic Acid | NO Additives | Vegan Collag Powder Vollagen® | Essential Amino Acids | 240 Capsules,Vegavero,41.99,41.99,EUR,6.3,0.0,1.55,11.67
VV-VITA-320-V,B0FLQNTV2G,ES,Vegavero Colágeno Vegano + Ácido Hialurónico | DOSIS ALTA | Piel + Cabello + Antiedad | AMINOÁCIDOS | Articulaciones + Masa Muscular | Materia Premium: Vollagen | Sin Aditivos,Vegavero,34.9,34.9,EUR,5.24,0.0,3.57,11.67
VV-VITA-320-V,B0FLQNTV2G,IT,Vegavero Collagene Vegano + Acido Ialuronico | Vollagen®: Alta Biodisponibilità da Fermentazione | 800-1500 kDa | Integratore Anti Age per Pelle e Articolazioni | Senza Additivi | 240 capsule,Vegavero,35.99,35.99,EUR,5.4,0.0,4.19,11.67
VV-VITA-320-V,B0FLQNTV2G,FR,Collagene + Acide Hyaluronique Naturel | VEGAN | 2 Mois | Avec Vollagen® - PREMIUM Qualité | 18 Acides Aminés | Anti-Age + Peau + Articulations | 240 Gélules | Vegavero®,Vegavero,34.9,34.9,EUR,5.24,0.0,4.63,11.67
VV-VITA-320-V,B0FLQNTV2G,DE,"Vegavero Veganes Kollagen 240 Kapseln hochdosiert, 500 mg Vollagen Markenrohstoff aus Fermentation, 18 Aminosäuren, 100 mg Hyaluronsäure, laborgeprüft, ohne Zusatzstoffe, gentechnikfrei",Vegavero,42.9,42.9,EUR,6.44,0.0,3.17,11.67
VV-VITA-320-V,B0FLQNTV2G,GB,Vegavero Advanced Vegan Collagen Supplement 500 mg | 4 Months Supply | NO Additives | Plant-Based Collagen Capsules with Hyaluronic Acid | Essential Amino Acids | Vollagen,Vegavero,41.99,41.99,GBP,6.3,0.0,2.95,11.67
VV-VITA-400,B0FLQM58S2,IE,"Vegavero Keto Power Complex| Glucomannan, L-Carnitine, Chromium Picolinate, Green Tea Extract, and more | 90 Capsules | NO Additives | Vegan",Vegavero,21.99,21.99,EUR,3.3,0.0,1.55,5.0
VV-VITA-400,B0FLQM58S2,ES,"Vegavero Keto Power | Complejo para Control de Peso y Metabolismo | Con Glucomanano (Konjac 95%), Carnipure L-Carnitina, Cromo y Zinc | 90 Cápsulas | Testado en Laboratorio | Vegano y Sin Aditivos",Vegavero,19.9,19.9,EUR,2.99,0.0,3.91,5.0
VV-VITA-400,B0FLQM58S2,IT,"Keto Complex | Con Glucomannano, Tè Verde, Zinco, Vitamine e Minerali | Ideale per Diete a Basso Contenuto di Carboidrati e Cheto | Metabolismo degli Acidi Grassi | Vegan | No Additivi | Vegavero®",Vegavero,19.99,19.99,EUR,3.0,0.0,4.23,5.0
VV-VITA-400,B0FLQM58S2,DE,"Vegavero Keto Power - Keto Kapseln hochdosiert mit Glucomannan, L-Carnitin & Magnesium Bisglycinat - Für die Figur & Energie - vegan, laborgeprüft - 90 Kapseln für 1 Monat",Vegavero,19.9,19.9,EUR,2.99,0.0,2.82,5.0
VV-VITA-401,B0FLQPD6GL,ES,Vegavero Vitex Agnus Castus | 20 mg de Extracto 15:1 | Sauzgatillo para PMS Síndrome Premenstrual y Dolor Menstrual | Producido en Alemania | 240 Cápsulas | Sin Aditivos y Vegano,Vegavero,19.9,19.9,EUR,2.99,0.0,3.57,4.78
VV-VITA-401,B0FLQPD6GL,IT,"Agnocasto | 20 mg | Estratto 15:1 | 240 Capsule | Per Ciclo Mestruale, Squilibrio Ormonale e Menopausa | Testato in Laboratorio | Senza Additivi | Vegan | Vegavero®",Vegavero,21.99,21.99,EUR,3.3,0.0,4.19,4.78
VV-VITA-401,B0FLQPD6GL,FR,"Gatillier Extrait 15:1 | 240 Gélules | SPM + Equilibre Hormonal | Avec 0,5% Agnusides | Vegan & Sans Additifs | Vegavero®",Vegavero,21.9,21.9,EUR,3.29,0.0,4.63,4.78
VV-VITA-401,B0FLQPD6GL,DE,Vegavero Mönchspfeffer Kapseln 20mg - Vitex agnus castus Extrakt 15:1 – Vorrat für 8 Monate Mönchspfeffer hochdosiert - Vegan & laborgeprüft - 240 Kapseln,Vegavero,19.0,19.0,EUR,2.85,0.0,2.82,4.78
VV-VITA-248-V,B0FLQNHCRZ,IE,"Vegavero Organic Oregano Oil | Vegan | 90 mg Carvacrol, 3 mg Thymol | Cold-Pressed & Essential | NO Additives, Lab-Tested | 180 Capsules",Vegavero,36.99,36.99,EUR,5.55,0.0,1.55,11.8
VV-VITA-248-V,B0FLQNHCRZ,NL,"Vegavero BIOLOGISCHE Oregano-olie | 180 veganistische capsules | 90 mg Carvacrol | met 2,75% thymol | Laboratorium getest | 100% oregano-olie biologisch | Veganistisch en zonder toevoegingen",Vegavero,28.99,28.99,EUR,4.35,0.0,3.52,11.8
VV-VITA-248-V,B0FLQNHCRZ,ES,"Vegavero Aceite de Orégano Orgánico | 90 mg Carvacrol + 3,5 mg Timol | 100% Vegano y Sin Aditivos | Testado en Laboratorio Alemán | 180 Cápsulas (6 Meses de Uso Contínuo)",Vegavero,34.9,34.9,EUR,5.24,0.0,3.57,11.8
VV-VITA-248-V,B0FLQNHCRZ,IT,"Olio di ORIGANO BIO Vegavero® | con 70% di Carvacrolo e 2,5% Timolo | per Candidosi e Mughetto | 180 capsule | Vegan",Vegavero,39.99,39.99,EUR,6.0,0.0,4.19,11.8
VV-VITA-248-V,B0FLQNHCRZ,FR,"Origan BIO Vegavero® | UNIQUE : Avec 70% Carvacrol et 2,5% Thymol | Sans Additifs | Antioxydant Puissant + Foie + Digestion | 180 Gélules | VEGAN",Vegavero,38.9,38.9,EUR,5.84,0.0,4.63,11.8
VV-VITA-248-V,B0FLQNHCRZ,DE,"Vegavero Oregano Öl Kapseln Bio, 180 Stück für 3 Monate, 129 mg ätherisches Oreganoöl mit 90 mg Carvacrol und 3,5 mg Thymol pro Tagesdosis, frei von Gelatine, vegan, ohne Zusätze",Vegavero,36.9,36.9,EUR,5.54,0.0,3.17,11.8
VV-VITA-248-V,B0FLQNHCRZ,GB,"Vegavero Organic Oregano Oil | Vegan | 90 mg Carvacrol, 3 mg Thymol | Cold-Pressed & Essential | NO Additives, Lab-Tested | 180 Capsules",Vegavero,34.99,34.99,GBP,5.25,0.0,2.95,11.8
VV-VITA-399,B0FLQPR7DY,IE,Vegavero Glucomannan Complex 4000 mg | With Chromium and Vitamin B3 | Weight Loss Supplement* | 95% Glucomannan | NO Additives | Vegan,Vegavero,26.99,26.99,EUR,4.05,0.0,1.71,6.91
VV-VITA-399,B0FLQPR7DY,ES,Vegavero Glucomanano Complex 4000 mg | 95% Glucomanano (Konjac 15:1) + Cromo Picolinato + Vitamina B3 (Niacina) | 180 Cápsulas | Testado en Laboratorio Alemán | Vegano y Sin Aditivos,Vegavero,22.9,22.9,EUR,3.44,0.0,3.8,6.91
VV-VITA-399,B0FLQPR7DY,IT,Glucomannano Complex Forte | Alto Dosaggio | con Vitamina B3 e Cromo | Prodotto in Germania | Vegano e Senza Additivi | Vegavero®,Vegavero,24.99,24.99,EUR,3.75,0.0,4.61,6.91
VV-VITA-399,B0FLQPR7DY,FR,Glucomannan Complex | 4211 mg Konjac Coupe Faim Naturel | Avec Chrome + Vitamine B3 | Testé en Laboratoire | 180 Gélules | Vegan & Sans Additifs | Vegavero®,Vegavero,25.9,25.9,EUR,3.89,0.0,5.15,6.91
VV-VITA-399,B0FLQPR7DY,DE,Vegavero Glucomannan Complex - 180 vegane Glucomannan Kapseln - 4.000 mg Tagesdosis - Konjakwurzel Extrakt 15:1 mit Chrom Picolinat & Viamin B3 – Laborgeprüft in Deutschland,Vegavero,24.9,24.9,EUR,3.74,0.0,3.18,6.91
VV-VITA-399,B0FLQPR7DY,GB,Vegavero Glucomannan Complex 4000 mg | with Chromium and Vitamin B3 | Weight Loss Supplement* | 95% Glucomannan | NO Additives | Vegan,Vegavero,24.99,24.99,GBP,3.75,0.0,3.05,6.91
VV-VITA-402,B0FLQMTC82,IE,"Vegavero Un-Bloat | Digestive Enzyme and Gut Health Supplement | Enzyme for Gluten Digestion | NO Additives | With Bromelain, Papain, Lactase & more | Vegan",Vegavero,25.99,25.99,EUR,3.9,0.0,1.55,7.17
VV-VITA-402,B0FLQMTC82,ES,"Vegavero Un-Bloat | Complejo de Enzimas Digestivas para Gases e Hinchazón Adultos | 120 Cápsulas | con Bromelina, Papaína, Lactasa, Alfa-d-galactosidasa | Vegano y Sin Aditivos",Vegavero,25.9,25.9,EUR,3.89,0.0,3.57,7.17
VV-VITA-402,B0FLQMTC82,IT,"Vegavero Unbloat | Con Bromelina, Papaina, Carciofo e Finocchio | Per Digestione e Disturbi allo Stomaco | con Capsule Gastroresistenti | Senza Additivi | No OGM | Vegan",Vegavero,25.99,25.99,EUR,3.9,0.0,4.19,7.17
VV-VITA-402,B0FLQMTC82,FR,Un-Bloat Vegavero® | Complexe Anti Ballonnements + Digestion | Avec Enzymes Digestives + Extraits de Plantes | Sans Additifs & Vegan,Vegavero,25.9,25.9,EUR,3.89,0.0,4.63,7.17
VV-VITA-402,B0FLQMTC82,DE,Vegavero Un-Bloat Kapseln vegan - Verdauungsenzyme Komplex mit Pflanzenextrakten – 120 Bromelain Kapseln mit Lactase & Papain Enzym – Magensaftresistent für Bauch & Verdauung,Vegavero,24.9,24.9,EUR,3.74,0.0,3.17,7.17
VV-VITA-402,B0FLQMTC82,GB,"Vegavero Un-Bloat | Digestive Enzyme and Gut Health Supplement | Enzymes for Gluten Digestion | NO Additives | with Bromelain, Papain, Lactase & More | Vegan",Vegavero,24.99,24.99,GBP,3.75,0.0,2.95,7.17
VV-VITA-406,B0FLQR3V1R,IE,"Vegavero Vitamin B12 Tablets 1,000 μg | 180 Tablets | Pure, Natural & Without Additives | Methylcobalamin & Adenosylcobalamin | Vegan B12 Supplement",Vegavero,18.99,18.99,EUR,2.85,0.0,1.38,4.68
VV-VITA-406,B0FLQR3V1R,ES,Vegavero Vitamina B12 1000 mcg | Metilcobalamina y Adenosilcobalamina | 180 Comprimidos para 9 Meses | Producido en Alemania | Sin Aditivos y Vegano,Vegavero,17.9,17.9,EUR,2.69,0.0,3.28,4.68
VV-VITA-406,B0FLQR3V1R,IT,Vitamina B12 Naturale 1000 mcg | Metilcobalamina + Adenosilcobalamina | L’unica Senza Additivi Artificiali | Prodotta in Germania | Vegan | Vegavero®,Vegavero,19.99,19.99,EUR,3.0,0.0,3.64,4.68
VV-VITA-406,B0FLQR3V1R,FR,Vitamine B12 Vegan 1000 µg | Testé en Laboratoire & Sans Additifs | Avec 2 Formes : Méthylcobalamine + Adénosylcobalamine | Anti Fatigue + Equilibre Nerveux | Vegavero®,Vegavero,20.9,20.9,EUR,3.14,0.0,4.79,4.68
VV-VITA-406,B0FLQR3V1R,GB,"Vegavero Vitamin B12 Tablets 1,000 μg | 180 Tablets | Pure, Natural & Without Additives | Methylcobalamin & Adenosylcobalamin | Vegan B12 Supplement",Vegavero,15.99,15.99,GBP,2.4,0.0,2.69,4.68
VV-VITA-355-V,B0FLQM4R56,IE,"Vegavero L-Glutathione Complex | 180 Capsules | With Glycin, PureWay-C® Vitamin C Liposomal and MSM | NO Additives | Vegan",Vegavero,46.99,46.99,EUR,7.05,0.0,,16.14
VV-VITA-355-V,B0FLQM4R56,ES,Vegavero Glutatión Liposomal PureWay™- G | Antioxidante Potente | NAC + Glicina + MSM + Vitamina C + Magnesio | Regenerador Celular | 180 Cápsulas,Vegavero,45.9,45.9,EUR,6.89,0.0,3.8,16.14
VV-VITA-355-V,B0FLQM4R56,IT,"Vegavero Glutatione Liposomiale e Ridotto | 180 Capsule | Con NAC, Vitamina C, MSM, Glicina e Cardo Mariano | Antiossidante, Disintossicante, Immunostimolante | Vegano e Senza Additivi",Vegavero,42.99,42.99,EUR,6.45,0.0,4.61,16.14
VV-VITA-355-V,B0FLQM4R56,FR,"GLUTATHION Liposomal & Réduit à 98% | 180 Gélules | Avec Précurseurs : NAC, Vitamine C, MSM, Glycine | PureWay™- G | Antioxydant + Anti age + Immunité | Vegan & Sans Additifs | Vegavero®",Vegavero,45.9,45.9,EUR,6.89,0.0,5.15,16.14
VV-VITA-355-V,B0FLQM4R56,DE,"Vegavero L-Glutathion Complex 180 Kapseln - liposomales reduziertes L-Glutathion mit NAC, Glycin, L-Glutamin & liposomalem Vitamin C - mit Mariendistel, Curcuma, Selen – Vegan & Laborgeprüft",Vegavero,41.9,41.9,EUR,6.29,0.0,3.18,16.14
VV-VITA-355-V,B0FLQM4R56,GB,"Vegavero L-Glutathione Complex | 180 Capsules | with Glycin, PureWay-C Vitamin C Liposomal and MSM | NO Additives | Vegan",Vegavero,42.99,42.99,GBP,6.45,0.0,,16.14
VV-VITA-404,B0FLQNDFG9,IE,"Vegavero Sage Leaf Extract 10:1 |For Women 40+ | 2,5% Rosmarinic Acid |4 Months Supply | NO Additives, Lab-Tested | Vegan | 120 Capsules",Vegavero,21.99,21.99,EUR,3.3,0.0,1.55,6.53
VV-VITA-404,B0FLQNDFG9,ES,Salvia Cápsulas 6250 mg | Alta Dosis Extracto 10:1 | 120 Cápsulas para 4 Meses | Salvia Menopausia Sofocos | Producido en Alemania | Sin Aditivos y Vegano | Vegavero,Vegavero,19.9,19.9,EUR,2.99,0.0,3.28,6.53
VV-VITA-404,B0FLQNDFG9,IT,"Salvia | 6250 mg per dose giornaliera | 120 capsule | Estratto di Salvia 10:1 | Ottimo per Menopausa, Vampate e Sudorazione | No Additivi | No OGM | Vegan | Vegavero®",Vegavero,24.99,24.99,EUR,3.75,0.0,4.19,6.53
VV-VITA-404,B0FLQNDFG9,FR,Sauge Vegavero® | Dosage Élevé : 6250 mg (extrait 10:1) | Pour 4 Mois | Unique : Standardisé en Acide Rosmarinique | Sans Additifs & Vegan,Vegavero,23.9,23.9,EUR,3.59,0.0,4.63,6.53
VV-VITA-404,B0FLQNDFG9,DE,Vegavero Salbei Kapseln - 625 mg Salbei Extrakt pro Einheit - 10:1 Extrakt mit 16 mg Rosmarinsäure - 120 vegane Kapseln gegen Schwitzen - ohne Zusatzstoffe und laborgeprüft in Deutschland,Vegavero,18.9,18.9,EUR,2.84,0.0,2.82,6.53
VV-VITA-198-V,B0FLQM46GH,IE,"Vegavero Bromelain 650 mg | High Strength - 2500 GDU/g | Gastro-Resistant DrCaps | NO Additives, Lab-Tested | Pure Pineapple Enzyme | 240 Capsules | Vegan",Vegavero,37.89,37.89,EUR,5.68,0.0,1.71,13.1
VV-VITA-198-V,B0FLQM46GH,ES,Bromelina Vegavero | ALTA DOSIS 2500 GDU | Enzimas Digestivas Potentes de Extracto de Piña | 240 Cápsulas Gastrorresistentes | 100% Vegano & Sin Aditivos,Vegavero,23.9,23.9,EUR,3.59,0.0,3.8,13.1
VV-VITA-198-V,B0FLQM46GH,IT,Vegavero BROMELINA Forte Drenante | 1.300 mg (5.000 F.I.P./g) | con Capsule Gastroresistenti Drcaps | Enzima digestivo dell’Ananas | Integratore Diuretico | 240 Capsule | Vegan,Vegavero,33.99,33.99,EUR,5.1,0.0,4.61,13.1
VV-VITA-198-V,B0FLQM46GH,FR,Bromelaine Pure 1300 mg Vegavero® | 240 Gélules | Dosage Élevé : 2500 GDU/g | SANS ADDITIFS | Enzymes Digestives | Digestion difficile | Gélules gastro-résistantes DRcaps® | VEGAN,Vegavero,37.9,37.9,EUR,5.69,0.0,5.15,13.1
VV-VITA-198-V,B0FLQM46GH,DE,Bromelain hochdosiert | bis zu 1300 mg am Tag | 240 Kapseln | magensaftres. DRCaps | Laborgeprüft | Eaus Ananas | Vegan - Ohne Zusatzstoffe | Dt. Produktion Vegavero,Vegavero,31.9,31.9,EUR,4.79,0.0,3.18,13.1
VV-VITA-198-V,B0FLQM46GH,GB,"Vegavero Bromelain 650 mg | High Strength - 2500 GDU/g | Gastro-Resistant DrCaps | NO Additives, Lab-Tested | Pure Pineapple Enzyme | 240 Capsules | Vegan",Vegavero,35.95,35.95,GBP,5.39,0.0,3.05,13.1
VV-VITA-370-V,B0FLQRB13X,IE,"Vegavero Magnesium Bisglycinate 2000 mg | 365 Capsules | Max Absoption & Bioavailability | Relaxation, Muscle Health, Stress & Energy Support Supplement | Vegan",Vegavero,32.99,32.99,EUR,4.95,0.0,1.71,9.1
VV-VITA-370-V,B0FLQRB13X,NL,Vegavero Magnesium Bisglycinaat 400 mg | 365 Capsules,Vegavero,25.99,25.99,EUR,3.9,0.0,3.56,9.1
VV-VITA-370-V,B0FLQRB13X,ES,"Vegavero Bisglicinato de Magnesio | 400 mg de Magnesio Elemental por Dosis Diaria | 365 Cápsulas | Alta Absorción | Magnesio Quelado | Sistema Nervioso, Músculos y Energía | Sin Aditivos & Vegano",Vegavero,28.9,28.9,EUR,4.34,0.0,3.8,9.1
VV-VITA-370-V,B0FLQRB13X,IT,Magnesio Bisglicinato | 365 capsule | 400 mg di Magnesium Puro Elementare | Altamente Biodisponibile | Contro Stanchezza e Affaticamento | Certificato in Laboratorio | Vegavero,Vegavero,32.99,32.99,EUR,4.95,0.0,4.61,9.1
VV-VITA-370-V,B0FLQRB13X,FR,Magnesium Bisglycinate 300 mg | 365 Gélules | Dosage Elevé + Haute Biodisponibilité | Anti Fatigue + Stress + Sommeil | Vegan & Sans Additifs | Vegavero®,Vegavero,30.9,30.9,EUR,4.64,0.0,5.15,9.1
VV-VITA-370-V,B0FLQRB13X,DE,"Vegavero Magnesium Bisglycinat 365 Kapseln, 400 mg elementar pro Tagesdosis, chelatiert, ohne Zusatzstoffe, laborgeprüft, vegan, gegen Müdigkeit und Ermüdung",Vegavero,29.9,29.9,EUR,4.49,0.0,3.18,9.1
VV-VITA-370-V,B0FLQRB13X,GB,"Vegavero Magnesium Bisglycinate 2000 mg | 365 Capsules | Max Absoption & Bioavailability | Relaxation, Muscle Health, Stress & Energy Support Supplement | Vegan",Vegavero,29.99,29.99,GBP,4.5,0.0,,9.1
VV-VITA-398,B0FGQLPVB1,IE,"Vegavero Multivitamin Gummies for Kids | 100% Vegan | Children's Immune System Support | With Vitamin C, Zinc, Vitamin D3, B12 & More | Wild Berry Flavour | 60 Gums",Vegavero,15.99,15.99,EUR,2.4,0.0,1.53,3.35
VV-VITA-398,B0FGQLPVB1,ES,"Multivitaminas y Minerales para Niños | 60 Gominolas Sin Azúcar | Sistema Inmune, Desarrollo Cognitivo y Crecimiento | Con Vitamina C, B, D, Zinc, Colina + | Vegano y Sin Aditivos | Vegavero®",Vegavero,14.9,14.9,EUR,2.24,0.0,3.51,3.35
VV-VITA-398,B0FGQLPVB1,IT,"Gummies Multivitaminiche per Bambini | 17 Nutrienti: Vitamine C, D, B, Zinco, Selenio, Iodio... | Per Sistema Immunitario + Stanchezza | Senza Zucchero | Gusto Ciliegia | Vegavero®",Vegavero,19.99,19.99,EUR,3.0,0.0,3.97,3.35
VV-VITA-398,B0FGQLPVB1,FR,"Gummies Enfant Multivitamines | Sans Sucre | 17 Nutriments : Vitamines C, D, B, Zinc, Sélénium, Iode… | Immunité + Fatigue | Goût Cerise | Vegavero®",Vegavero,21.9,21.9,EUR,3.29,0.0,5.15,3.35
VV-VITA-398,B0FGQLPVB1,DE,"Vegavero Multivitamin Gummies für Kinder | Zuckerfrei & Vegan | Multivitamin Gummies mit Omega 3, Vitamine für Kinder |Für das Immunsystem mit Vitamin C, D3, B12, Zink & mehr",Vegavero,13.9,13.9,EUR,2.09,0.0,3.03,3.35
VV-VITA-398,B0FGQLPVB1,GB,"Vegavero Multivitamin Gummies for Kids | 100% Vegan | Children's Immune System Support | with Vitamin C, Zinc, Vitamin D3, B12 & More | Wild Berry Flavour | 60 Gums",Vegavero,13.99,13.99,GBP,2.1,0.0,2.74,3.35
VV-VITA-225-V,B0FDBDVZVL,IE,Vegavero Himalayan Shilajit Resin 1300 mg | 60% Fulvic Acid + Humic Acids | 60:1 Himalyan Extract | NO Additives | 6 Month Supply | 180 Capsules | Vegan,Vegavero,33.99,33.99,EUR,5.1,0.0,1.71,16.11
VV-VITA-225-V,B0FDBDVZVL,ES,Shilajit Puro | 1.300 - DOSIS MÁS ALTA | 180 Cápsulas | 60% Ácido Fúlvico y 12% ácidos húmicos | Mumijo del Himalaya | Sin Aditivos | Vegavero,Vegavero,35.9,35.9,EUR,5.39,0.0,3.8,16.11
VV-VITA-225-V,B0FDBDVZVL,IT,SHILAJIT MUMIJO Puro Vegavero® | 1.300 mg | con 60% Acidi Fulvici e 12% Acidi Umici | Mumio con più di 85 oligoelementi | Medicina Ayurveda e Tibetana | 180 capsule | Vegan,Vegavero,44.99,44.99,EUR,6.75,0.0,4.61,16.11
VV-VITA-225-V,B0FDBDVZVL,FR,Shilajit Pure 78.000 mg Vegavero® | 180 Gélules | Extrait 60:1 | 60% Acides Fulviques + 12% Humiques | Résine de l'Himalaya | Energie + Immunité + Antioxydant | VEGAN & Sans Additifs,Vegavero,42.9,42.9,EUR,6.44,0.0,5.15,16.11
VV-VITA-225-V,B0FDBDVZVL,DE,Vegavero Mumijo Shilajit Kapseln - 60:1 Extrakt - aus dem Himalaya - 60% Fulvinsäuren & 12% Huminsäuren - 1300 mg pro Tag – 180 Himalaya Shilajit Kapseln hochdosiert - Vegan & Laborgeprüft,Vegavero,34.9,34.9,EUR,5.24,0.0,3.18,16.11
VV-VITA-225-V,B0FDBDVZVL,GB,Vegavero Himalayan Shilajit Resin 1300 mg | 60% Fulvic Acid + Humic Acids | 60:1 Himalyan Extract | NO Additives | 6 Month Supply | 180 Capsules | Vegan,Vegavero,39.99,39.99,GBP,6.0,0.0,,16.11
VV-VITA-122-V,B0FDB9KM34,ES,"Complejo Defensas Inmunitarias | 100% NATURAL | 240 Cápsulas | Vitamina C, D3 + Equinácea + Zinc + Selenio + Jengibre | Immu Pro Complex | Sin Additivos y Vegano | Vegavero",Vegavero,33.9,33.9,EUR,5.09,0.0,3.91,8.51
VV-VITA-122-V,B0FDB9KM34,IT,"Difese Immunitarie Adulti | 240 capsule | con Echinacea, Vitamina C, D3, Zinco e Selenio | Senza Additivi e Certificato in Laboratorio | Rinforzo Sistema Immunitario | Vegavero®",Vegavero,29.99,29.99,EUR,4.5,0.0,4.23,8.51
VV-VITA-122-V,B0FDB9KM34,FR,"Complexe IMMUNITÉ | 240 Gélules | Echinacea, Gingembre, Vitamines C et D3, Zinc, Sélénium | DÉFENSE IMMUNITAIRE | Vegan & Sans Additifs | Vegavero®",Vegavero,31.9,31.9,EUR,4.79,0.0,4.79,8.51
VV-VITA-122-V,B0FDB9KM34,DE,"Vegavero Immunsystem Komplex – mit Echinacea, Acerola Vitamin C, Vitamin D3, Ingwer, Zink & Selen – vegane Immunformel ohne Zusatzstoffe – 240 Kapseln hochdosiert",Vegavero,36.9,36.9,EUR,5.54,0.0,3.21,8.51
VV-VITA-363-V,B0FDBCQ9QR,IE,"Vegavero Apple Cider Vinegar with Mother Complex 1950 mg | Chromium Picolinate for Blood Sugar Levels | With Cayenne, Ginger and Ceylon Cinnamon Extracts | 240 Capsules | NO Additives | Vegan",Vegavero,29.99,29.99,EUR,4.5,0.0,1.71,9.68
VV-VITA-363-V,B0FDBCQ9QR,ES,"Vinagre de Sidra de Manzana Con Madre | Alta Dosis: 1950 mg | Con Cayena, Jengibre, Canela y Cromo | Apoyo Metabólico Completo | 240 Cápsulas | Vegano y Sin Aditivos | Vegavero",Vegavero,33.9,33.9,EUR,5.09,0.0,3.8,9.68
VV-VITA-363-V,B0FDBCQ9QR,IT,"Aceto di Sidro di Mele | 1500 mg per dose giornaliera | Con Cannella Ceylon, Zenzero e Cromo | 240 Capsule con Aceto di Mele con Madre | Digestione e Metabolismo | Vegan | No OGM | Vegavero®",Vegavero,31.99,31.99,EUR,4.8,0.0,4.61,9.68
VV-VITA-363-V,B0FDBCQ9QR,FR,"Complexe Vinaigre de Cidre 1950mg | 240 Gélules | Avec Chrome, Cannelle, Gingembre et Piment de Cayenne | Glycémie + Keto | Sans Additifs & Vegan | Vegavero®",Vegavero,30.9,30.9,EUR,4.64,0.0,5.15,9.68
VV-VITA-363-V,B0FDBCQ9QR,DE,Apfelessig Kapseln | 240 Kapseln | 1500 mg | Essig Komplex + Cayennepfeffer + Ingwer | Blutzucker* & Stoffwechsel | Apple Cider Vinegar | Laborgeprüft & Vegan | Vegavero,Vegavero,28.9,28.9,EUR,4.34,0.0,3.18,9.68
VV-VITA-363-V,B0FDBCQ9QR,GB,"Vegavero Apple Cider Vinegar with Mother Complex 1950 mg | Chromium Picolinate for Blood Sugar Levels | with Cayenne, Ginger and Ceylon Cinnamon Extracts | 240 Capsules | NO Additives | Vegan",Vegavero,28.99,28.99,GBP,4.35,0.0,3.05,9.68
VV-VITA-396,B0FDBDWDL2,IE,Vegavero Pure MSM Powder 300 g | Bag | Distilled Organic Sulphur | NO Additives & Non GMO | Lab-Tested | 1000 g Per Day | Vegan,Vegavero,13.99,13.99,EUR,2.1,0.0,1.53,2.74
VV-VITA-396,B0FDBDWDL2,NL,"Vegavero MSM Poeder 300 g | 99,9% Puur",Vegavero,14.99,14.99,EUR,2.25,0.0,3.32,2.74
VV-VITA-396,B0FDBDWDL2,ES,MSM Polvo Vegavero | El Único PURO | 300 g | Sin Aditivos | Antiinflamatorio Natural + Dolor Espalda + Articulaciones & Joint Support | Vegano,Vegavero,12.9,12.9,EUR,1.94,0.0,4.01,2.74
VV-VITA-396,B0FDBDWDL2,IT,"MSM Integratore | Zolfo in polvere puro al 99,9% (300g) | Salute delle Articolazioni, Unghie e Capelli | Senza Additivi | Vegan | Vegavero®",Vegavero,14.99,14.99,EUR,2.25,0.0,5.02,2.74
VV-VITA-396,B0FDBDWDL2,FR,"MSM Vegavero® Poudre | 300g Méthylsulfonylméthane Pur à 99,9% | Sans Additifs & VEGAN | Formation de Collagène | Testé en Laboratoire",Vegavero,15.9,15.9,EUR,2.39,0.0,5.88,2.74
VV-VITA-396,B0FDBDWDL2,DE,Vegavero MSM Pulver hochdosiert 300g – Nachfüllbeutel fein kristallines Methylsulfonylmethan Pulver - reiner organischer Schwefel - ohne Zusatzstoffe - Laborgeprüft & vegan,Vegavero,9.9,9.9,EUR,0.5,0.0,3.03,2.74
VV-VITA-396,B0FDBDWDL2,GB,Vegavero Pure MSM Powder 300 gr | Bag | Distilled Organic Sulphur | NO Additives & Non-GMO | Lab-Tested | 2000 mg Per Day | Vegan,Vegavero,15.99,15.99,GBP,2.4,0.0,3.09,2.74
VV-VITA-397,B0FDB9CKTZ,IE,"Vegavero Reishi Mushroom Extract | 13,000 mg (10:1) Ganoderma Lucidum | 240 Capsules | 40% Polysaccharides & 20% Beta Glucans | NO Additives | Vegan",Vegavero,39.99,39.99,EUR,6.0,0.0,1.71,17.44
VV-VITA-397,B0FDB9CKTZ,ES,Reishi Puro Vegavero | Dosis Más Alta: 13000 mg (10:1) | Con 40% Polisacáridos & 20% Betaglucanos | Ganoderma Lucidum | Sin Aditivos & Vegano | 240 Cápsulas,Vegavero,35.9,35.9,EUR,5.39,0.0,3.8,17.44
VV-VITA-397,B0FDB9CKTZ,IT,REISHI Vegavero® | 27.300 mg (14:1) | con 40% Polisaccaridi + 20% Beta Glucani | Ganoderma Lucidum Puro | Analisi di Laboratorio | 240 capsule | Vegan,Vegavero,39.99,39.99,EUR,6.0,0.0,4.61,17.44
VV-VITA-397,B0FDB9CKTZ,FR,EXTRAIT de Reishi Vegavero® | 240 Gélules | 1950 mg (Extract 14:1) | 40% Polysaccharides + 20% Bêta-glucane | Immunité + Énergie | VEGAN,Vegavero,44.9,44.9,EUR,6.74,0.0,5.15,17.44
VV-VITA-397,B0FDB9CKTZ,DE,Vegavero Reishi Extrakt Kapseln hochdosiert (240 vegane Kapseln) - 1950 mg Ganoderma Lucidum (14:1) - 40% Polysaccharide & 20% Beta-Glucane - Laborgeprüfte Vitalpilze ohne Zusatzstoffe,Vegavero,32.9,32.9,EUR,4.94,0.0,3.18,17.44
VV-VITA-397,B0FDB9CKTZ,GB,"Vegavero Reishi Mushroom Extract | 13,000 mg (10:1) Ganoderma Lucidum | 240 Capsules | 40% Polysaccharides & 20% Beta Glucans | NO Additives | Vegan",Vegavero,39.99,39.99,GBP,6.0,0.0,3.05,17.44
VV-VITA-49-V2,B0FDBB81FJ,ES,"Hierro Suplemento Vegavero | Vegano | Vitamina C, B12 y Ácido Fólico | Anemia + Energía + Cansancio | Iron Bisglicinato | 240 Cápsulas",Vegavero,32.9,32.9,EUR,4.94,0.0,3.8,12.42
VV-VITA-49-V2,B0FDBB81FJ,IT,"Integratore FERRO 30mg | con Vitamina C, Acido Folico, B12, B2, B6 | 240 capsule | Anemia, Mestruazioni, Stanchezza, Difese Immunitarie | Senza Additivi | Vegan | Vegavero®",Vegavero,35.99,35.99,EUR,5.4,0.0,4.61,12.42
VV-VITA-49-V2,B0FDBB81FJ,DE,"Eisen Bisglycinat Vegavero | 30 mg Iron | Mit natürlichem Vitamin C, Folsäure Quatrefolic, Vitamin B12, B6 & B2 | Vegan & Ohne Zusätze | 240 Kapseln",Vegavero,32.9,32.9,EUR,4.94,0.0,3.18,12.42
VV-VITA-49-V2,B0FDBB81FJ,GB,"Vegavero Iron Supplement | NO Additives | Iron Bisglycinate with Vitamin C, B2, B6, B9, B12 | Tiredness and Blood Loss | 240 Capsules | Vegan",Vegavero,32.99,32.99,GBP,4.95,0.0,3.05,12.42
VV-VITA-222-V,B0FDBC9PTH,IE,Vegavero Organic Black Cumin Seed Oil 1000 mg | Cold Pressed | 300 Capsules | Nigella Sativa | High Strength Thymoquinone & Linoleic Acid | NO Additives | Vegan | Added Vitamin E,Vegavero,35.99,35.99,EUR,5.4,0.0,1.71,10.52
VV-VITA-222-V,B0FDBC9PTH,NL,Vegavero BIOLOGISCHE zwarte komijnolie 300 capsules | Geen gelatine | 1000 mg Egyptische zwarte komijnolie BIO | 550 mg linolzuur + 15 mg thymoquinon,Vegavero,36.99,36.99,EUR,5.55,0.0,3.56,10.52
VV-VITA-222-V,B0FDBC9PTH,ES,"Vegavero Aceite de Comino Negro Ecológico | 1000 mg Nigella Sativa | 55% Ácido Linoleico + 22% Ácido Oleico + 0,2% Timoquinona | Con Vitamina E Natural | Prensado en Frío | 300 Cápsulas Veganas",Vegavero,37.9,37.9,EUR,5.69,0.0,3.8,10.52
VV-VITA-222-V,B0FDBC9PTH,IT,"Olio di Cumino Nero BIO | 1000 mg | con Vitamina E | 55% di Acido Linoleico, 22% oleico e 0,2% di timochinone | Nigella Sativa Spremuta a Freddo | 300 capsule | Vegan | Vegavero®",Vegavero,36.99,36.99,EUR,5.55,0.0,4.61,10.52
VV-VITA-222-V,B0FDBC9PTH,FR,Nigelle BIO & VEGAN | 300 Gélules | 1000mg d’Huile de Cumin Noir | Immunité + Peau | Avec Thymoquinone & Acide Linoléique (Oméga 6) | Pressé à Froid | Vegavero®,Vegavero,37.9,37.9,EUR,5.69,0.0,5.15,10.52
VV-VITA-222-V,B0FDBC9PTH,DE,"Vegavero Bio Schwarzkümmelöl Kapseln hochdosiert 300 Stück - 1000 mg kaltgepresstes Nigella sativa Öl mit 55% Linolsäure, 22% Ölsäure & 1,5% Thymoquinon – vegan, ohne Zusatzstoffe & Laborgeprüft",Vegavero,38.9,38.9,EUR,5.84,0.0,3.18,10.52
VV-VITA-222-V,B0FDBC9PTH,GB,Vegavero Organic Black Cumin Seed Oil 1000 mg | Cold Pressed | 300 Capsules | Nigella Sativa | High Strength Thymoquinone & Linoleic Acid | NO Additives | Vegan | Added Vitamin E,Vegavero,35.99,35.99,GBP,5.4,0.0,3.05,10.52
VV-VITA-395,B0F4451PSV,IE,Vegavero Zinc Supplement 90 mg | Bisglycinate Form With High Bioavailability | NO Additives | Vegan | 300 Capsules,Vegavero,21.99,21.99,EUR,3.3,0.0,1.55,6.22
VV-VITA-395,B0F4451PSV,ES,"Zinc Bisglicinato 25 mg | Puro Sin Aditivos | 300 Cápsulas | Para Pelo, Piel, Uñas y Reforzar Sistema Inmunológico | Bisglicinato de Zinc Alta Biodisponibilidad | Testado en Alemania | Vegavero",Vegavero,19.9,19.9,EUR,2.99,0.0,3.28,6.22
VV-VITA-395,B0F4451PSV,IT,"Zinco Integratore | 300 Capsule di Bisglicinato | Alto Dosaggio | Zinc Puro per Pelle, Capelli, Unghie e Sistema Immunitario | No OGM | Vegan | Vegavero®",Vegavero,22.99,22.99,EUR,3.45,0.0,4.19,6.22
VV-VITA-395,B0F4451PSV,FR,Zinc Bisglycinate | 300 Gélules | 100% Pur – Sans Additifs | Haute Absorption + Vegan | Complément Alimentaire Peau (Acné) + Immunité | Vegavero®,Vegavero,23.9,23.9,EUR,3.59,0.0,4.63,6.22
VV-VITA-395,B0F4451PSV,DE,Zink Bisglycinate Kapseln Hochdosiert | 25 mg | Laborgeprüft & Vegan | 300 Kapseln | Vegavero,Vegavero,19.9,19.9,EUR,2.99,0.0,2.82,6.22
VV-VITA-395,B0F4451PSV,GB,Vegavero Zinc Supplement 90 mg | Bisglycinate Form with High Bioavailability | NO Additives | Vegan | 300 Capsules,Vegavero,18.99,18.99,GBP,2.85,0.0,2.71,6.22
VV-VITA-394,B0F446RQXB,IE,Vegavero EAA Amino Acids Powder | All 9 Essential Aminoacids: BCAAs + Leucine | Sugar Free Peach Flavour | 400g Workout Supplement | NO Additives | Vegan,Vegavero,26.99,26.99,EUR,4.05,0.0,2.05,7.07
VV-VITA-394,B0F446RQXB,ES,EAA en Polvo | 400 g – 50 Porciones | 9 Aminoácidos Esenciales | Vegano | Sabor Melocotón,Vegavero,26.9,26.9,EUR,4.04,0.0,4.01,7.07
VV-VITA-394,B0F446RQXB,IT,EAA Aminoacidi Essenziali in Polvere | 400 g | 9 EAA e BCAA 2:1:1 | Vegano e Senza Zuccheri | Intra Pre Post Workout | Gusto Pesca | Vegavero®,Vegavero,25.99,25.99,EUR,3.9,0.0,5.02,7.07
VV-VITA-394,B0F446RQXB,FR,EAA 9 Acides Aminés Poudre | Avec BCAA | Goût Pêche | Biodisponibilité Élevée | Pre Workout Puissant | Testé en Laboratoire & Sans Additifs | Sachet 400g,Vegavero,26.9,26.9,EUR,4.04,0.0,5.88,7.07
VV-VITA-394,B0F446RQXB,DE,EAA Pulver Pfirsich | 400 g Beutel | 50 Tage Vorrat | 2:1:1 | mehr als 12.600 mg der 9 essenziellen Aminosäuren | Vegan | Laborgeprüft | Deutsche Produktion von Vegavero,Vegavero,20.9,20.9,EUR,3.14,0.0,3.19,7.07
VV-VITA-394,B0F446RQXB,GB,Vegavero EAA Amino Acids Powder | All 9 Essential Aminoacids: BCAAs + Leucine | Sugar Free Peach Flavour | 400g Workout Supplement | NO Additives | Vegan,Vegavero,24.99,24.99,GBP,3.75,0.0,,7.07
VV-VITA-392,B0F44795N1,IE,"Vegavero GABA 1,400 mg | High Strength Formula | NO Artificial Additives | Natural Sleep & Relaxation | Vegan | 90 Capsules",Vegavero,16.99,16.99,EUR,2.55,0.0,1.38,4.36
VV-VITA-392,B0F44795N1,ES,"Vegavero GABA 1400 mg | Alta Dosis de GABA 100% Pura | Apoyo Antiestrés, Relajación y Sistema Nervioso | Testado en Laboratorio | 90 Cápsulas | Vegano y Sin Aditivos",Vegavero,16.9,16.9,EUR,2.54,0.0,3.28,4.36
VV-VITA-392,B0F44795N1,IT,"GABA 1400 mg | ALTO DOSAGGIO | Per Stress, Ansia, Insonnia ed Equilibrio Emotivo | Supporta i livelli di Serotonina e Dopamina | Senza Additivi | Vegan | 90 Capsule | Vegavero®",Vegavero,17.99,17.99,EUR,2.7,0.0,3.64,4.36
VV-VITA-392,B0F44795N1,FR,"GABA 1400 mg | Dosage Élevé | 100% Pur, Sans Excipient | Anti stress + Aide Sommeil | 90 Gélules | Vegavero®",Vegavero,18.9,18.9,EUR,2.84,0.0,4.37,4.36
VV-VITA-392,B0F44795N1,DE,Gaba Kapseln | 1.400 mg Gamma Aminobuttersäure | 90 Stück | Laborgeprüft und ohne Zusatzstoffe | Vegan | Deutsche Produktion von Vegavero,Vegavero,15.9,15.9,EUR,2.39,0.0,2.82,4.36
VV-VITA-393,B0F448XPL3,IE,Vegavero BCAA Amino Acids Powder 2:1:1 | 10g BCAAs Per Serving | Sugar Free Mango Flavour | 450g Workout Supplement | NO Additives | Vegan,Vegavero,25.99,25.99,EUR,3.9,0.0,2.05,7.28
VV-VITA-393,B0F448XPL3,NL,Vegavero BCAA Poeder | 400 g – 56 porties | Verhouding 2:1:1 | Vegan | Mangosmaak,Vegavero,20.99,20.99,EUR,3.15,0.0,4.09,7.28
VV-VITA-393,B0F448XPL3,ES,BCAA en Polvo | 450 g – 56 Porciones | Proporción 2:1:1 | Vegano | Sabor Mango,Vegavero,26.9,26.9,EUR,4.04,0.0,4.01,7.28
VV-VITA-393,B0F448XPL3,IT,BCAA in polvere | 2:1:1 | 10 g per porzione | Potente Pre-workout | 450 g | Gusto Mango | Con L-leucina L-isoleucina e L-valina | Senza additivi | Vegan | Vegavero®,Vegavero,25.99,25.99,EUR,3.9,0.0,5.02,7.28
VV-VITA-393,B0F448XPL3,FR,BCAA Poudre | Goût Mangue | Ratio 2:1:1 | 10g par Portion | Pre Workout Puissant | Testé en Laboratoire & Sans Additifs | 450g,Vegavero,26.9,26.9,EUR,4.04,0.0,5.88,7.28
VV-VITA-393,B0F448XPL3,DE,BCAA Pulver 2:1:1 | 500 g Beutel | Vegan & Ohne Zusatzstoffe | Mango Geschmack | Hochdosiert und Laborgeprüft | Deutsche Produktion von Vegavero,Vegavero,20.9,20.9,EUR,3.14,0.0,3.19,7.28
VV-VITA-393,B0F448XPL3,GB,Vegavero BCAA Amino Acids Powder 2:1:1 | 10g BCAAs Per Serving | Sugar Free Mango Flavour | 450g Workout Supplement | NO Additives | Vegan,Vegavero,23.99,23.99,GBP,3.6,0.0,3.09,7.28
VV-VITA-391,B0DXFV5SYV,IE,"Vegavero Quercetin 1000 mg | with Vitamin C, Bromelain and Piperine | 95% Sophora Japonica Extract | Antioxidant, Anti-inflammatory and Immune System | NO Additives | Vegan",Vegavero,23.99,23.99,EUR,3.6,0.0,1.55,7.24
VV-VITA-391,B0DXFV5SYV,NL,Quercetine Bromelaïne Complex hooggedoseerd | 1000 mg dagelijkse dosis | 15:1 extract | met acerola & 35:1 piperine | 120 capsules | in laboratorium getest van Duitse productie door Vegavero®,Vegavero,19.99,19.99,EUR,3.0,0.0,3.28,7.24
VV-VITA-391,B0DXFV5SYV,ES,"Quercetina 1000 mg | Reforzado con Vitamina C, Bromelina y Piperina | 95% Extracto de Sophora Japonica | Antioxidante, Antiinflamatorio y Sistema Inmunitario | Vegano y Sin Aditivos | Vegavero",Vegavero,23.9,23.9,EUR,3.59,0.0,3.57,7.24
VV-VITA-391,B0DXFV5SYV,IT,"Quercetina Complex | 1000mg | Sophora Japonica | Con Bromelina, Vitamina C e Pepe Nero | Integratore di Flavonoidi | Alto Dosaggio | Vegan | Senza Additivi | Vegavero®",Vegavero,26.99,26.99,EUR,4.05,0.0,4.19,7.24
VV-VITA-391,B0DXFV5SYV,FR,Quercetine Complex 1000 mg | Avec Bromeline + Vitamine C | Allergie + Immunité | Sans Additifs & Vegan | Haute Biodisponibilité | 120 Gélules | Vegavero®,Vegavero,24.9,24.9,EUR,3.74,0.0,4.63,7.24
VV-VITA-391,B0DXFV5SYV,DE,Vegavero Quercetin Komplex hochdosiert 1000 mg - mit Bromelain & Vitamin C - hohe Bioverfügbarkeit dank Piperin - vegan & ohne Zusatzstoffe - 120 Kapseln,Vegavero,20.9,20.9,EUR,3.14,0.0,3.17,7.24
VV-VITA-391,B0DXFV5SYV,GB,"Vegavero Quercetin 1000 mg | with Vitamin C, Bromelain and Piperine | 95% Sophora Japonica Extract | Antioxidant, Anti-inflammatory and Immune System | NO Additives | Vegan",Vegavero,21.99,21.99,GBP,3.3,0.0,2.95,7.24
VV-VITA-390,B0DXFV7GSR,IE,"Vegavero L Citrulline Malate 2:1 | 10,000 mg Daily Dose | 100% Pure | NO Additives | Unflavoured | Lab-Tested | Vegan | 500 g Pre Workout Powder",Vegavero,22.99,22.99,EUR,3.45,0.0,2.05,10.32
VV-VITA-390,B0DXFV7GSR,ES,L-Citrulina Malato en Polvo | 6800 mg Dosis Diaria | Materia Prima AMINOFERMENT 2:1 | Probado en Laboratorio Alemán | 500 g de Polvo Para Hasta 3 Meses | Vegano y Sin Aditivos | Vegavero,Vegavero,26.9,26.9,EUR,4.04,0.0,4.01,10.32
VV-VITA-390,B0DXFV7GSR,IT,L-Citrullina Malato 2:1 in Polvere | Aminoacido Pre Workout | Performance Sportiva e Massa Muscolare | 500g | Alto Dosaggio | 5g per dose giornaliera | Vegan | Senza Additivi | No OGM | Vegavero®,Vegavero,26.99,26.99,EUR,4.05,0.0,5.02,10.32
VV-VITA-390,B0DXFV7GSR,FR,L-Citrulline Malate 2:1 | 500g Poudre | 100% Pure & Sans Additif | Pre Workout Vegan & Endurance | Vegavero®,Vegavero,26.9,26.9,EUR,4.04,0.0,5.88,10.32
VV-VITA-390,B0DXFV7GSR,DE,L-Citrullin Malat Pulver 500g | 3400 mg Citrullin | 2:1 Markenrohstoff AMINOFERMENT| Pre-Workout | Aus Fermentation | Laborgeprüft | Vegan - Ohne Zusatzstoffe | Dt. Produktion von Vegavero,Vegavero,19.9,19.9,EUR,2.99,0.0,3.19,10.32
VV-VITA-390,B0DXFV7GSR,GB,"Vegavero L Citrulline Malate 2:1 | 10,000 mg Daily Dose | 100% Pure | NO Additives | Unflavoured | Lab-Tested | Vegan | 500 g Pre Workout Powder",Vegavero,18.99,18.99,GBP,2.85,0.0,3.09,10.32
VV-VITA-385,B0DQDSMTPW,IE,Vegavero Organic Evening Primrose Oil | 2100 mg High Dose | Cold-Pressed | 120 Capsules | Omega-6 & 11% GLA | NO Additives | Lab-Tested | Vegan,Vegavero,21.99,21.99,EUR,3.3,0.0,1.55,6.27
VV-VITA-385,B0DQDSMTPW,ES,Evening Primrose Oil 11% GLA | 2100 mg Dosis Diaria | Aceite de Onagra | Prensado en Frío | Acné + Eczema + Menopausia | Sin Aditivos y Vegano | Vegavero,Vegavero,20.9,20.9,EUR,3.14,0.0,3.57,6.27
VV-VITA-385,B0DQDSMTPW,IT,"Olio di Enotera Vegano | 2100 mg | Con 11% GLA | Spremuto a Freddo | Per Sindrome Premestruale, Menopausa, Salute della Pelle ed Antinfiammatorio | Senza Additivi | No OGM | Vegavero®",Vegavero,21.99,21.99,EUR,3.3,0.0,4.19,6.27
VV-VITA-385,B0DQDSMTPW,FR,Huile Onagre 2100 mg | UNIQUE: Le Seul Vegan | Omega 6: 11% GLA | Pressé à Froid | 100% Naturel | Peau + Équilibre Hormonal | 120 Gélules | Vegavero®,Vegavero,22.9,22.9,EUR,3.44,0.0,4.63,6.27
VV-VITA-385,B0DQDSMTPW,DE,Nachtkerzenöl Kapseln hochdosiert | Ohne Gelatine oder Zusatzstoffe | 2100 mg Tagesdosis | 11% GLA (Omega 6) | Laborgeprüft | 120 Stück | Deutsche Produktion Vegavero,Vegavero,16.9,16.9,EUR,2.54,0.0,2.82,6.27
VV-VITA-387,B0DQDQ98QN,IE,"Vegavero Youth Biotics | 5 Billion CFU & Vollagen | With Hyaluronic Acid, Resveratrol & Coenzyme Q10 | 60 Capsules | Gut-Skin Axis & Collagen Support | NO Additives",Vegavero,29.99,29.99,EUR,4.5,0.0,1.55,11.01
VV-VITA-387,B0DQDQ98QN,NL,"Youth Biotics Kapseln | Veganer Anti-Aging Komplex | Mit Vollagen®, Hyaluronsäure & Bakterienstämmen | Magensaftresistent | 60 Stück | Deutsche Produktion von Vegavero®",Vegavero,25.99,25.99,EUR,3.9,0.0,3.66,11.01
VV-VITA-387,B0DQDQ98QN,ES,Probióticos para Piel | Colágeno Vegano + Ácido Hialurónico | Bifidobacterium longum | Piel + Cabello + Antiedad | Materia Premium: Vollagen | Sin Aditivos | Vegavero,Vegavero,32.9,32.9,EUR,4.94,0.0,3.91,11.01
VV-VITA-387,B0DQDQ98QN,IT,"Youth Biotics | Probiotici + Anti Age | Microbiota Intestinale Equilibrato & Salute della Pelle | Con Vitamina C, Vitamina E, Coenzima Q-10 e Aminoacidi | Vegan | No OGM | No Additivi | Vegavero",Vegavero,31.99,31.99,EUR,4.8,0.0,4.23,11.01
VV-VITA-387,B0DQDQ98QN,FR,"Complément Peau avec Probiotiques | Acide Hyaluronique, Collagène, Q10 | Anti Age + Antioxydant | Vegan & Sans Additifs | Vegavero®",Vegavero,29.9,29.9,EUR,4.49,0.0,4.79,11.01
VV-VITA-387,B0DQDQ98QN,DE,"Youth Biotics Kapseln | Veganer Anti-Aging Komplex | Mit Vollagen, Hyaluronsäure & Bakterienstämmen | Magensaftresistent | 60 Stück | Deutsche Produktion von Vegavero",Vegavero,25.9,25.9,EUR,3.89,0.0,3.21,11.01
VV-VITA-387,B0DQDQ98QN,GB,"Vegavero Youth Biotics | 5 Billion CFU & Vollagen | with Hyaluronic Acid, Resveratrol & Coenzyme Q10 | 60 Capsules | Gut-Skin Axis & Collagen Support | NO Additives",Vegavero,28.99,28.99,GBP,4.35,0.0,,11.01
VV-VITA-388,B0DQDRRFPF,IE,"Vegavero Pure Glycine Powder 300 g | 3000 mg Daily Dose | NO Additives, Lab-Tested | Supports Recovery, Muscle & Collagen Synthesis | with Measuring Spoon | Vegan",Vegavero,12.9,12.9,EUR,1.94,0.0,1.2,1.67
VV-VITA-388,B0DQDRRFPF,ES,Vegavero Glicina Polvo | 300 g de L-Glicina | Pura y Sin Aditivos | Con Cuchara Medidora | Vegano & Testado en Laboratorio,Vegavero,12.9,12.9,EUR,1.94,0.0,3.05,1.67
VV-VITA-388,B0DQDRRFPF,IT,GLICINA Vegavero® | 300 g in Polvere | 100% L-Glicina Pura | Senza Additivi | Integratore per Dormire Meglio e per Articolazioni | con Misurino | Vegan,Vegavero,14.99,14.99,EUR,2.25,0.0,3.4,1.67
VV-VITA-388,B0DQDRRFPF,FR,"Glycine Poudre Vegavero® | 100% Pure, Sans Additifs et Vegan | Analysé en Laboratoire | 300 g | Synthèse du Collagène & Aide au Sommeil | Avec Cuillère à Mesurer",Vegavero,14.9,14.9,EUR,2.24,0.0,4.02,1.67
VV-VITA-388,B0DQDRRFPF,DE,Vegavero Glycin Pulver 300g mit Messlöffel – 100% Aminosäure hochdosiert - reines Glycine Pulver ohne Zusatzstoffe - fein löslich - Laborgeprüft & vegan,Vegavero,10.9,10.9,EUR,1.64,0.0,2.43,1.67
VV-VITA-388,B0DQDRRFPF,GB,"Vegavero Pure Glycine Powder 300 g | 3000 mg Daily Dose | NO Additives, Lab-Tested | Recovery, Muscle & Collagen Synthesis | with Measuring Spoon | Vegan",Vegavero,15.99,15.99,GBP,2.4,0.0,2.46,1.67
VV-VITA-389,B0DQDQCSRT,NL,"Serenoa Repens 900 mg | 180 capsules (3 maanden) | Saw Palmetto, wilgenroosje, brandnetel en pompoen | Prostaat supplement voor mannen | Vegavero®",Vegavero,18.99,18.99,EUR,2.85,0.0,3.32,9.81
VV-VITA-389,B0DQDQCSRT,ES,"Apoyo Próstata Vegavero | Saw Palmetto 900 mg | Extracto 20:1 | 180 Cápsulas | Con Ortiga Verde, Sauzgatillo, Calabaza | Salud Vías Urinarias | Vegano",Vegavero,26.9,26.9,EUR,4.04,0.0,3.8,9.81
VV-VITA-389,B0DQDQCSRT,IT,"Serenoa Repens 900 mg | 180 capsule (3 Mesi) | Saw Palmetto, Epilobio, Ortica e Zucca | Integratore Uomo | Prodotto e Testato in Germania | Altamente Dosato | Vegavero®",Vegavero,25.99,25.99,EUR,3.9,0.0,4.61,9.81
VV-VITA-389,B0DQDQCSRT,FR,"Vegavero Prosta-X, 900 mg d'Extrait de Saw Palmetto 20:1 avec 405 mg d'Acides Gras, Courge et Ortie, 180 Gélules soit 3 Mois, Sans Additifs, Analysé en Laboratoire & Vegan",Vegavero,28.9,28.9,EUR,4.34,0.0,5.15,9.81
VV-VITA-386,B0DQDTVZNW,IE,Vegavero Probiotics For Women | 35 Billion CFU & Inulin | With Cranberry Extract and Vitamins | 60 Capsules | Natural Female Flora | NO Additives,Vegavero,29.99,29.99,EUR,4.5,0.0,1.55,9.2
VV-VITA-386,B0DQDTVZNW,ES,"PROBIÓTICOS MUJER | Flora Íntima y Defensa Natural | 6 Cepas + Vitaminas C, B3, B7 y B9 | 60 cápsulas | Vegano y Sin Aditivos | Femme Biotics Vegavero",Vegavero,32.9,32.9,EUR,4.94,0.0,3.91,9.2
VV-VITA-386,B0DQDTVZNW,IT,"Probiotici Donna | 35 Miliardi UFC/giorno da 6 Ceppi Batterici | con Mirtillo Rosso, Vitamine, Lattobacilli e Bifidobatteri | per Flora Intima e Vie Urinarie | 60 capsule | Vegan | Vegavero",Vegavero,27.99,27.99,EUR,4.2,0.0,4.23,9.2
VV-VITA-386,B0DQDTVZNW,FR,Probiotique Flore Intime | 6 Souches dont Bifidobacterium et Lactobacillus | Avec Cranberry + Acide Folique | 60 Gélules | Vegan & Sans Additifs | Vegavero®,Vegavero,28.9,28.9,EUR,4.34,0.0,4.79,9.2
VV-VITA-386,B0DQDTVZNW,DE,"Femme Biotics | Intimflora Komplex mit Vitaminen, Cranberry Extrakt & Inulin | 60 Kapseln | 6 Milchsäure- und Bifidobakterienstämme | Vegan, ohne Zusätze | Dt. Produktion Vegavero",Vegavero,21.9,21.9,EUR,3.29,0.0,3.21,9.2
VV-VITA-386,B0DQDTVZNW,GB,Vegavero Probiotics for Women | 35 Billion CFU & Inulin | with Cranberry Extract and Vitamins | 60 Capsules | Natural Female Flora | NO Additives,Vegavero,26.99,26.99,GBP,4.05,0.0,,9.2
VV-VITA-384,B0DK9L5MWL,GB,Vegavero Beta Alanine 3000 mg | Premium Vegan Pre Workout Powder | 166 Servings – 500 G | 100% Pure Beta-Alanine | NO Additives,Vegavero,13.99,13.99,GBP,2.1,0.0,2.69,3.65
VV-VITA-383,B0DK9KCD8Y,IE,Vegavero Vitamin K2 200 µg | With 444 mg Calcium | NO Additives | Bone Health Supplement | Vegan | 180 Tablets,Vegavero,19.99,19.99,EUR,3.0,0.0,,5.12
VV-VITA-383,B0DK9KCD8Y,NL,Vegavero Vitamine K2 (MK-7 100% ALL-TRANS) + Calcium | Versterkte Formule: 200 mcg K2 + 162 mg Calcium | VOOR 6 MAANDEN | Volledig Pure Trans Menaquinon-7 Vorm | Zonder Additieven en Vegan,Vegavero,18.99,18.99,EUR,2.85,0.0,3.28,5.12
VV-VITA-383,B0DK9KCD8Y,ES,Vitamina K2 (MK-7 100% ALL-TRANS) + Calcio | Fórmula Reforzada: 200 mcg K2 + 162 mg Calcio | PARA 6 MESES | Forma Totalmente Pura Trans Menaquinona-7 | Sin Aditivos y Vegano | Vegavero,Vegavero,18.9,18.9,EUR,2.84,0.0,3.28,5.12
VV-VITA-383,B0DK9KCD8Y,IT,Vitamina K2 MK7 200 µg | Alto Dosaggio | All-Trans MK-7 | 100% Vegan | Per sostenere le ossa e la coagulazione | Senza Additivi | No OGM | Vegavero®,Vegavero,19.99,19.99,EUR,3.0,0.0,3.64,5.12
VV-VITA-383,B0DK9KCD8Y,FR,Vitamine K2 MK7 All-trans + Calcium | Dosage Elevé : 200 mcg Vit K2 | Le Seul Sans Additif | Coagulant Sang + Anti Inflammatoire | Vegavero®,Vegavero,21.9,21.9,EUR,3.29,0.0,4.79,5.12
VV-VITA-383,B0DK9KCD8Y,DE,Vitamin K2 Tabletten Hochdosiert | 200 μg MK-7 | Deutsche Produktion | Ohne Zusatzstoffe | 180 Stück | 100% Vegan & Laborgeprüft | Vegavero,Vegavero,17.9,17.9,EUR,2.69,0.0,2.82,5.12
VV-VITA-383,B0DK9KCD8Y,GB,Vegavero Vitamin K2 200 µg | with 444 mg Calcium | NO Additives | Bone Health Supplement | Vegan | 180 Tablets,Vegavero,14.99,14.99,GBP,2.25,0.0,2.69,5.12
VV-VITA-381,B0DGGWX7WN,IE,Vegavero Myo-Inositol Powder 4000 mg | Inositol PCOS Supplement Powder | NO Additives | Up To 100 Days Supply | Vegan,Vegavero,17.99,17.99,EUR,2.7,0.0,1.53,3.59
VV-VITA-381,B0DGGWX7WN,BE,Vegavero Poudre de myo-inositol 4000 mg | Supplément inositol PCOS | Sans additifs | Jusqu'à 100 jours d'approvisionnement | Végétalien,Vegavero,19.99,19.99,EUR,3.0,0.0,3.0,3.59
VV-VITA-381,B0DGGWX7WN,NL,"Vegavero Myo-Inositol Poeder 100% Puur | 4000 mg | PCOS, Polycysteus Ovarium Syndroom (POS), Menstruatiepijn en Hormonale Balans | VOOR 100 DAGEN | Met Doseringlepel | Vegan, Zonder Additieven",Vegavero,19.99,19.99,EUR,3.0,0.0,3.32,3.59
VV-VITA-381,B0DGGWX7WN,ES,"Myo Inositol Polvo 100% Puro | 4000 mg | PCOS Ovarios Poliquísticos (SOP), Dolor Menstrual y Hormone Balance | PARA 100 DÍAS | Con Cuchara Dosificadora | Vegano, Sin Aditivos, No GMO | Vegavero",Vegavero,19.9,19.9,EUR,2.99,0.0,3.51,3.59
VV-VITA-381,B0DGGWX7WN,IT,Myo Inositolo in Polvere 4.000 mg | 50 dosi | PCOS e Ovaio Policistico | Certificato in Laboratorio e Senza Additivi | Vegan | Misurino Incluso | Vegavero®,Vegavero,18.99,18.99,EUR,2.85,0.0,3.97,3.59
VV-VITA-381,B0DGGWX7WN,FR,Myo Inositol 4000mg Vegavero® | Poudre 100% Pure | SOPK + Reequilibrage Hormonal Femme | Testé en Laboratoire | 200g par Boite | Vegan & Sans Additifs,Vegavero,19.9,19.9,EUR,2.99,0.0,4.78,3.59
VV-VITA-381,B0DGGWX7WN,DE,"Vegavero Myo-Inositol Pulver rein, 4000 mg pro Tagesdosis, 200 g recycelbare Dose mit Dosierlöffel, 50 Portionen, geschmacksneutral, ohne Zusätze, vegan, hergestellt & laborgeprüft in Deutschland",Vegavero,15.9,15.9,EUR,2.39,0.0,3.03,3.59
VV-VITA-381,B0DGGWX7WN,GB,Vegavero Myo-Inositol Powder 4000 mg | Inositol PCOS Supplement Powder | NO Additives | Up to 100 Days Supply | Vegan,Vegavero,18.99,18.99,GBP,2.85,0.0,2.74,3.59
VV-VITA-382,B0DGGVW1NH,IE,Vegavero L Taurine Powder 1kg | 3000 mg Daily Dose | 1 Year Supply | 100% Pure Taurine | NO Additives | Lab-Tested | Vegan,Vegavero,16.99,16.99,EUR,2.55,0.0,2.36,5.08
VV-VITA-382,B0DGGVW1NH,NL,"Vegavero L-Taurine Poeder 1000 mg | Pre-Workout Supplement | Kracht, Uithoudingsvermogen en Prestatie | 100% Puur, Vegan, GMO-vrij | Lange Houdbaarheid (1-3 jaar)",Vegavero,21.99,21.99,EUR,3.3,0.0,4.57,5.08
VV-VITA-382,B0DGGVW1NH,ES,"L-Taurina en Polvo 1000 mg | Suplemento Pre-Entrenamiento | Fuerza, Resistencia y Rendimiento | 100% Puro, Vegano, No-OMG | Larga duración (1-3 años) | Vegavero",Vegavero,21.9,21.9,EUR,3.29,0.0,4.27,5.08
VV-VITA-382,B0DGGVW1NH,IT,Taurina in Polvere | 1 Kg | 3000 mg per Dose Giornaliera | Integratori Sport Pre e Post Workout | Energizzante Altamente Dosato | Vegan | Senza Additivi | Vegavero®,Vegavero,20.99,20.99,EUR,3.15,0.0,5.19,5.08
VV-VITA-382,B0DGGVW1NH,FR,Taurine Poudre 1kg | 100% Pure | Solubilité Optimale & Testée en Laboratoire | Fatigue Musculaire + Performance | Vegan & Sans Additifs | Vegavero®,Vegavero,20.9,20.9,EUR,3.14,0.0,5.96,5.08
VV-VITA-382,B0DGGVW1NH,DE,100% Reines Taurin Pulver | 3000 mg | 1kg mit Messlöffel | Vegan & Ohne Zusatzstoffe | Bis zu 3 Jahre Vorrat | Deutsche Produktion von Vegavero,Vegavero,18.9,18.9,EUR,2.84,0.0,3.2,5.08
VV-VITA-382,B0DGGVW1NH,GB,Vegavero L Taurine Powder 1kg | 3000 mg Daily Dose | 1 Year Supply | 100% Pure Taurine | NO Additives | Lab-Tested | Vegan,Vegavero,16.99,16.99,GBP,2.55,0.0,3.1,5.08
VV-VITA-379,B0DFCRNY8W,IE,"Vegavero Vegan Glucosamine Plus | with Chondroitin, MSM and Boswellia Serrata | NO Additives, Lab-Tested | Natural Joint Pain Relief | 120 Capsules",Vegavero,17.99,17.99,EUR,2.7,0.0,1.38,4.87
VV-VITA-379,B0DFCRNY8W,NL,"Vegavero Glucosamine, MSM en Boswellia | Voor Gewrichten, Kraakbeen en Collageen | 120 Capsules | Ontstekingsremmend | HOGE CONCENTRATIE | 100% Vegan en Zonder Additieven",Vegavero,19.99,19.99,EUR,3.0,0.0,3.28,4.87
VV-VITA-379,B0DFCRNY8W,ES,"Glucosamina, Condroitina, MSM y Boswellia | Para Articulaciones, Cartílago y Colágeno | 120 Cápsulas | Antiinflamatorio | ALTA CONCENTRACIÓN | 100% Vegano y Sin Aditivos | Vegavero",Vegavero,18.9,18.9,EUR,2.84,0.0,3.28,4.87
VV-VITA-379,B0DFCRNY8W,IT,Glucosamina Condroitina Complex Vegan | con MSM e Boswellia | Integratore per Articolazioni e Cartilagine | 1.000 mg di Glucosamine Solfato | Cruelty Free e Certificato in Laboratorio | Vegavero®,Vegavero,20.99,20.99,EUR,3.15,0.0,4.19,4.87
VV-VITA-379,B0DFCRNY8W,FR,"Glucosamine 1000 mg | Avec Chondroïtine Vegan, MSM, Boswellia | Unique : Le Seul Végétalien | Douleurs Articulaires | 120 Gélules | Sans Additifs | Vegavero®",Vegavero,17.9,17.9,EUR,2.69,0.0,4.37,4.87
VV-VITA-379,B0DFCRNY8W,DE,Glucosamin Chondroitin hochdosiert & Vegan | 1000 mg Glucosamin | Mit MSM | Laborgeprüft & Vegan | Ohne Zusatzstoffe | Deutsche Produktion von Vegavero,Vegavero,17.9,17.9,EUR,2.69,0.0,2.82,4.87
VV-VITA-379,B0DFCRNY8W,GB,"Vegavero Vegan Glucosamine Plus | with Chondroitin, MSM and Boswellia Serrata | NO Additives, Lab-Tested | Natural Joint Pain Relief | 120 Capsules",Vegavero,17.99,17.99,GBP,2.7,0.0,,4.87
VV-VITA-377,B0DFCQLLSY,IE,Vegavero Vegan Choline Bitartrate Capsules 1400 mg | 120 Capsules | Liver Supplements | Pregnancy Supplements | NO Additives,Vegavero,14.99,14.99,EUR,2.25,0.0,,4.05
VV-VITA-377,B0DFCQLLSY,BE,Bitartrate de choline | 700 mg par capsule | Pour fonction hépatique et cognitive normale | Dosage élevé | Vegan | Sans additifs | Sans OGM | Vegavero®,Vegavero,24.99,24.99,EUR,3.75,0.0,3.44,4.05
VV-VITA-377,B0DFCQLLSY,NL,Vegavero Choline Bitartraat | 1400 mg per Dag | Leverreiniging | Zonder Additieven & Vegan | 120 Capsules,Vegavero,14.99,14.99,EUR,2.25,0.0,3.28,4.05
VV-VITA-377,B0DFCQLLSY,ES,Bitartrato de Colina | 1400 mg al Día | Depuración Hepática| Sin Aditivos & Vegano | 120 Cápsulas | Vegavero,Vegavero,15.9,15.9,EUR,2.39,0.0,3.46,4.05
VV-VITA-377,B0DFCQLLSY,IT,Colina Bitartrato | 700mg per Capsula | Per la Normale Funzione Epatica e Cognitiva | Alto Dosaggio | Vegan | Senza Additivi | No OGM | Vegavero®,Vegavero,19.99,19.99,EUR,3.0,0.0,3.82,4.05
VV-VITA-377,B0DFCQLLSY,FR,Choline Bitartrate 1400 mg | Biodisponibilité Élevée | Detox Foie | 120 Gélules | Vegan & Sans Additifs | Vegavero®,Vegavero,16.9,16.9,EUR,2.54,0.0,4.55,4.05
VV-VITA-377,B0DFCQLLSY,DE,Cholin Bitartrat Kapseln | Hochdosiert: 1400 mg Cholin-Bitartrat pro Tag | 4 Monate Vorrat | Deutsche Produktion | Laborgeprüft | Ohne Zusätze | 120 Stück | Vegan von Vegavero,Vegavero,15.9,15.9,EUR,2.39,0.0,3.0,4.05
VV-VITA-377,B0DFCQLLSY,GB,Vegavero Vegan Choline Bitartrate Capsules 1400 mg | 120 Capsules | Liver Supplements | Pregnancy Supplements | NO Additives,Vegavero,14.99,14.99,GBP,2.25,0.0,2.71,4.05
VV-VITA-376,B0DFCR6LPY,IE,"Griffonia 5-HTP High Dosage | 1,000 mg | For Stress, Anxiety, Mood and Sleep | Vegan | No Additives | 90 Capsules | Vegavero",Vegavero,15.23,15.23,EUR,2.28,0.0,1.38,4.84
VV-VITA-376,B0DFCR6LPY,NL,Vegavero 5-HTP 200 mg capsules | Griffonia Simplicifolia zaadextract | Uit Afrika | Veganistisch | Getest in laboratorium | Zonder toevoegingen | Duitse productie door,Vegavero,17.99,17.99,EUR,2.7,0.0,3.28,4.84
VV-VITA-376,B0DFCR6LPY,ES,"5HTP Griffonia 200 mg | Equivalente a 3000 mg | Dosis Más Alta | Griffonia Simplicifolia | Para Estrés, Sueño y Animo | Vegano | SIN ADITIVOS | Vegavero",Vegavero,17.9,17.9,EUR,2.69,0.0,3.28,4.84
VV-VITA-376,B0DFCR6LPY,IT,"Griffonia 5-HTP Alto Dosaggio | 1.000 mg | Per Stress, Ansia, Umore e Sonno | Vegan | Senza Additivi | 90 Capsule | Vegavero®",Vegavero,18.99,18.99,EUR,2.85,0.0,3.64,4.84
VV-VITA-376,B0DFCR6LPY,FR,"Vegavero Griffonia 500 mg d'Extrait Titré à 20% de 5-HTP, 90 Gélules, Sans Additifs, Analysé en Laboratoire & Vegan",Vegavero,17.9,17.9,EUR,2.69,0.0,4.37,4.84
VV-VITA-376,B0DFCR6LPY,DE,5-HTP 200 mg Kapseln | Griffonia Simplicifolia Samenextrakt | Aus Afrika | Vegan | Laborgeprüft | Ohne Zusatzstoffe | Deutsche Produktion von Vegavero,Vegavero,15.9,15.9,EUR,2.39,0.0,2.82,4.84
VV-VITA-376,B0DFCR6LPY,GB,"Vegavero Griffonia 5 HTP Supplement 1000 mg | 90 Capsules | Natural Grifonia Extract | NO Additives, Lab-Tested | Vegan",Vegavero,14.99,14.99,GBP,2.25,0.0,2.69,4.84
VV-VITA-378,B0DFCRYTBC,IE,"Vegavero Brewer's Yeast 2500 mg | 100% Pure | Natural Source of B-Vitamins, Amino Acids, Minerals | Highly Dosed | NO Additives, Lab Tested | Vegan",Vegavero,11.99,11.99,EUR,1.8,0.0,1.38,3.81
VV-VITA-378,B0DFCRYTBC,ES,"Levadura de Cerveza 100% PURA ACTIVA | Con Vitamina B | 2500mg | Fortalece Piel, Uñas y Cabello | Mejor Digestión y Salud Intestinal | Analizado en Laboratorio | Vegano y Sin Aditivos | Vegavero®",Vegavero,15.9,15.9,EUR,2.39,0.0,3.28,3.81
VV-VITA-378,B0DFCRYTBC,IT,"Lievito di Birra | 2500 mg | Integratore per Capelli, Unghie e Pelle | Fonte di Biotina, Zinco e Selenio | 120 Capsule | Senza Additivi | Vegan | No OGM | Vegavero®",Vegavero,16.99,16.99,EUR,2.55,0.0,3.64,3.81
VV-VITA-378,B0DFCRYTBC,FR,Levure de Bière Active | Dosage Élevé: 2500 mg | Cure Cheveux + Ongles + Peau | 120 Gélules | 100% Pure & Sans Additifs | Vegan | Vegavero®,Vegavero,16.9,16.9,EUR,2.54,0.0,4.37,3.81
VV-VITA-378,B0DFCRYTBC,DE,"Bierhefe Brewers Yeast 2500 mg | Mit Biotin für gesunde Haut, Haare und Nägel | 100% natürlich ohne Zusatzstoffe| Laborgeprüft | Deutsche Produktion | 120 hochdosierte Kapseln | Vegan | Vegavero",Vegavero,12.9,12.9,EUR,1.94,0.0,2.82,3.81
VV-VITA-378,B0DFCRYTBC,GB,"Vegavero Brewer's Yeast 2500 mg | 100% Pure | Natural Source of B-Vitamins, Amino Acids, Minerals | Highly Dosed | NO Additives, Lab Tested | Vegan",Vegavero,14.99,14.99,GBP,2.25,0.0,2.69,3.81
VV-VITA-380,B0DFCRTV9C,IE,Vegavero Party Hero | Natural Hangover Supplement | 60 TABLETS | Electrolyte and Vitamin REBOUND | Choline Bitartrate Liver Protection* | Vegan,Vegavero,13.99,13.99,EUR,2.1,0.0,1.55,2.87
VV-VITA-380,B0DFCRTV9C,NL,"Vegavero Post-kater | Verlicht de symptomen | Vermindert migraine en misselijkheid | Met elektrolyten, vitamines, plantenextracten en mineralen | 60 tabletten | Veganistisch",Vegavero,17.99,17.99,EUR,2.7,0.0,3.28,2.87
VV-VITA-380,B0DFCRTV9C,ES,"Party Hero | 60 comprimidos | Remedio Anti Resaca con Electrolitos y Protección Hepática | Magnesio, Sodio, Zinc, Vitaminas B y C | 100% Vegano, Sin Aditivos, No-OMG | Vegavero",Vegavero,15.9,15.9,EUR,2.39,0.0,3.28,2.87
VV-VITA-380,B0DFCRTV9C,IT,"Post Sbornia | Allevia i Postumi | Riduce Emicrania e Nausea | Con Elettroliti, Vitamine, Estratti Vegetali e Minerali | 60 Compresse | Vegan | Vegavero®",Vegavero,18.99,18.99,EUR,2.85,0.0,3.64,2.87
VV-VITA-380,B0DFCRTV9C,FR,"Party Hero | Réhydratation + Détox Foie | Electrolyte, Vitamine B et C, Extraits de Plantes & Zinc | 60 Comprimés | Vegan & Sans Additifs | Vegavero®",Vegavero,16.9,16.9,EUR,2.54,0.0,4.37,2.87
VV-VITA-380,B0DFCRTV9C,DE,"Party Hero Hangover Kit | 60 Tabletten | 14 natürliche Inhaltsstoffe | Elektrolyte, Vitamine, Cholin und Kudzu | Vegan | Vegavero",Vegavero,13.9,13.9,EUR,2.09,0.0,2.82,2.87
VV-VITA-380,B0DFCRTV9C,GB,Vegavero Party Hero | Natural Recovery Supplement | 60 Tablets | Electrolyte and Vitamin Rebound | Choline Bitartrate Liver Protection* | Vegan,Vegavero,13.99,13.99,GBP,2.1,0.0,2.69,2.87
VV-VITA-375,B0D92M1BPN,IE,Vegavero Calcium Tablets 1645 mg Magnesium 1251 mg | With Zinc Bisglycinate and Red Clover Extract | Bone Health Supplements | NO Additives | 180 Capsules | Vegan,Vegavero,15.99,15.99,EUR,2.4,0.0,1.38,4.81
VV-VITA-375,B0D92M1BPN,NL,"Vegavero Calcium, Magnesium en Zink | 800 mg Calcium Dagelijkse Dosering | Voor Sterke Botten en Menopauze | 180 Capsules | Met Rode Klaver | Zonder Additieven & Vegan",Vegavero,19.99,19.99,EUR,3.0,0.0,3.28,4.81
VV-VITA-375,B0D92M1BPN,ES,"Calcio, Magnesio y Zinc | 800 mg de Calcium Dosis Diaria | Para Fortalecer Huesos y Menopausia| 180 Cápsulas | Con Trébol Rojo | Sin Aditivos & Vegano | Vegavero",Vegavero,18.9,18.9,EUR,2.84,0.0,3.28,4.81
VV-VITA-375,B0D92M1BPN,IT,"Calcio, Magnesio e Zinco | Per Ossa, Dolori Articolari, Stanchezza e Sistema Immunitario | Con Trifoglio Rosso | Vegan | Senza Additivi | No OGM | Vegavero®",Vegavero,21.99,21.99,EUR,3.3,0.0,4.23,4.81
VV-VITA-375,B0D92M1BPN,FR,Strong Bones | Calcium Magnesium Zinc | RENFORCEMENT DES OS | Avec Trèfle Rouge | Sans Additifs Artificiels & Vegan | 180 Comprimés | Vegavero®,Vegavero,18.9,18.9,EUR,2.84,0.0,4.37,4.81
VV-VITA-375,B0D92M1BPN,DE,Strong Bones | 800 mg Calcium hochdosiert + 400 mg Magnesium pro Tag | Laborgeprüft & Vegan | 180 Tabletten | Ohne Zusatzstoffe | Deutsche Produktion von Vegavero®,Vegavero,16.9,16.9,EUR,2.54,0.0,2.82,4.81
VV-VITA-375,B0D92M1BPN,GB,Vegavero Calcium Tablets 1645 mg Magnesium 1251 mg | with Zinc Bisglycinate and Red Clover Extract | Bone Health Supplements | NO Additives | 180 Capsules | Vegan,Vegavero,15.99,15.99,GBP,2.4,0.0,2.69,4.81
VV-VITA-374,B0D92MFDPB,IE,Vegavero Organic Psyllium Husk 400g | 5000 mg per dose | Pure Natural Soluble Fiber Supplement | NO Additives | Lab Tested | Vegan,Vegavero,19.99,19.99,EUR,3.0,0.0,2.36,5.36
VV-VITA-374,B0D92MFDPB,BE,Tegument Psyllium Blond BIO | 99% de Pureté | Riche en Fibre | Qualité Supérieure : Psillium Husk Naturel & Vegan | Digestion + Aide Transit | Sachet 400g | Vegavero®,Vegavero,25.99,25.99,EUR,3.9,0.0,4.7,5.36
VV-VITA-374,B0D92MFDPB,ES,"Cáscara de Psyllium Ecológico | 400 g | 99.9% Pureza + 90% Pura Fibra | Para 3 meses | Digestión, Tracto Intestinal y Efecto Saciante | Vegano y Sin Aditivos | Vegavero",Vegavero,18.9,18.9,EUR,2.84,0.0,4.54,5.36
VV-VITA-374,B0D92MFDPB,IT,Bucce di Psillio BIO | Polvere Pura al 99% | Psyllium Husk Biologico | Fibre Naturali Prebiotiche per Salute dell’Intestino | Analizzato in Laboratorio e Senza Additivi | Vegavero,Vegavero,20.99,20.99,EUR,3.15,0.0,5.46,5.36
VV-VITA-374,B0D92MFDPB,FR,Tegument Psyllium Blond BIO | 99% de Pureté | Riche en Fibre | Qualité Supérieure : Psillium Husk Naturel & Vegan | Digestion + Aide Transit | Sachet 400g | Vegavero®,Vegavero,22.9,22.9,EUR,3.44,0.0,6.23,5.36
VV-VITA-374,B0D92MFDPB,DE,Bio Flohsamenschalen | Natürliche Ballaststoffe | Psyllium Husk | Laborgeprüft & Vegan | 400g | Ohne Füll- und Zusatzstoffe | Deutsche Produktion von Vegavero®,Vegavero,19.9,19.9,EUR,2.99,0.0,3.47,5.36
VV-VITA-374,B0D92MFDPB,GB,Vegavero Organic Psyllium Husk 400g | 5000 mg per dose | Pure Natural Soluble Fiber Supplement | NO Additives | Lab Tested | Vegan,Vegavero,19.99,19.99,GBP,3.0,0.0,3.1,5.36
VV-VITA-368,B0D63B2G5N,IE,Vegavero L-Glutamine Powder 5000 mg | Post Workout and Muscle Building | 100% Pure - NO Additives | Lab Tested | 500g L Glutamine Vegan,Vegavero,17.95,17.95,EUR,2.69,0.0,,5.35
VV-VITA-368,B0D63B2G5N,NL,Vegavero L-GLUTAMINE poeder 500 g | van fermentatie | Hoge dosering | Laboratorium getest | L-Glutamine voor spierregeneratie | 100 porties | Veganistisch,Vegavero,18.99,18.99,EUR,2.85,0.0,3.28,5.35
VV-VITA-368,B0D63B2G5N,ES,L Glutamina en Polvo | 500 g 100% PURA | Materia Premium: AMINOFERMENT | Recuperador muscular + Resistencia | 100 Porciones | Sin Sabor & Sin Aditivos | Vegano | Vegavero,Vegavero,20.9,20.9,EUR,3.14,0.0,3.91,5.35
VV-VITA-368,B0D63B2G5N,IT,Glutammina in Polvere | 100% Pura e Naturale | Gusto Neutro | 5.000 mg - Alto Dosaggio | Vegan e Senza Additivi | Integratore Sport per Recupero Muscolare | con Misurino | Vegavero®,Vegavero,19.99,19.99,EUR,3.0,0.0,3.64,5.35
VV-VITA-368,B0D63B2G5N,FR,L Glutamine Poudre 5000 mg | 100% Pur et Naturel | Matière Première de Marque : AMINOFERMENT® | Récupération Musculaire – Post Workout | Testé en Laboratoire | Vegavero®,Vegavero,22.9,22.9,EUR,3.44,0.0,4.79,5.35
VV-VITA-368,B0D63B2G5N,DE,L-Glutamin Pulver 500 g | Vegan | Aus Fermentation | Hochdosiert | Laborgeprüft | L-Glutamine für Muskelregenaration | 100 Portionen | Deutsche Produktion von Vegavero,Vegavero,17.9,17.9,EUR,2.69,0.0,2.82,5.35
VV-VITA-368,B0D63B2G5N,GB,Vegavero L-Glutamine Powder 5000 mg | Post Workout and Muscle Building | 100% Pure - NO Additives | Lab Tested | 500g L Glutamine Vegan,Vegavero,17.95,17.95,GBP,2.69,0.0,2.69,5.35
VV-VITA-371,B0D63B5WBM,IE,Vegavero Nattokinase 2000 FU – 100 mg | 180 Capsules | 100% Natural from Fermented Soya Bean Extract | Enzyme from Japanese Natto | NO Additives | Vegan,Vegavero,17.99,17.99,EUR,2.7,0.0,1.38,4.76
VV-VITA-371,B0D63B5WBM,BE,Nattokinase | 100 mg – 20 000 FU/g | Natto de soja sans OGM | Hautement dosé | Sans additifs artificiels et testé en laboratoire | Vegan | Vegavero®,Vegavero,23.99,23.99,EUR,3.6,0.0,3.58,4.76
VV-VITA-371,B0D63B5WBM,NL,Vegavero NATTOKINASE capsules | 20.000 FU/g | Gemaakt van natto – gefermenteerde sojabonen | 180 capsules | Laboratorium getest | Veganistisch - zonder toevoegingen,Vegavero,17.99,17.99,EUR,2.7,0.0,3.28,4.76
VV-VITA-371,B0D63B5WBM,ES,Nattokinase 20.000 FU/g | 100 mg | Para 6 meses | Sin Aditivos y Vegano | 180 Cápsulas | Vegavero,Vegavero,19.9,19.9,EUR,2.99,0.0,3.28,4.76
VV-VITA-371,B0D63B5WBM,IT,Nattokinase | 100 mg – 20.000 FU/g | Natto da Soia No OGM | Altamente Dosato | Senza Additivi Artificiali e Testato in Laboratorio | Vegan | Vegavero®,Vegavero,19.99,19.99,EUR,3.0,0.0,3.64,4.76
VV-VITA-371,B0D63B5WBM,FR,Nattokinase 100mg | Haute Activité Enzymatique : 20.000 FU/g | 6 Mois d’Approvisionnement | Sans OGM & Vegan | Testé en Laboratoire | Vegavero®,Vegavero,19.9,19.9,EUR,2.99,0.0,4.37,4.76
VV-VITA-371,B0D63B5WBM,DE,Nattokinase Kapseln hochdosiert | 20.000 FU/g | Aus Natto – fermentierte Sojabohnen | 180 Stück | Laborgeprüft | Vegan - ohne Zusatzstoffe | Deutsche Produktion Vegavero,Vegavero,15.9,15.9,EUR,2.39,0.0,2.82,4.76
VV-VITA-371,B0D63B5WBM,GB,Vegavero Nattokinase 2000 FU – 100 mg | 180 Capsules | 100% Natural from Fermented SOYA Bean Extract | Enzyme from Japanese Natto | NO Additives | Vegan,Vegavero,17.99,17.99,GBP,2.7,0.0,2.69,4.76
VV-VITA-370,B0D637HBP1,IE,"Vegavero Magnesium Bisglycinate 2000 mg | Max Absoption & Bioavailability | Relaxation, Muscle Health, Stress & Energy Support Supplement | 180 Capsules | Vegan",Vegavero,17.9,17.9,EUR,2.69,0.0,,5.01
VV-VITA-370,B0D637HBP1,BE,Vegavero Magnesium Bisglycinate 300 mg | 180 Gélules,Vegavero,18.9,18.9,EUR,2.84,0.0,2.68,5.01
VV-VITA-370,B0D637HBP1,NL,Vegavero Magnesium Bisglycinaat Capsules 400 mg,Vegavero,20.99,20.99,EUR,3.15,0.0,3.52,5.01
VV-VITA-370,B0D637HBP1,ES,"Vegavero Bisglicinato de Magnesio | 400 mg de Magnesio Elemental por Dosis Diaria | 180 Cápsulas | Alta Absorción | Magnesio Quelado | Sistema Nervioso, Músculos y Energía | Sin Aditivos & Vegano",Vegavero,19.9,19.9,EUR,2.99,0.0,3.28,5.01
VV-VITA-370,B0D637HBP1,IT,Magnesio Bisglicinato | 400 mg di Magnesium Puro Elementare | Forma Chelata Biodisponibile | Contro Stanchezza e Affaticamento | Certificato in Laboratorio | Vegavero,Vegavero,19.99,19.99,EUR,3.0,0.0,3.64,5.01
VV-VITA-370,B0D637HBP1,FR,"Vegavero Magnésium Bisglycinate 300 mg, 1500 mg de Bisglycinate par Dose Journalière, 180 Gélules, Haute Biodisponibilité, Sans Additifs, Vegan & Analysé en Laboratoire",Vegavero,18.9,18.9,EUR,2.84,0.0,4.37,5.01
VV-VITA-370,B0D637HBP1,DE,"Vegavero Magnesium Bisglycinat Kapseln, 400 mg elementar pro Tagesdosis, chelatiert, ohne Zusatzstoffe, laborgeprüft, vegan, gegen Müdigkeit und Ermüdung",Vegavero,17.9,17.9,EUR,2.69,0.0,2.82,5.01
VV-VITA-370,B0D637HBP1,GB,"Vegavero Magnesium Bisglycinate 2000 mg | Max Absoption & Bioavailability | Relaxation, Muscle Health, Stress & Energy Support Supplement | 180 Capsules | Vegan",Vegavero,18.99,18.99,GBP,2.85,0.0,2.71,5.01
VV-VITA-367,B0D638JD41,IE,"Vegavero Creatine Monohydrate Powder | Pure Unflavoured | 3,4 mg per day - 147 Portions | Performance and Muscle Building | NO Additives | Lab Tested | 500g Vegan Creatin",Vegavero,16.99,16.99,EUR,2.55,0.0,1.38,5.35
VV-VITA-367,B0D638JD41,NL,Vegavero CREATINE monohydraat poeder 500 g | Laboratorium getest | Creatine monohydrate powder | 147 porties | Veganistisch,Vegavero,18.99,18.99,EUR,2.85,0.0,3.28,5.35
VV-VITA-367,B0D638JD41,ES,Creatina Monohidratada en Polvo | 500 g = 147 Porciones | 99.99% Pureza y Micronizada | Con Cuchara Dosificadora | Vegana y Sin Aditivos | Vegavero,Vegavero,23.9,23.9,EUR,3.59,0.0,3.91,5.35
VV-VITA-367,B0D638JD41,IT,"Creatina Monoidrata in Polvere 500g | 100% Pura e ad Alto Dosaggio | Integratore per Allenamento, Sport, Palestra e Pre Workout | Vegan | Testato in Laboratorio | Senza Additivi | Vegavero",Vegavero,19.99,19.99,EUR,3.0,0.0,3.64,5.35
VV-VITA-367,B0D638JD41,FR,Creatine Monohydrate Poudre 500g | 100% Pure & Dosage Elevé | Masse Musculaire + Performance | 147 Portions | Testé en Laboratoire | Vegan & Sans Additifs | Vegavero®,Vegavero,22.9,22.9,EUR,3.44,0.0,4.79,5.35
VV-VITA-367,B0D638JD41,DE,Creatin Monohydrat Pulver 500 g | Vegan | Optimale Löslichkeit | Laborgeprüft | Hochdosiertes Kreatin für Energie und Muskelkraft | 147 Portionen | Deutsche Produktion von Vegavero,Vegavero,17.9,17.9,EUR,2.69,0.0,2.82,5.35
VV-VITA-367,B0D638JD41,GB,"Vegavero Creatine Monohydrate Powder | Pure Unflavoured | 3,4 mg per Day - 147 Portions | Performance and Muscle Building | NO Additives | Lab Tested | 500g Vegan Creatin",Vegavero,14.99,14.99,GBP,2.25,0.0,2.69,5.35
VV-VITA-369,B0D63B1QGN,IE,Vegavero Organic Glucomannan Capsules 4000 mg | With Chromium and Zinc | Weight Loss Supplement* | 95% Glucomanan | NO Additives | Vegan,Vegavero,18.95,18.95,EUR,2.84,0.0,1.55,5.22
VV-VITA-369,B0D63B1QGN,NL,Vegavero BIOLOGISCHE GLUCOMANNAN capsules | 4000 mg dagelijkse dosis | met organisch chroom en organisch zink uit plantenextracten,Vegavero,18.99,18.99,EUR,2.85,0.0,3.28,5.22
VV-VITA-369,B0D63B1QGN,ES,Glucomanano + Zinc + Cromo | Alta Dosis Hasta: 4200 mg | Saciante ALTAMENTE EFICAZ | Acelerador de Metabolismo para Mujer y Hombre | Vegano y Sin Aditivos | Vegavero,Vegavero,17.5,17.5,EUR,2.63,0.0,3.28,5.22
VV-VITA-369,B0D63B1QGN,IT,Glucomannano Forte | 4000 mg | con Cromo e Zinco | Alto Dosaggio | Senza Additivi | No OGM | Vegan | Vegavero®,Vegavero,19.99,19.99,EUR,3.0,0.0,3.64,5.22
VV-VITA-369,B0D63B1QGN,FR,Konjac BIO 4210 mg | Avec 95% Glucomannane + Zinc et Chrome | Dosage Elevé | 90 Gélules | Vegan & Sans Additifs | Vegavero®,Vegavero,19.9,19.9,EUR,2.99,0.0,4.37,5.22
VV-VITA-369,B0D63B1QGN,DE,Bio Glucomannan Kapseln | 4000 mg Tagesdosis | für Gewichtsabnahme* | Mit Chrom und Zink aus Pflanzenextrakten | Deutsche Produktion von Vegavero | Konjakwurzelextrakt | 90 Stück,Vegavero,17.9,17.9,EUR,2.69,0.0,2.82,5.22
VV-VITA-369,B0D63B1QGN,GB,Vegavero Organic Glucomannan Capsules 4000 mg | with Chromium and Zinc | Weight Loss Supplement* | 95% Glucomanan | NO Additives | Vegan,Vegavero,18.95,18.95,GBP,2.84,0.0,2.69,5.22
VV-VITA-372,B0D638MLB2,IE,Vegavero Vitamin D3 7000 IU + 200 µg Vitamin K2 | 2 Year Supply | Made in UK VIT D | NO Additives | Vegan | High Strength Vitamin D3 K2 | 90 Tablets,Vegavero,18.99,18.99,EUR,2.85,0.0,1.38,5.0
VV-VITA-372,B0D638MLB2,NL,Vegavero VITAMINE D3 7000 IE en 200 mcg K2 | VOOR 14 MAANDEN | Hoge Dosering en Biobeschikbaarheid | Zonder Additieven & Vegan,Vegavero,18.99,18.99,EUR,2.85,0.0,3.28,5.0
VV-VITA-372,B0D638MLB2,ES,"Vegavero Vitamina D3 y K2 + Calcio | PARA 20 MESES | Alta Dosis 7000 UI + 200 mcg All-Trans MK-7 | Sistema Inmune, Huesos y Músculos | Testado en Alemania | 90 Comprimidos | Sin Aditivos y Vegano",Vegavero,20.9,20.9,EUR,3.14,0.0,3.91,5.0
VV-VITA-372,B0D638MLB2,DE,Vitamin D3 K2 hochdosiert | 100% Vegan | 7.000 IE D-3 + 200 µg K-2 Depot pro Kapsel | Laborgeprüft & Ohne Konservierungsstoffe | Vegavero,Vegavero,18.9,18.9,EUR,2.84,0.0,2.82,5.0
VV-VITA-372,B0D638MLB2,GB,Vegavero Vitamin D3 7000 IU + 200 µg Vitamin K2 | 2 Year Supply | VIT D from the UK | NO Additives | Vegan | High Strength Vitamin D3 K2 | 90 Tablets,Vegavero,19.99,19.99,GBP,3.0,0.0,2.69,5.0
VV-VITA-365,B0D47DZG2Q,IE,Vegavero Apple Cider Vinegar Gummies | NO Sweeteners or Added Sugars | 91% Fruit | Digestive Gums | Without Gelatine | Vegan | 90 Apple Cider Soft Bites,Vegavero,16.99,16.99,EUR,2.55,0.0,1.53,3.38
VV-VITA-365,B0D47DZG2Q,NL,Vegavero Appelciderazijn Fruitgummies | 90 stuks | Hoog fruitgehalte | Vrij van additieven | Natuurlijk | Appelciderazijngummies | Laboratorium getest & veganistisch,Vegavero,16.99,16.99,EUR,2.55,0.0,3.32,3.38
VV-VITA-365,B0D47DZG2Q,ES,Gominolas Vinagre de Sidra de Manzana | 450mg | Deliciosas SIN AZÚCAR | Metabolismo & Digestión | Keto Apple Cider Vinegar ACV Gummies | 100% Vegano y Sin Aditivos | Vegavero,Vegavero,15.9,15.9,EUR,2.39,0.0,3.51,3.38
VV-VITA-365,B0D47DZG2Q,IT,Apple Cider Vinegar | 90 Gommose di Aceto di Sidro di Mele | Elevato Contenuto di Frutta | Senza Additivi e Dolcificanti | 100% Vegan | Vegavero®,Vegavero,16.99,16.99,EUR,2.55,0.0,3.97,3.38
VV-VITA-365,B0D47DZG2Q,FR,Gummies Vinaigre de Cidre | Sans Sucres Ajoutés & Vegan | Digestion + Glycemie | Vegavero®,Vegavero,17.9,17.9,EUR,2.69,0.0,4.78,3.38
VV-VITA-365,B0D47DZG2Q,DE,Apfelessig Gummibärchen | 90 Stück | Hoher Fruchtanteil | Frei von Zusatzstoffen | Natürlich | Apple Cider Vinegar Gummies | Laborgeprüft & Vegan | Vegavero,Vegavero,14.9,14.9,EUR,2.24,0.0,3.03,3.38
VV-VITA-365,B0D47DZG2Q,GB,Vegavero Apple Cider Vinegar Gummies | NO Sweeteners or Added Sugars | 91% Fruit | Digestive Gums | Without Gelatine | Vegan | 90 Apple Cider Soft Bites,Vegavero,14.99,14.99,GBP,2.25,0.0,2.74,3.38
VV-VITA-366,B0D47FKGDD,IE,Vegavero Iron Gummies for Kids and Adults | 97% Fruit | Immunity & Energy Supplements | NO Sweeteners | NO Added Sugar or Gelatine | Vegan | 90 Gummies,Vegavero,16.99,16.99,EUR,2.55,0.0,1.53,3.42
VV-VITA-366,B0D47FKGDD,ES,Gominolas de Hierro Vegavero | 97% de Fruta y Sin Azúcar | Para Niños y Adultos | Para la Anemia + Energía + Cansancio | 90 Gominolas | 100% Vegano y Sin Aditivos,Vegavero,16.9,16.9,EUR,2.54,0.0,3.51,3.42
VV-VITA-366,B0D47FKGDD,IT,"Integratore Ferro in Gommose | per Bambini e Adulti | 97% di Frutta | Senza Zuccheri Aggiunti, Dolcificanti o Aromi Artificiali | Vegan e Cruelty Free | per Sistema Immunitario | Vegavero®",Vegavero,16.99,16.99,EUR,2.55,0.0,3.97,3.42
VV-VITA-366,B0D47FKGDD,FR,Gummies Fer | Pour Enfant et Adulte | Sans Sucres Ajoutés & Vegan | Avec 97% de Fruits | 94 Gommes Goût Cassis | Anti Fatigue + Immunité | Vegavero®,Vegavero,17.9,17.9,EUR,2.69,0.0,4.78,3.42
VV-VITA-366,B0D47FKGDD,DE,Eisen Gummibärchen | 90 Stück | 97% Fruchtanteil | Für Kinder und Erwachsene | Frei von Zusatzstoffen und Süßungsmitteln | Natürlich | Alternative zu Eisentabletten | Laborgeprüft & Vegan | Vegavero,Vegavero,14.9,14.9,EUR,2.24,0.0,3.03,3.42
VV-VITA-366,B0D47FKGDD,GB,Vegavero Iron Gummies for Kids and Adults | 97% Fruit | Immunity & Energy Supplements | NO Sweeteners | NO Added Sugar or Gelatine | Vegan | 90 Gummies,Vegavero,14.99,14.99,GBP,2.25,0.0,2.74,3.42
VV-VITA-57-V2,B0D26DXLP4,IE,"Vegavero Hyaluronic Acid Supplements | NO Additives, Lab-Tested | High Strength 600mg with 800-1500 kDa | 90 Capsules | Vegan",Vegavero,22.99,22.99,EUR,3.45,0.0,1.55,8.72
VV-VITA-57-V2,B0D26DXLP4,NL,Vegavero HYALURONZUUR capsules | Hoge dosis - 600 mg | 90 capsules voor 3 maanden | 800-1500 kDa hoog molecuulgewicht | Hyaluronzuur | Laboratorium getest | Geen additieven en veganistisch,Vegavero,23.99,23.99,EUR,3.6,0.0,3.66,8.72
VV-VITA-57-V2,B0D26DXLP4,ES,Ácido Hialurónico Puro Vegavero | La Dosis más Alta: 600 mg | Libre de Aditivos & Vegano | 90 Cápsulas | Natural de Fermentación | 800-1500 kDa | Hidratante facial + Articulaciones…,Vegavero,26.9,26.9,EUR,4.04,0.0,3.91,8.72
VV-VITA-57-V2,B0D26DXLP4,IT,Acido Ialuronico Integratore | 600 mg | 800-1500 kDa | VEGAN | 100% NATURALE da fermentazione | 90 capsule | Hyaluronic Acid | Vegavero®,Vegavero,24.99,24.99,EUR,3.75,0.0,4.23,8.72
VV-VITA-57-V2,B0D26DXLP4,FR,Acide Hyaluronique Pur Vegavero® 600 mg | 100% Naturel | 90 Gélules | VEGAN & Sans Additifs Artificiels | Anti-âge et Articulations,Vegavero,25.9,25.9,EUR,3.89,0.0,4.79,8.72
VV-VITA-57-V2,B0D26DXLP4,DE,Hyaluronsäure Kapseln | 600 mg pro Einheit | 90 Stück | 800-1500 kDa Hochmolekular | Hyaluronic Acid | Laborgeprüft | Ohne Zusätze & Vegan,Vegavero,23.9,23.9,EUR,3.59,0.0,3.21,8.72
VV-VITA-57-V2,B0D26DXLP4,GB,"Vegavero Hyaluronic Acid Supplements | NO Additives, Lab-Tested | High Strength 600mg with 800-1500 kDa | 90 Capsules | Vegan",Vegavero,24.99,24.99,GBP,3.75,0.0,2.98,8.72
VV-VITA-364,B0D22ZQTSC,IE,"Vegavero Organic Astaxanthin 8 mg | Natural Antioxidant Supplements | Highly Bioavailable | NO Additives, Lab-Tested | 60 Capsules | Vegan",Vegavero,21.9,21.9,EUR,3.29,0.0,1.55,7.93
VV-VITA-364,B0D22ZQTSC,NL,Vegavero Biologische Astaxanthine 8 mg | 60 Capsules,Vegavero,23.99,23.99,EUR,3.6,0.0,3.66,7.93
VV-VITA-364,B0D22ZQTSC,ES,Astaxantina BIO Vegavero | 8 mg en Aceite Ecológico Puro | Alta Absorción | 60 Cápsulas | Antioxidante y para la Vista | Sin aditivos | Vegano,Vegavero,23.9,23.9,EUR,3.59,0.0,4.09,7.93
VV-VITA-364,B0D22ZQTSC,IT,"Astaxantina Biologica | Antiossidante Estratto da Haematococcus Pluvialis | Difese Immunitarie, Salute della Pella e degli Occhi | Alta Biodisponibilità | Vegan | Senza Additivi | Vegavero®",Vegavero,25.99,25.99,EUR,3.9,0.0,4.41,7.93
VV-VITA-364,B0D22ZQTSC,FR,"Vegavero Astaxanthine BIO, issue de 160 mg d'Haematococcus Pluvialis (8 mg par Gélule), Certifiée Biologique, 100% Naturel, Testé en Laboratoire, Sans Additifs & Vegan",Vegavero,21.9,21.9,EUR,3.29,0.0,4.97,7.93
VV-VITA-364,B0D22ZQTSC,DE,Bio Astaxanthin hochdosiert | Natürlicher Rohstoff aus der EU – schonende CO2-Extraktion | Vegan | Alge + Olivenöl | Laborgeprüft | 60 Kapseln | Deutsche Produktion von Vegavero,Vegavero,22.9,22.9,EUR,3.44,0.0,3.39,7.93
VV-VITA-364,B0D22ZQTSC,GB,"Vegavero Organic Astaxanthin 8 mg | Natural Antioxidant Supplements | Highly Bioavailable | NO Additives, Lab-Tested | 60 Capsules | Vegan",Vegavero,22.99,22.99,GBP,3.45,0.0,2.98,7.93
VV-VITA-362,B0D22ZSZ2H,NL,"Vegavero ECHINACEA complex 500 mg | Vitamine C, Zink, Kurkuma en Reishi | Capsules met acerola, bèta-glucaan en antioxidanten | 120 capsules | Vegan",Vegavero,19.99,19.99,EUR,3.0,0.0,3.28,6.53
VV-VITA-362,B0D22ZSZ2H,ES,Equinácea Complex Vegavero | Vitamina C + Reishi + Cúrcuma + Zinc | Sistema Inmunitario | Vegano & Sin Aditivos | 120 Cápsulas,Vegavero,21.9,21.9,EUR,3.29,0.0,3.57,6.53
VV-VITA-362,B0D22ZSZ2H,IT,"Echinacea Complex | con Vitamina C, Zinco, Reishi e Curcuma | per Sistema Immunitario | Senza Additivi e Certificato in Laboratorio | 120 capsule | Vegan | Vegavero®",Vegavero,21.99,21.99,EUR,3.3,0.0,4.19,6.53
VV-VITA-362,B0D22ZSZ2H,FR,"Complexe Échinacée Immunité | Avec Vitamine C, Reishi, Curcuma et Zinc | Sans Additifs & Vegan | 120 Gélules | Vegavero®",Vegavero,21.9,21.9,EUR,3.29,0.0,4.63,6.53
VV-VITA-362,B0D22ZSZ2H,DE,"Echinacea Komplex 500mg | Vitamin C, Zink, Kurkuma und Reishi | Kapseln mit Acerola, Beta Glucan und Antioxidantien | 120 Stück | Immunsystem stärken* | Vegan | Vegavero",Vegavero,19.9,19.9,EUR,2.99,0.0,2.82,6.53
VV-VITA-363,B0D2322MMQ,IE,"Vegavero Apple Cider Vinegar with Mother Complex 1950 mg | Chromium Picolinate for Blood Sugar Levels | With Cayenne, Ginger and Ceylon Cinnamon Extracts | 120 Capsules | NO Additives | Vegan",Vegavero,18.99,18.99,EUR,2.85,0.0,1.38,5.01
VV-VITA-363,B0D2322MMQ,ES,"Vinagre de Sidra de Manzana Con Madre | Alta Dosis: 1950 mg | Con Cayena, Jengibre, Canela y Cromo | Apoyo Metabólico Completo | 120 Cápsulas | Vegano y Sin Aditivos | Vegavero",Vegavero,20.9,20.9,EUR,3.14,0.0,3.57,5.01
VV-VITA-363,B0D2322MMQ,IT,"Aceto di Sidro di Mele | 1500 mg per dose giornaliera | Con Cannella Ceylon, Zenzero e Cromo | 120 Capsule con Aceto di Mele con Madre | Digestione e Metabolismo | Vegan | No OGM | Vegavero®",Vegavero,18.99,18.99,EUR,2.85,0.0,3.64,5.01
VV-VITA-363,B0D2322MMQ,FR,"Complexe Vinaigre de Cidre 1950mg | Avec Chrome, Cannelle, Gingembre et Piment de Cayenne | Glycémie + Keto | 120 Gélules | Sans Additifs & Vegan | Vegavero®",Vegavero,21.9,21.9,EUR,3.29,0.0,4.63,5.01
VV-VITA-363,B0D2322MMQ,DE,Apfelessig Kapseln | 1500 mg | Essig Komplex + Cayennepfeffer + Ingwer | Blutzucker* & Stoffwechsel | Apple Cider Vinegar | Laborgeprüft & Vegan | Vegavero,Vegavero,16.9,16.9,EUR,2.54,0.0,2.82,5.01
VV-VITA-363,B0D2322MMQ,GB,"Vegavero Apple Cider Vinegar with Mother Complex 1950 mg | Chromium Picolinate for Blood Sugar Levels | with Cayenne, Ginger and Ceylon Cinnamon Extracts | 120 Capsules | NO Additives | Vegan",Vegavero,16.99,16.99,GBP,2.55,0.0,2.71,5.01
VV-VITA-359,B0D22XWFBT,ES,LEVADURA DE ARROZ ROJO | 2.9 mg Monakolina K | Para Tu Colesterol | con Coenzima Q10 | Función Normal del Corazón | Extractos Estandarizados | Vegan y Sin Aditivos | Vegavero,Vegavero,19.9,19.9,EUR,2.99,0.0,3.28,5.78
VV-VITA-359,B0D22XWFBT,IT,"Riso Rosso Fermentato | 2,9 mg di Monacolina K | Con Coenzima Q10, Bergamotto e Carciofo | Salute Cardiovascolare e Controllo dei Lipidi | Vegan | No OGM | Vegavero®",Vegavero,21.99,21.99,EUR,3.3,0.0,4.23,5.78
VV-VITA-359,B0D22XWFBT,FR,"Levure de Riz Rouge | 2,9 mg Monacoline K | Avec Coenzyme Q10, Artichaut et Bergamote | Cholesterol + Santé Cardiovasculaire | 120 Gélules | Sans Additifs & Vegan | Vegavero®",Vegavero,21.9,21.9,EUR,3.29,0.0,4.79,5.78
VV-VITA-359,B0D22XWFBT,DE,"Roter Reis Plus Kapseln Vegavero® | 2,9 mg Monakolin K | Komplex mit Bergamotte + Artischocke + Q10 | Red Yeast Rice | Flavonoide & Antioxidantien | Ohne Zusatzstoffe | Vegan",Vegavero,18.9,18.9,EUR,2.84,0.0,2.82,5.78
VV-VITA-359,B0D22XWFBT,GB,Vegavero Red Rice Capsules | 2.9 mg Monacolin K | Natural Blood Circulation Support | 120 Capsules | Vegan,Vegavero,19.99,19.99,GBP,3.0,0.0,,5.78
VV-VITA-361,B0D2319J4L,IE,"Vegavero Biotin Hair Growth Supplement | 15 Vitamins, Minerals and Plant Extracts | NO Additives | 120 Capsules | Growth and Loss | Vegan",Vegavero,17.99,17.99,EUR,2.7,0.0,1.55,5.44
VV-VITA-361,B0D2319J4L,NL,"Vegavero RAPUNZEL | Haarvitamines met MSM, biotine, zink, L-cysteïne en selenium | KRUIDENKRACHTEXTRACTEN: Gouden gierst, bamboe en meer | Haarcapsules voor vrouwen | 120 capsules | Vegan",Vegavero,17.99,17.99,EUR,2.7,0.0,3.28,5.44
VV-VITA-361,B0D2319J4L,ES,Rapunzel | Biotina Para El Cabello | Zinc + Selenio | 15 Ingredientes Para Crecimiento | Anticaida | 120 Cápsulas | Vegano & Sin Aditivos | Vegavero,Vegavero,20.9,20.9,EUR,3.14,0.0,3.57,5.44
VV-VITA-361,B0D2319J4L,IT,"Integratore per Capelli | Biotina, Zinco, Selenio e Vitamine B | Rinforzante per il Benessere di Chioma e Unghie | Vegan | 120 Capsule | Senza Additivi | No OGM | Vegavero",Vegavero,19.99,19.99,EUR,3.0,0.0,3.64,5.44
VV-VITA-361,B0D2319J4L,FR,"Complexe Cheveux | Fortifiant, Pousse & Anti Chute | Avec Biotine, MSM, Zinc, Selenium | 120 Gélules | Dosage Elevé | Vegan & Sans Additifs | Vegavero®",Vegavero,19.9,19.9,EUR,2.99,0.0,4.37,5.44
VV-VITA-361,B0D2319J4L,DE,"Rapunzel | Haar Vitamine mit MSM, Biotin, Zink, L-Cystein und Selen | Pflanzliche Powerextrakte: Goldhirse, Bambus & mehr | Haarkapseln | 120 Stück | Vegan | Vegavero",Vegavero,16.9,16.9,EUR,2.54,0.0,,5.44
VV-VITA-361,B0D2319J4L,GB,"Vegavero Biotin Hair Growth Supplement | 15 Vitamins, Minerals and Plant Extracts | NO Additives | 120 Capsules | Growth and Loss | Vegan",Vegavero,17.99,17.99,GBP,2.7,0.0,2.71,5.44
VV-VITA-357,B0CS6GFLRM,IE,"Vegavero L Taurine 1000 mg Capsules | With L-Theanine, Turmeric, Black Pepper Extract and Vitamin B3 | NO Additives | Lab-Tested | Vegan",Vegavero,17.99,17.99,EUR,2.7,0.0,1.38,3.91
VV-VITA-357,B0CS6GFLRM,NL,Vegavero Taurine in hoge doseringen | 1000 mg | Met kurkuma & L-theanine uit groene thee-extract | Veganistisch en zonder toevoegingen | 90 capsules,Vegavero,18.99,18.99,EUR,2.85,0.0,3.28,3.91
VV-VITA-357,B0CS6GFLRM,ES,L Taurina Cápsulas | 1000 mg | Energizante + Concentracion | Cúrcuma + Té Verde + Vitamina B3 | Preentreno | Vegano | Vegavero,Vegavero,17.9,17.9,EUR,2.69,0.0,3.28,3.91
VV-VITA-357,B0CS6GFLRM,IT,"Taurina 1000 mg | Integratori Sport Pre e Post Workout | con L-Teanina, Curcuma e Vitamina B3 | Capsule ad Alto Dosaggio | No OGM | Vegan | Vegavero®",Vegavero,18.99,18.99,EUR,2.85,0.0,3.64,3.91
VV-VITA-357,B0CS6GFLRM,FR,L-taurine 1000mg | Avec L-theanine et Curcuma | Anti Age & Fatigue + Performance Sportive | Vegan & Sans Additifs | Vegavero®,Vegavero,17.9,17.9,EUR,2.69,0.0,4.37,3.91
VV-VITA-357,B0CS6GFLRM,DE,Taurin hochdosiert | 1000 mg | Mit Curcuma & L-Theanin aus Grüntee Extrakt | Vegan & Ohne Zusatzstoffe | 90 Kapseln | Deutsche Produktion von Vegavero,Vegavero,18.9,18.9,EUR,2.84,0.0,2.82,3.91
VV-VITA-354,B0CPJFC9BP,IE,"Vegavero Certified Organic Mushroom Complex 1300 mg | NO Additives, Lab-Tested | Standardised Bioactive Polysaccharides, Beta Glucans and Hericenones | 90 Capsules | Vegan",Vegavero,23.99,23.99,EUR,3.6,0.0,1.55,7.66
VV-VITA-354,B0CPJFC9BP,NL,"Vegavero Biologisch Paddenstoelen complex | 1300 mg | 7 ORGANISCHE EXTRACTEN: Reishi, Cordyceps, Shiitake, Chaga, Hericium, Agaricus, Maitake | Bèta-glucanen & polysachariden | Vegan",Vegavero,21.99,21.99,EUR,3.3,0.0,3.66,7.66
VV-VITA-354,B0CPJFC9BP,ES,BIO Mushroom Complex | Extracto Orgánico | Reishi + Lions Mane + Cordyceps + Shiitake | Sistema Imune y Defensas | Sin Additivos | Vegan | Vanatari,Vegavero,24.9,24.9,EUR,3.74,0.0,3.91,7.66
VV-VITA-354,B0CPJFC9BP,IT,"Funghi Medicinali BIO COMPLEX | 1.300 mg di: Reishi, Cordyceps, Hericium, Agaricus, Maitake, Shiitake e Chaga | Estratti altamente dosati | Analizzato in laboratorio | Vegan | Vegavero®",Vegavero,25.99,25.99,EUR,3.9,0.0,4.23,7.66
VV-VITA-354,B0CPJFC9BP,FR,"Complexe 7 Champignons BIO | Avec Extraits Biologiques : Lions mane, Maïtaké, Shiitake, Cordyceps, Reishi, Chaga, Agaricus | 1300 mg | Défense Immunitaire | Vegan & Sans Additifs | Vegavero®",Vegavero,23.9,23.9,EUR,3.59,0.0,4.79,7.66
VV-VITA-354,B0CPJFC9BP,DE,Vegavero Bio Pilz Komplex Hochdosiert - 90 vegane Kapseln - 1300 mg 7 Vitalpilze Extrakte - Reishi Lions Mane Cordyceps Chaga Shiitake Maitake Agaricus - 490 mg Polysaccharide & Beta-Glucane,Vegavero,21.9,21.9,EUR,3.29,0.0,3.21,7.66
VV-VITA-354,B0CPJFC9BP,GB,"Vegavero Certified Organic Mushroom Complex 1300 mg | NO Additives, Lab-Tested | Standardised Bioactive Polysaccharides, Beta Glucans and Hericenones | 90 Capsules | Vegan",Vegavero,23.99,23.99,GBP,3.6,0.0,2.98,7.66
VV-VITA-355,B0CPJG6XL8,IE,"Vegavero L-Glutathione Complex | With Glycin, PureWay-C® Vitamin C Liposomal and MSM | NO Additives | Vegan | 90 Capsules",Vegavero,22.99,22.99,EUR,3.45,0.0,1.55,8.39
VV-VITA-355,B0CPJG6XL8,NL,"Vegavero Glutathione liposomal | 90 capsules | Liposomale glutathion met NAC, glycine, glutamine, vitamine C, selenium, mariadistel & kurkuma-extract | Veganistisch en zonder toevoegingen",Vegavero,22.99,22.99,EUR,3.45,0.0,3.66,8.39
VV-VITA-355,B0CPJG6XL8,ES,Vegavero Glutatión Liposomal PureWay™- G | Antioxidante Potente | NAC + Glicina + MSM + Vitamina C + Magnesio | Regenerador Celular | 90 Cápsulas,Vegavero,25.9,25.9,EUR,3.89,0.0,3.91,8.39
VV-VITA-355,B0CPJG6XL8,IT,"Vegavero Glutatione Liposomiale e Ridotto | Con NAC, Vitamina C, MSM, Glicina e Cardo Mariano | Antiossidante, Disintossicante, Immunostimolante | 90 Capsule | Vegano e Senza Additivi",Vegavero,24.99,24.99,EUR,3.75,0.0,4.23,8.39
VV-VITA-355,B0CPJG6XL8,FR,"Vegavero Glutathion Liposomal Réduit à 98% PureWay-G, 10 Actifs avec NAC, Glycine, Glutamine, Chardon-Marie, Vitamine C, MSM et Curcuma, 90 Gélules, Sans Additifs & Vegan",Vegavero,25.9,25.9,EUR,3.89,0.0,4.79,8.39
VV-VITA-355,B0CPJG6XL8,DE,"Vegavero L-Glutathion Complex 90 Kapseln - liposomales reduziertes L-Glutathion mit NAC, Glycin, L-Glutamin & liposomalem Vitamin C - mit Mariendistel, Curcuma, Selen – Vegan & Laborgeprüft",Vegavero,22.9,22.9,EUR,3.44,0.0,3.21,8.39
VV-VITA-355,B0CPJG6XL8,GB,"Vegavero L-Glutathione Complex | with Glycin, PureWay-C Vitamin C Liposomal and MSM | NO Additives | Vegan | 90 Capsules",Vegavero,22.99,22.99,GBP,3.45,0.0,2.98,8.39
VV-VITA-353,B0CMXQYZ4S,GB,Vegavero L-Tryptophan 220 mg | 120 Capsules (4 Months Supply) | NO Additives | Lab-Tested | Pure Tryptophan Supplement | Vegan,Vegavero,16.99,16.99,GBP,2.55,0.0,2.69,3.05
VV-VITA-351,B0CMV8JRKN,IE,"Vegavero Cordyceps Sinensis ORGANIC 13,000 mg | Mushroom Extract 20:1 | 40% Polysaccharides and 0.5% Adenosin | NO Additives | Lab-Tested | Vegan",Vegavero,22.99,22.99,EUR,3.45,0.0,1.55,5.43
VV-VITA-351,B0CMV8JRKN,NL,Vegavero BIOLOGISCHE Cordyceps sinensis | 650 mg organisch CS-4-extract (12:1) | 30% polysachariden en 30% polyfenolen | Zonder toevoegingen,Vegavero,19.99,19.99,EUR,3.0,0.0,3.28,5.43
VV-VITA-351,B0CMV8JRKN,ES,"Cordyceps Sinensis Ecológico | 13000 mg (20:1) | Extracto Real CS-4 | 40% Polisacáridos + 0,5% Adenosina | 60 Cápsulas para 2 Meses | Energizante y Vigorizante | Sin Aditivos y Vegano | Vegavero",Vegavero,24.9,24.9,EUR,3.74,0.0,3.91,5.43
VV-VITA-351,B0CMV8JRKN,IT,Cordyceps Sinensis BIO | Estratto CS-4 biologico (20:1) | 13.000 mg | con 40% di polisaccaridi | Adattogeno e Antiossidante | Vegan | Vegavero®,Vegavero,21.99,21.99,EUR,3.3,0.0,4.23,5.43
VV-VITA-351,B0CMV8JRKN,FR,Cordyceps Sinensis BIO | Unique : Extrait Biologique (20:1) – 13000 mg de Poudre CS-4 | Adaptogène + Immunité | Sans Additifs & Vegan | Vegavero®,Vegavero,23.9,23.9,EUR,3.59,0.0,4.79,5.43
VV-VITA-351,B0CMV8JRKN,DE,Bio Cordyceps sinensis | 650 mg CS-4 Extrakt (20:1) | 40% Polysaccharide | Ohne Zusätze | Deutsche Produktion von Vegavero | 60 Kapseln,Vegavero,19.9,19.9,EUR,2.99,0.0,2.82,5.43
VV-VITA-351,B0CMV8JRKN,GB,"Vegavero Cordyceps Sinensis Organic 13,000 mg | Mushroom Extract 20:1 | 40% Polysaccharides and 0.5% Adenosin | NO Additives | Lab-Tested | Vegan",Vegavero,19.99,19.99,GBP,3.0,0.0,2.69,5.43
VV-VITA-352,B0CMV9BH8K,IE,Vegavero Vegan Omega 3 + ADEK Vitamins | NO Additives | 60 Capsules | Algae Oil DHA & EPA | Lab-Tested,Vegavero,22.99,22.99,EUR,3.45,0.0,1.55,8.3
VV-VITA-352,B0CMV9BH8K,ES,"Vegavero Omega 3 EPA y DHA | Con Vitaminas A, D3, E y K2 | 100% Natural | Materia Prima de Marca | Vegano",Vegavero,25.9,25.9,EUR,3.89,0.0,3.91,8.3
VV-VITA-352,B0CMV9BH8K,IT,"Omega 3 VEGAN | + Vitamina D3, K2, E, A | DHA + EPA | con olio di alghe Premium Life’s OMEGA Pressato a Freddo | Vitamine ADEK | 60 capsule vegane | Vegavero®",Vegavero,26.99,26.99,EUR,4.05,0.0,4.23,8.3
VV-VITA-352,B0CMV9BH8K,FR,"Omega 3 + Vitamines A, D3, E, K2 | Unique et VEGAN | Avec EPA et DHA | Qualité Premium : life's™ OMEGA | Santé Cardiovasculaire | 60 Gélules | Vegavero®",Vegavero,24.9,24.9,EUR,3.74,0.0,4.79,8.3
VV-VITA-352,B0CMV9BH8K,DE,"Omega 3 + ADEK Kapseln | Vegan | Premium: life's Omega & K2Vital | Veganes EPA, DHA + Vitamin A, D, E, K | 60 Stück | Deutsche Produktion von Vegavero",Vegavero,22.9,22.9,EUR,3.44,0.0,3.21,8.3
VV-VITA-352,B0CMV9BH8K,GB,Vegavero Vegan Omega 3 + ADEK Vitamins | NO Additives | 60 Capsules | Algae Oil DHA & EPA | Lab-Tested,Vegavero,22.99,22.99,GBP,3.45,0.0,,8.3
VV-VITA-349,B0CHWM51XY,IE,Vegavero Organic Fenugreek High Strength 2900 mg | Lactation Supplement | 4:1 Extract and Powder | 120 Capsules | Vegan,Vegavero,16.99,16.99,EUR,2.55,0.0,1.38,4.27
VV-VITA-349,B0CHWM51XY,NL,Vegavero Biologische Fenegriek Geactiveerd | 2.900 mg fenegriekpoeder + organisch EXTRACT per dag | Fenegriek zonder toevoegingen | Veganistisch,Vegavero,18.99,18.99,EUR,2.85,0.0,3.28,4.27
VV-VITA-349,B0CHWM51XY,ES,Fenogreco BIO | Dosis Alta: 2900 mg | para Lactancia Materna | Sin Aditivos | FENUGREEK | 120 Capsulas | Vegavero | Vegano,Vegavero,17.9,17.9,EUR,2.69,0.0,3.28,4.27
VV-VITA-349,B0CHWM51XY,IT,"Fieno Greco BIO | 2.900 mg | Polvere + Estratto (4:1) di Fenugreek Attivato | per Allattamento e Seno | con 1,5% di Saponine | Vegan e Senza Additivi | 120 capsule | Vegavero®",Vegavero,19.99,19.99,EUR,3.0,0.0,3.64,4.27
VV-VITA-349,B0CHWM51XY,FR,"Fenugrec BIO 2900 mg | Extraction en France | 1,5% Saponines | 120 Gélules | Vegan et Sans Additifs | Vegavero®",Vegavero,19.9,19.9,EUR,2.99,0.0,4.37,4.27
VV-VITA-349,B0CHWM51XY,DE,Bio Bockshornklee Aktiviert | 2.900 mg Pulver + organic Extrakt pro Tag | Hochdosiert | Fenugreek Ohne Zusätze | Deutsche Produktion von Vegavero | 120 Kapseln,Vegavero,16.9,16.9,EUR,2.54,0.0,2.82,4.27
VV-VITA-349,B0CHWM51XY,GB,Vegavero Organic Fenugreek High Strength 2900 mg | Lactation Supplement | 4:1 Extract and Powder | 120 Capsules | Vegan,Vegavero,16.99,16.99,GBP,2.55,0.0,2.71,4.27
VV-VITA-346,B0CHSLDL5K,IE,"Vegavero Chromium Picolinate 2100 µg | 250 µg Elemental Chrom plus Magnesium, Vit B12 and Artichoke Extract | Blood Sugar Supplement* | NO Additives, Lab-Tested | 90 Capsules | Vegan",Vegavero,13.9,13.9,EUR,2.09,0.0,1.38,3.18
VV-VITA-346,B0CHSLDL5K,NL,"Vegavero Chroom tabletten | 250 μg Chroompicolinaat | Met magnesium, B12, paardenbloem | Voor bloedsuikerspiegels*",Vegavero,17.99,17.99,EUR,2.7,0.0,3.28,3.18
VV-VITA-346,B0CHSLDL5K,ES,"Vegavero Picolinato de Cromo | 250 mcg Alta Dosis | Con Magnesio Bisglicinato, Vitamina B12 y Extracto de Alcachofa | Control de Azúcar | 90 Cápsulas | Sin Aditivos y Testado en Alemania",Vegavero,14.9,14.9,EUR,2.24,0.0,3.28,3.18
VV-VITA-346,B0CHSLDL5K,IT,"CROMO Picolinato 250 mcg | con Magnesio, Carciofo e Vitamina B12 | per Glicemia e Metabolismo* | Vegan e Senza Additivi | Vegavero®",Vegavero,16.99,16.99,EUR,2.55,0.0,3.64,3.18
VV-VITA-346,B0CHSLDL5K,FR,"CHROME 250 µg | Avec Magnésium, Vitamine B12 et Extrait d'Artichaut | 3 Mois | GLYCEMIE + METABOLISME | Biodisponibilité Elevée | Vegan et Sans Additifs | Vegavero®",Vegavero,16.9,16.9,EUR,2.54,0.0,4.37,3.18
VV-VITA-346,B0CHSLDL5K,DE,"Chrom Kapseln | Hochdosiert: 250 μg Chrom-Picolinat | Mit Magnesium, B12, Arischockenextrakt | Für den Blutzuckerspiegel* | Deutsche Produktion von Vegavero | Ohne Zusatzstoffe | 90 Stück",Vegavero,13.9,13.9,EUR,2.09,0.0,2.82,3.18
VV-VITA-346,B0CHSLDL5K,GB,"Vegavero Chromium Picolinate 2100 µg | 250 µg Elemental Chrom Plus Magnesium, VIT B12 and Artichoke Extract | Blood Sugar Supplement* | NO Additives, Lab-Tested | 90 Capsules | Vegan",Vegavero,13.99,13.99,GBP,2.1,0.0,,3.18
VV-VITA-345,B0C6FHKNM7,NL,"Vegavero SERENITEIT | Ashwagandha, sint-janskruid, saffraan, hericium, L-tryptofaan + B-vitamines | Zonder toevoegingen",Vegavero,24.99,24.99,EUR,3.75,0.0,3.66,8.38
VV-VITA-345,B0C6FHKNM7,ES,Suplemento RELAJANTE | Con Ashwagandha + L-Triptofano + Rhodiola + Hipérico | Para Stress y Concentracion | Vitaminas B | Sin Aditivos | Vegano | Vegavero,Vegavero,24.9,24.9,EUR,3.74,0.0,3.91,8.38
VV-VITA-345,B0C6FHKNM7,IT,"Vegavero Integratore BUON UMORE con Rhodiola, Ashwagandha, Iperico, Triptofano, Zafferano + Vitamine B | contro Stanchezza Fisica e Mentale, Stress e Ansia | Vegan e Senza Additivi | 90 capsule",Vegavero,22.99,22.99,EUR,3.45,0.0,4.23,8.38
VV-VITA-345,B0C6FHKNM7,FR,"Complexe Cortisol Manager | Avec Ashwagandha, Rhodiola, Safran, Vitamine B...| Sérénité + Humeur + Anti stress | 90 Gélules | Sans Additifs & Vegan | Vegavero®",Vegavero,26.9,26.9,EUR,4.04,0.0,4.79,8.38
VV-VITA-345,B0C6FHKNM7,DE,"Serenity - Stimmungsbooster Vegavero | Ashwagandha, Johanniskraut, Safran, Hericium, L-Tryptophan + B Vitamine | Für Nerven & Psyche* | Ohne Zusatzstoffe | Deutsche Produktion | 90 Kapseln",Vegavero,24.9,24.9,EUR,3.74,0.0,3.21,8.38
VV-VITA-345,B0C6FHKNM7,GB,"Vegavero Serenity | Natural Stress, Relaxation & Cognitive Supplement | L-Tryptophan, Ashwagandha, Rhodiola and Lions Mane | NO Additives | 90 Capsules | Vegan",Vegavero,24.99,24.99,GBP,3.75,0.0,2.98,8.38
VV-VITA-341,B0CCJWSS2P,IE,"Vegavero Vitamin B12 Liquid | 50 ml (500 Days Supply) | NO Additives, Lab-Tested | Sublingual Vitamins B12 Methylcobalamin & Adenosylcobalamin | Vegan",Vegavero,17.99,17.99,EUR,2.7,0.0,,5.27
VV-VITA-341,B0CCJWSS2P,NL,Vegavero Vitamine B12 druppels | 50 ml zonder alcohol | Actieve vormen: 80% methyl & 20% adenosylcobalamine | 500 µg B12-vloeistof | Laboratorium getest en zonder bewaarmiddelen,Vegavero,17.99,17.99,EUR,2.7,0.0,2.91,5.27
VV-VITA-341,B0CCJWSS2P,ES,Gotas Vitamina B12 Vegavero | VEGANO | 50 ml | Metilcobalamina & Adenosilcobamalina | Sin Aditivos,Vegavero,16.9,16.9,EUR,2.54,0.0,3.05,5.27
VV-VITA-341,B0CCJWSS2P,IT,Vitamina B12 Gocce | 50 ml | Metilcobalamina & Adenosilcobalamina (4:1) | Integratori Stanchezza e Difese Immunitarie | Vegan | Altamente Dosato e Senza Alcool | No OGM e additivi | Vegavero®,Vegavero,18.99,18.99,EUR,2.85,0.0,3.4,5.27
VV-VITA-341,B0CCJWSS2P,FR,Vitamine B12 Liquide Vegavero® | VEGAN | 50ml - Pour Plus d'1 an | 500 μg | Ratio 4:1 Methylcobalamin et Adenosylcobalamin | Défense Immunitaire | Absorption Elevée et SANS ADDITIFS,Vegavero,19.9,19.9,EUR,2.99,0.0,4.02,5.27
VV-VITA-341,B0CCJWSS2P,DE,Vitamin B12 Tropfen | 50 ml ohne Alkohol | 500 Tage | Aktivformen: 80% Methyl- & 20% Adenosylcobalamin | 500 µg B-12 flüssig | Laborgeprüft & Keine Konservierungsstoffe | Vegavero,Vegavero,15.9,15.9,EUR,2.39,0.0,2.43,5.27
VV-VITA-341,B0CCJWSS2P,GB,"Vegavero Vitamin B12 Liquid | 50 ml (500 Days Supply) | NO Additives, Lab-Tested | Sublingual Vitamins B12 Methylcobalamin & Adenosylcobalamin | Vegan",Vegavero,17.99,17.99,GBP,2.7,0.0,,5.27
VV-VITA-342,B0CCJVV9GF,IE,Vegavero Vitamin D3 K2 Drops | 1 Year Reach| 1000 IU Vitamin D3 (From the UK) & 12.5 μg K2 | NO Additives | Lab-Tested | Vegan,Vegavero,21.99,21.99,EUR,3.3,0.0,1.37,6.62
VV-VITA-342,B0CCJVV9GF,ES,"Vitamina D3 y K2 MK-7 Gotas Vegavero | VEGANO | Para un Año | EirVit, + Vitamin D3V | Sin Aditivos | 1000 UI Dosis Diaria",Vegavero,25.9,25.9,EUR,3.89,0.0,3.65,6.62
VV-VITA-342,B0CCJVV9GF,IT,Vitamina D3 + K2 Gocce | 1000 UI | K2VITAL® All-Trans MK-7 + D3EirVit® | Colecalciferolo & Menachinone | con Olio MCT | Vegan | Alta Biodisponibilità e Alto Dosaggio | Vegavero®,Vegavero,19.99,19.99,EUR,3.0,0.0,3.4,6.62
VV-VITA-342,B0CCJVV9GF,FR,Vitamine D3 K2 Gouttes Vegavero® | Pour 365 Jours | VEGAN | 1000 UI Vit D3 + Vit K2-MK7 | Haute Biodisponibilité et Dosage | Immunité + Santé des Dents et Os,Vegavero,24.9,24.9,EUR,3.74,0.0,4.46,6.62
VV-VITA-342,B0CCJVV9GF,DE,Vegavero Vitamin D3 K2 Tropfen Vegan für 365 Tage - 1.000 Vitamin D3 + 25 µg Vitamin K2 all-trans - Vitamin D3 Tropfen laborgeprüft & ohne Konservierungsstoffe - Vitamin D3 K2 Tropfen mit Pipette,Vegavero,21.9,21.9,EUR,3.29,0.0,2.82,6.62
VV-VITA-342,B0CCJVV9GF,GB,Vegavero Vitamin D3 K2 Drops | 1 Year Reach| 1000 IU Vitamin D3 (from the UK) & 12.5 μg K2 | NO Additives | Lab-Tested | Vegan,Vegavero,19.99,19.99,GBP,3.0,0.0,,6.62
VV-VITA-344,B0CCJ8R191,IE,Vegavero Organic Ashwagandha KSM 66 | 600 mg Root Extract Daily | 180 Capsules | 5% Withanolides | Lab-Tested | NO Additives | Vegan,Vegavero,25.9,25.9,EUR,3.89,0.0,1.55,8.82
VV-VITA-344,B0CCJ8R191,NL,Vegavero BIOLOGISCHE Ashwagandha KSM-66® | 600 mg – 15:1 BIOLOGISCH extract | 100% Biologisch | 30 mg withanoliden | Veganistisch en zonder toevoegingen,Vegavero,24.99,24.99,EUR,3.75,0.0,3.52,8.82
VV-VITA-344,B0CCJ8R191,ES,Vegavero Ashwagandha KSM-66 Ecológica | 600 mg Extracto | Adaptógeno y Relajante | 180 Cápsulas | 30 mg de Withanólidos | Sin Aditivos & Vegano,Vegavero,23.9,23.9,EUR,3.59,0.0,3.57,8.82
VV-VITA-344,B0CCJ8R191,IT,Ashwagandha KSM-66 Pura BIO | 600 mg per dose giornaliera | Alto Dosaggio di Withania Somnifera con 5% di Withanolidi | 180 capsule: 3 Mesi | Vegan e Senza Additivi | Vegavero,Vegavero,25.99,25.99,EUR,3.9,0.0,4.19,8.82
VV-VITA-344,B0CCJ8R191,FR,Ashwagandha KSM-66® BIO | Cortisol Manager | Dosage Elevé : 600 mg | 3 MOIS | Anti Stress + Sommeil | 5% Withanolides | Vegavero®,Vegavero,29.9,29.9,EUR,4.49,0.0,4.63,8.82
VV-VITA-344,B0CCJ8R191,DE,Bio Ashwagandha KSM-66 | 9000 mg aus 15:1 Extrakt (600 mg) | 180 Kapseln | 30 mg Withanolide | Energie & Konzentration* | Vegan & Ohne Zusätze | Deutsche Produktion von Vegavero,Vegavero,24.9,24.9,EUR,3.74,0.0,3.17,8.82
VV-VITA-344,B0CCJ8R191,GB,Vegavero Organic Ashwagandha KSM 66 | 600 mg Root Extract Daily | 180 Capsules | 5% Withanolides | Lab-Tested | NO Additives | Vegan,Vegavero,23.99,23.99,GBP,3.6,0.0,2.95,8.82
VV-VITA-336,B0C948KKRG,IE,"Vegavero Organic Devil’s Claw Capsules | 4,995 mg (3:1 Extract) Daily | 90 Capsules | NO Additives | Natural Joint Support | Harpagophytum with 2,7% Harpagoside | Vegan",Vegavero,19.9,19.9,EUR,2.99,0.0,1.38,5.07
VV-VITA-336,B0C948KKRG,NL,"Vegavero Biologische duivelsklauw capsules | BIOLOGISCH EXTRACT met 2,7% harpagoside | 1.665 mg mg per dagelijkse dosis | Afrikaanse duivelsklauw uit Zuid-Afrika",Vegavero,19.99,19.99,EUR,3.0,0.0,3.28,5.07
VV-VITA-336,B0C948KKRG,ES,Harpagofito BIO | 1665 mg | Articulaciones y Digestion | Garra del Diablo | Joint Supplement | Sin Aditivos | Vegano | Vegavero,Vegavero,19.9,19.9,EUR,2.99,0.0,3.46,5.07
VV-VITA-336,B0C948KKRG,IT,"Artiglio del Diavolo Bio 1665 mg | con 2,7% di Arpagoside | Estratto 3:1 | Per Dolori Articolari e Problemi Gastrointestinali | Qualità Biologica dal Sudafrica | Senza Additivi | Vegan | Vegavero®",Vegavero,19.99,19.99,EUR,3.0,0.0,3.82,5.07
VV-VITA-336,B0C948KKRG,FR,"Harpagophytum BIO | Extra Fort : 4995 mg | 2,7% Harpagosides | ARTICULATION : Douleurs Articulaires + Anti Inflammatoire + Mobilité | SANS ADDITIFS et VEGAN | 90 Gélules",Vegavero,17.9,17.9,EUR,2.69,0.0,4.55,5.07
VV-VITA-336,B0C948KKRG,DE,"Vegavero Bio Teufelskralle Kapseln hochdosiert - mit 1.665 mg Bio Extrakt (3:1) pro Tag - 2,7% Harpagosid – Teufelskralle aus Südafrika - laborgeprüft & vegan - 90 Kapseln ohne Zusätze",Vegavero,19.9,19.9,EUR,2.99,0.0,3.0,5.07
VV-VITA-336,B0C948KKRG,GB,"Vegavero Organic Devil’s Claw Capsules | 4,995 mg (3:1 Extract) Daily | 90 Capsules | NO Additives | Natural Joint Support | Harpagophytum with 2,7% Harpagoside | Vegan",Vegavero,19.99,19.99,GBP,3.0,0.0,2.69,5.07
VV-VITA-339,B0C947V4GH,IE,"Vegavero L-Tyrosine 1200 mg | With Iodine, Selenium & B Vitamins | Brain & Focus Supplement | 180 Capsules | Vegan",Vegavero,19.99,19.99,EUR,3.0,0.0,1.53,6.93
VV-VITA-339,B0C947V4GH,BE,Vegavero L-Tyrosine Plus 1200 mg | 180 Gélules,Vegavero,21.9,21.9,EUR,3.29,0.0,3.73,6.93
VV-VITA-339,B0C947V4GH,NL,"Vegavero L-Tyrosine 1.200 mg | Met jodium, selenium en B-vitamines | Van fermentatie, vegan & zonder toevoegingen | 180 capsules",Vegavero,19.99,19.99,EUR,3.0,0.0,3.32,6.93
VV-VITA-339,B0C947V4GH,ES,"Vegavero L-Tirosina 1200 mg | 180 Cápsulas | Thyroid Support | Con Yodo, selenio y vitaminas B | L-TYROSINE | Para Rendimiento Mental y Concentración | Vegano |",Vegavero,24.9,24.9,EUR,3.74,0.0,3.8,6.93
VV-VITA-339,B0C947V4GH,IT,"L-Tirosina Vegavero® | 1200 mg | con Iodio, Selenio, Vitamina B12, B5, B3, Acido Folico e Biotina | Integratore per Tiroide, Metabolismo e Concentrazione | 180 capsule | Vegan",Vegavero,20.99,20.99,EUR,3.15,0.0,4.61,6.93
VV-VITA-339,B0C947V4GH,FR,"Vegavero L-Tyrosine Plus 1200 mg par Jour, avec Iode, Sélénium, Biotine et 5 Vitamines B, Fonctionnement Normal de la Thyroide*, Testé en Laboratoire, Sans Additifs & Vegan",Vegavero,21.9,21.9,EUR,3.29,0.0,5.15,6.93
VV-VITA-339,B0C947V4GH,DE,"Vegavero L-Tyrosin Plus Kapseln 180 Stück - 1200 mg L-Tyrosin hochdosiert mit Jod, Selen & 5 B-Vitaminen - mit Quatrefolic® Folat - Vegan, ohne Zusatzstoffe - Laborgeprüft",Vegavero,19.9,19.9,EUR,2.99,0.0,3.03,6.93
VV-VITA-339,B0C947V4GH,GB,"Vegavero L-Tyrosine 1200 mg | 180 Capsules | with Iodine, Selenium & B Vitamins | Fermented Free-Form Amino Acid | High Strength Complex | Brain, Energy & Focus Supplement | Vegan",Vegavero,19.9,19.9,GBP,2.99,0.0,,6.93
VV-VITA-338,B0C94548F5,IE,"Vegavero Organic 5,600 mg Turmeric and Black Pepper Capsules High Strength | 162 mg Curcuminoid, 144 mg Curcumin and 10 mg Piperine | NO Additives, Lab-Tested | 120 Capsules",Vegavero,19.99,19.99,EUR,3.0,0.0,1.38,6.0
VV-VITA-338,B0C94548F5,NL,Vegavero Biologische kurkuma capsules | Uniek: BIOLOGISCH Curcuma-EXTRACT – geen poeder | 14.620 mg kurkuma-equivalent per capsule | 158 mg Curcumine | Met piperine | 60 capsules | Vegan,Vegavero,19.99,19.99,EUR,3.0,0.0,3.28,6.0
VV-VITA-338,B0C94548F5,ES,Vegavero Cúrcuma Orgánica con Pimienta Negra | 144 mg de Curcumina Real por Cápsula | Con 162 mg Curcuminoides + Piperina | 1 Cápsula al Día | Producido en Alemania | Sin Aditivos y Vegano,Vegavero,23.9,23.9,EUR,3.59,0.0,3.91,6.0
VV-VITA-338,B0C94548F5,IT,Vegavero Curcuma biologica con pepe nero | 144 mg di curcumina per capsula | Con 162 mg di curcuminoidi + piperina | 120 Capsule | Prodotto in Germania | Senza additivi e Vegano,Vegavero,23.99,23.99,EUR,3.6,0.0,4.23,6.0
VV-VITA-338,B0C94548F5,FR,Curcuma BIO Vegavero® | Dosage Élevé | Avec Poivre Noir (Haute Absorption Curcumine) | Anti Inflammatoire | SANS ADDITIFS et VEGAN | 100% Biologique,Vegavero,25.9,25.9,EUR,3.89,0.0,4.79,6.0
VV-VITA-338,B0C94548F5,DE,Bio Kurkuma Kapseln | Einzigartig: Curcuma Extrakt und Pulver | 144 mg Curcumin und 162 Curcuminoide | Mit Piperin | 120 Stück | Vegan | Deutsche Produktion von Vegavero,Vegavero,19.9,19.9,EUR,2.99,0.0,2.82,6.0
VV-VITA-338,B0C94548F5,GB,"Vegavero Organic 5,600 mg Turmeric and Black Pepper Capsules High Strength | 162 mg Curcuminoid, 144 mg Curcumin and 10 mg Piperine | NO Additives, Lab-Tested | 120 Capsules",Vegavero,20.99,20.99,GBP,3.15,0.0,2.98,6.0
VV-VITA-333,B0C2QPSPS6,NL,"Vegavero Elektrolyten tabletten 1872 mg | Magnesium, calcium, kalium, natrium, chloride + B-vitamines | Natuurlijke bronnen: ConcenTrace® & Aquamin™ | Geen toevoegingen | Vegan",Vegavero,19.99,19.99,EUR,3.0,0.0,3.28,5.08
VV-VITA-333,B0C2QPSPS6,ES,ELECTROLITOS | Sales Minerales | 1800 mg de Magnesio + Potasio + Calcio | DEPORTE - FATIGA MUSCULAR - AGOTAMIENTO FISICO | Materia Prima de Marca | 120 Capsulas | Vegavero,Vegavero,19.9,19.9,EUR,2.99,0.0,3.28,5.08
VV-VITA-333,B0C2QPSPS6,IT,"Integratore Elettroliti Vegavero® | Magnesio, Potassio, Cloruro e Calcio | Integratori Sali Minerali Sport | con Aquamin™ e ConcenTrace® | No OGM | Vegan",Vegavero,18.99,18.99,EUR,2.85,0.0,3.64,5.08
VV-VITA-333,B0C2QPSPS6,FR,Electrolyte Complex | Sels Minéraux | Magnesium + Calcium + Potassium | Avec Vitamine B | Crampes et Fatigue Musculaire | SANS ADDITIFS | 120 Gélules | VEGAN | Vegavero®,Vegavero,20.9,20.9,EUR,3.14,0.0,4.63,5.08
VV-VITA-333,B0C2QPSPS6,DE,"Elektrolyte Plus 1872 mg | Magnesium, Calcium, Kalium, Natrium, Chlorid + B Vitamine | Natürliche Quellen: ConcenTrace & Aquamin | Vegan & ohne Zusätze | Vegavero | 120 Kapseln",Vegavero,19.9,19.9,EUR,2.99,0.0,2.82,5.08
VV-VITA-333,B0C2QPSPS6,GB,"Vegavero Electrolytes Supplement | Hydration Tablet | Potassium Calcium Magnesium Supplements | with B Vitamins | NO Additives, Lab-Tested | 120 Capsules | Vegan",Vegavero,21.95,21.95,GBP,3.29,0.0,2.95,5.08
VV-VITA-329,B0BX76VGXP,IE,"Vegavero Liposomal Vitamin C | 120 Capsules | Lab Tested, Highly Bioavailable PureWay-C® | Authentic Phospholipid Bilayer Technology | Vegan",Vegavero,17.99,17.99,EUR,2.7,0.0,1.38,5.69
VV-VITA-329,B0BX76VGXP,BE,Vegavero Vitamine C Liposomale | PureWay-C | 120 Gélules,Vegavero,21.9,21.9,EUR,3.29,0.0,3.58,5.69
VV-VITA-329,B0BX76VGXP,NL,Vegavero Liposomale Vitamine C | PureWay-C,Vegavero,19.99,19.99,EUR,3.0,0.0,3.28,5.69
VV-VITA-329,B0BX76VGXP,ES,Vitamina C Liposomal | Pureway-C 500 mg | Dosis Óptima | ALTA BIOADAPTABILIDAD | 120 Cápsulas | Vegano y Sin Aditivos | Vegavero,Vegavero,20.9,20.9,EUR,3.14,0.0,3.91,5.69
VV-VITA-329,B0BX76VGXP,IT,Vitamina C Liposomiale | Dosaggio Ottimale | Pureway-C™ | Alta Biodisponibilità | Acido Ascorbico Puro | 120 Capsule | Vegano & Senza Additivi | Vegavero®,Vegavero,20.99,20.99,EUR,3.15,0.0,4.23,5.69
VV-VITA-329,B0BX76VGXP,FR,Vitamine C Liposomale | Qualité PREMIUM : PureWay-C® | Hautes Biodisponibilité & Absorption | Défense Immunitaire + Énergie | Sans Additifs & Vegan | 120 Gélules | Vegavero®,Vegavero,21.9,21.9,EUR,3.29,0.0,4.79,5.69
VV-VITA-329,B0BX76VGXP,DE,Liposomal Vitamin C | Echte Liposomal Technologie - Markenrohstoff PureWay-C; | Immunsystem stärken - Energie* | Laborgeprüft | Vegan - Ohne Zusatzstoffe | Deutsche Produktion von Vegavero,Vegavero,19.9,19.9,EUR,2.99,0.0,2.82,5.69
VV-VITA-329,B0BX76VGXP,GB,"Vegavero Liposomal Vitamin C | 120 Capsules | Lab Tested, Highly Bioavailable PureWay-C | Authentic Phospholipid Bilayer Technology | Vegan",Vegavero,17.99,17.99,GBP,2.7,0.0,2.69,5.69
VV-VITA-326,B0BSQVND4T,NL,Vegavero 5-HTP uit Griffonia | Met Ashwagandha & Rhodiola,Vegavero,22.99,22.99,EUR,3.45,0.0,3.66,6.56
VV-VITA-326,B0BSQVND4T,ES,5HTP Griffonia 200 mg | Ashwagandha KSM-66 + Rhodiola Rosea | Dosis Más Alta | Précurseur Serotonina | 5-HTP hidroxitriptofano | Para Energia Cansancio Mental | Vegano | SIN ADITIVOS,Vegavero,23.9,23.9,EUR,3.59,0.0,3.91,6.56
VV-VITA-326,B0BSQVND4T,IT,Griffonia 5-HTP Vegavero® | con Ashwagandha KSM-66® e Rhodiola Rosea | 20% 5HTP (5-idrossitriptofano) | Integratore Precursore Serotonina | Senza Additivi | 90 capsule | Vegan,Vegavero,20.99,20.99,EUR,3.15,0.0,4.23,6.56
VV-VITA-326,B0BSQVND4T,FR,Vegavero 5-HTP GRIFFONIA 250 mg | Avec Ashwagandha KSM-66® BIO et Rhodiola Rosea | Sommeil et Détente | Rhodiolife® | Vegan & SANS ADDITIFS | 90 Gélules (3 mois),Vegavero,22.9,22.9,EUR,3.44,0.0,4.79,6.56
VV-VITA-326,B0BSQVND4T,DE,Vegavero 5-HTP Kapseln | aus Griffonia | Mit Ashwagandha KSM-66 und Rhodiola Rosea Rhodiolife | Adaptogene Komplex | Laborgeprüft | Ohne Zusatzstoffe | Deutsche Produktion,Vegavero,24.9,24.9,EUR,3.74,0.0,3.21,6.56
VV-VITA-326,B0BSQVND4T,GB,"Vegavero 5HTP High Strength | 750 mg Griffonia Seed, Rhodiola & Ashwagandha Extracts | Premium Branded Raw Materials | Synergistic & Natural Adaptogens | NO Additives, Lab-Tested | Vegan",Vegavero,21.99,21.99,GBP,3.3,0.0,2.98,6.56
VV-VITA-320,B0BMQXCX1X,IE,Vegavero Vegan Collagen Complex + Hyaluronic Acid | NO Additives | Vegan Collag Powder Vollagen® | Essential Amino Acids | 120 Capsules,Vegavero,23.99,23.99,EUR,3.6,0.0,,6.37
VV-VITA-320,B0BMQXCX1X,BE,Vegavero Supplément de collagène végétalien avancé 500 mg | 2 mois d'approvisionnement | Sans additifs | Capsules de collagène à base de plantes avec acide hyaluronique | Acides aminés essentiels |,Vegavero,28.99,28.99,EUR,4.35,0.0,3.58,6.37
VV-VITA-320,B0BMQXCX1X,ES,Vegavero Colágeno Vegano + Ácido Hialurónico | DOSIS ALTA | Piel + Cabello + Antiedad | AMINOÁCIDOS | Articulaciones + Masa Muscular | Materia Premium: Vollagen | Sin Aditivos,Vegavero,23.9,23.9,EUR,3.59,0.0,3.91,6.37
VV-VITA-320,B0BMQXCX1X,IT,Vegavero Collagene Vegano + Acido Ialuronico | Vollagen®: Alta Biodisponibilità da Fermentazione | 800-1500 kDa | Integratore Anti Age per Pelle e Articolazioni | Senza Additivi | 120 capsule,Vegavero,20.99,20.99,EUR,3.15,0.0,4.23,6.37
VV-VITA-320,B0BMQXCX1X,FR,Collagene + Acide Hyaluronique Naturel | VEGAN | 2 Mois | Avec Vollagen® - PREMIUM Qualité | 18 Acides Aminés | Anti-Age + Peau + Articulations | 120 Gélules | Vegavero®,Vegavero,19.9,19.9,EUR,2.99,0.0,4.37,6.37
VV-VITA-320,B0BMQXCX1X,DE,"Vegavero Veganes Kollagen Kapseln hochdosiert, 500 mg Vollagen Markenrohstoff aus Fermentation, 18 Aminosäuren, 100 mg Hyaluronsäure, laborgeprüft, ohne Zusatzstoffe, gentechnikfrei, 2 Monate Vorrat",Vegavero,26.9,26.9,EUR,4.04,0.0,3.21,6.37
VV-VITA-320,B0BMQXCX1X,GB,Vegavero Advanced Vegan Collagen Supplement 500 mg | 2 Months Supply | NO Additives | Plant-Based Collagen Capsules with Hyaluronic Acid | Essential Amino Acids | Vollagen,Vegavero,24.99,24.99,GBP,3.75,0.0,2.98,6.37
VV-VITA-319,B0BMQTBYKT,IE,"Vegavero Organic Chia Seed Oil | Vegan Omega 3 6 9 Capsules | Benexia® From Chile, Cold-Pressed | High Dose Alpha-Linolenic Acid | NO Additives, Lab-Tested",Vegavero,19.99,19.99,EUR,3.0,0.0,1.38,5.97
VV-VITA-319,B0BMQTBYKT,NL,"Vegavero BIOLOGISCHE Chia-olie capsules | 840 mg Omega 3 VEGAN - Zonder gelatine | Uit Chili | Biologische grondstof Benexia® | Omega-3 6 9 | Laboratorium getest, geen toevoegingen",Vegavero,20.99,20.99,EUR,3.15,0.0,3.52,5.97
VV-VITA-319,B0BMQTBYKT,ES,Omega 3 6 9 Organico | El Unico Vegano | De Aceite de Chia 1400 mg (Benexia) | Acidos Grasos Para el Colesterol | Originario de Bolivia y Argentina | Vegavero,Vegavero,21.9,21.9,EUR,3.29,0.0,3.57,5.97
VV-VITA-319,B0BMQTBYKT,IT,OMEGA 3 6 9 Vegavero® | 1400 mg di Olio di Semi di Chia 100% BIO | VEGAN | Spremuto a Freddo | Acidi Grassi Essenziali di Qualità Superiore Benexia® | Senza Additivi | 120 capsule,Vegavero,20.99,20.99,EUR,3.15,0.0,4.19,5.97
VV-VITA-319,B0BMQTBYKT,FR,OMEGA 3 6 9 BIO | VEGAN | Cholesterol et Santé Cardiovasculaire | 1400 mg d'Huile de Chia | Acides Gras Insaturés Hautement Dosés | SANS ADDITIFS | 120 Gélules | Vegavero®,Vegavero,21.9,21.9,EUR,3.29,0.0,4.63,5.97
VV-VITA-319,B0BMQTBYKT,DE,Bio Chia Öl Kapseln | 840 mg Omega 3 Vegan - Ohne Gelatine | Chia Samen aus Chile | Premium: Rohstoff Benexia | Laborgeprüft | Ohne Zusatzstoffe | Deutsche Produktion Vegavero,Vegavero,19.9,19.9,EUR,2.99,0.0,2.82,5.97
VV-VITA-319,B0BMQTBYKT,GB,"Vegavero Organic Chia Seed Oil | Vegan Omega 3 6 9 Capsules | Benexia from Chile, Cold-Pressed | High Dose Alpha-Linolenic Acid | NO Additives, Lab-Tested",Vegavero,19.99,19.99,GBP,3.0,0.0,2.71,5.97
VV-VITA-318,B0BK8WLZT5,NL,"Vegavero Knoflook capsules | UNIEK: Extracten van knoflook, meidoorn en olijfblad | 1% allicine - 3% flavonen - 40% oleuroperine | Laboratorium getest | Zonder toevoegingen",Vegavero,18.99,18.99,EUR,2.85,0.0,3.28,4.77
VV-VITA-318,B0BK8WLZT5,ES,"Ajo + Espino Blanco + Hoja De Oliva | Presión Arterial | Con 40% Oleuropeína, 3% Flavon Y 1% Allicin | Testado En Laboratorio | Salud Cardiovascular| Vegano | Vegavero",Vegavero,19.9,19.9,EUR,2.99,0.0,3.28,4.77
VV-VITA-318,B0BK8WLZT5,IT,"Aglio + Biancospino + Ulivo Vegavero® | Estratti titolati: 1% di Allicina, 3% di Flavoni e 40% Oleuropeina | Integratore in Capsule per la Pressione Sanguigna* | Vegan",Vegavero,16.99,16.99,EUR,2.55,0.0,3.64,4.77
VV-VITA-318,B0BK8WLZT5,FR,"CHOLESTEROL & TENSION ARTERIELLE | Avec Ail + Aubepine + Olivier | 3 MOIS | Extraits Qualité Supérieure : 40% Oleuropeine, 3% Flavones, 1% Allicine | Sans Additifs & Vegan | Vegavero®",Vegavero,17.9,17.9,EUR,2.69,0.0,4.37,4.77
VV-VITA-318,B0BK8WLZT5,DE,"Knoblauch Kapseln | Einzigartig: Extrakte aus Garlic, Weissdorn und Olivenblatt | 1% Allicin - 3% Flavone - 40% Oleuroperin | Laborgeprüft | Ohne Zusatzstoffe | Deutsche Produktion Vegavero",Vegavero,18.9,18.9,EUR,2.84,0.0,2.82,4.77
VV-VITA-318,B0BK8WLZT5,GB,Vegavero Hawthorn Garlic Supplement | NO Additives | with Olive Leaf Extract | 4 mg Allicin | Lab-Tested & Non-GMO | 90 Capsules | Vegan,Vegavero,17.99,17.99,GBP,2.7,0.0,2.69,4.77
VV-VITA-317,B0BK8STFVG,IE,Vegavero L-Arginine L-Citrulline Complex High Strength 4200 mg | Natural Pre-Workout | NO Additives | Citrulline Malate Powder | Amino Acids from Fermentation | 150 Capsules | Vegan,Vegavero,19.9,19.9,EUR,2.99,0.0,1.53,6.5
VV-VITA-317,B0BK8STFVG,NL,Vegavero L-Citrulline Malaat | 2000 mg citrulline | Met L-Arginine Basis + Rode Biet | Van fermentatie | PRE-WORKOUT | Laboratorium getest | Veganistisch - Geen toevoegingen,Vegavero,19.99,19.99,EUR,3.0,0.0,3.32,6.5
VV-VITA-317,B0BK8STFVG,ES,L-Citrulina + L-Arginina + Remolacha Vegavero | más de 2900 mg de L Citrulin Malato | Fermentación Vegetal | Sin Aditivos | Pre Workout | Testado en Laboratorio | Vegano | Calidad Alemán,Vegavero,21.9,21.9,EUR,3.29,0.0,3.8,6.5
VV-VITA-317,B0BK8STFVG,IT,Vegavero L-Citrullina + L-Arginina | 2946 mg di Citrullina Malato (AMINOFERMENT) | con Barbabietola (Betaina) | Senza Additivi | Performance Sportiva e Massa Muscolare | 150 capsule | Vegan,Vegavero,20.99,20.99,EUR,3.15,0.0,4.61,6.5
VV-VITA-317,B0BK8STFVG,FR,L-Citrulline Malate 2941 mg | Avec L-Arginine + Betaine | 100% NATUREL & Sans Additifs | PREMIUM: AMINOFERMENT® | Pre Workout + Musculation | 150 Gélules Vegan | Vegavero®,Vegavero,21.9,21.9,EUR,3.29,0.0,5.15,6.5
VV-VITA-317,B0BK8STFVG,DE,"Vegavero L-Citrullin Malat - mit L-Arginin & Rote Bete - 2000 mg Citrullin pro Tagesdosis – vegan & hochdosiert - Pre Workout – ohne Zusatzstoffe, laborgeprüft - 150 Kapseln",Vegavero,19.9,19.9,EUR,2.99,0.0,3.03,6.5
VV-VITA-317,B0BK8STFVG,GB,"Vegavero L-Arginine L-Citrulline Complex High Strength 4200 mg | with Beetroot Extract | Natural Pre-Workout & Nitric Oxide Booster | Amino Acids from Fermentation | NO Additives, Vegan & Lab-Tested",Vegavero,19.99,19.99,GBP,3.0,0.0,,6.5
VV-VITA-316,B0BK8W6JM3,IE,"Vegavero Organic Ceylon Cinnamon | High Strength 2500 mg Per Serving | NO Additives | Extract (5:1) from Madagascar | Lab-Tested, Non-GMO | 120 Capsules | Vegan",Vegavero,18.99,18.99,EUR,2.85,0.0,1.38,5.92
VV-VITA-316,B0BK8W6JM3,NL,"Vegavero BIOLOGISCHE Ceylon Kaneel capsules | 2500 mg (5:1-extract) | Uit Madagaskar | Kaneelextract – geen eenvoudig poeder | Laboratorium getest, geen toevoegingen | Vegan",Vegavero,19.99,19.99,EUR,3.0,0.0,3.28,5.92
VV-VITA-316,B0BK8W6JM3,ES,Canela Ceylan ORGÁNICA Vegavero | Dosis Alta: 2500 mg | Estado Puro BIO | Control de Glucosa - Azúcar en Sangre | Para 4 Meses | Extraído En Francia | 120 Cápsulas | Vegano,Vegavero,19.9,19.9,EUR,2.99,0.0,3.28,5.92
VV-VITA-316,B0BK8W6JM3,IT,"CANNELLA CEYLON BIO Vegavero® | 2500 mg (5:1) | 4 Mesi di Fornitura | Cinnamon (Zimt) dal Madagascar | con 0,7% di Tannini | Vegan",Vegavero,17.99,17.99,EUR,2.7,0.0,3.64,5.92
VV-VITA-316,B0BK8W6JM3,FR,Cannelle de Ceylan BIO | UNIQUE – Extrait Biologique 5:1 (= 2500 mg) | 4 Mois | Extraction en FRANCE | Ceylon Cinnamon | VEGAN & Sans Additifs | 120 Gélules | Vegavero®,Vegavero,20.9,20.9,EUR,3.14,0.0,4.79,5.92
VV-VITA-316,B0BK8W6JM3,DE,Bio Ceylon Zimt Kapseln | Premium: 2500 mg (5:1 Extrakt) |aus Madagaskar | Zimtextrakt – kein einfaches Pulver | Laborgeprüft | Vegan - Ohne Zusatzstoffe | Deutsche Produktion Vegavero,Vegavero,19.9,19.9,EUR,2.99,0.0,2.82,5.92
VV-VITA-316,B0BK8W6JM3,GB,"Vegavero Organic Ceylon Cinnamon | High Strength 2500 mg Per Serving | NO Additives | Extract (5:1) from Madagascar | Lab-Tested, Non-GMO | 120 Capsules | Vegan",Vegavero,18.99,18.99,GBP,2.85,0.0,2.69,5.92
VV-VITA-314,B0BK8X47M5,IE,"Vegavero Pure Glycine Powder 1 kg | 3000 mg Daily Dose | NO Additives, Lab-Tested | Supports Recovery, Muscle & Collagen Synthesis | with Measuring Spoon | Vegan",Vegavero,19.99,19.99,EUR,3.0,0.0,2.36,3.25
VV-VITA-314,B0BK8X47M5,ES,Vegavero Glicina Polvo | 1 Kg de L-Glicina (330 porciones) | Pura y Sin Aditivos | Con Cuchara Medidora | Vegano & Testado en Laboratorio,Vegavero,16.9,16.9,EUR,2.54,0.0,4.54,3.25
VV-VITA-314,B0BK8X47M5,IT,GLICINA Vegavero® | 1000 g (1 kg) in Polvere | 100% L-Glicina Pura | Senza Additivi | Integratore per Dormire Meglio e per Articolazioni | con Misurino | Vegan,Vegavero,18.99,18.99,EUR,2.85,0.0,5.46,3.25
VV-VITA-314,B0BK8X47M5,FR,"Vegavero Glycine Cristallisée en Poudre 1 kg, pour 333 Jours, 3 g par Dose, 100% Pure & Sans Additifs, Cuillère à Mesurer Incluse, Analysée en Laboratoire, Vegan",Vegavero,17.9,17.9,EUR,2.69,0.0,6.23,3.25
VV-VITA-314,B0BK8X47M5,DE,"Vegavero Glycin Pulver 1000g mit Messlöffel, 100% reine Aminosäure Glycine, 333 Portionen à 3g, natürlich süß, leicht löslich, ohne Zusatzstoffe, vegan, Hergestellt & laborgeprüft in Deutschland",Vegavero,16.9,16.9,EUR,2.54,0.0,3.2,3.25
VV-VITA-314,B0BK8X47M5,GB,"Vegavero Pure Glycine Powder 1 kg | 3000 mg Daily Dose | NO Additives, Lab-Tested | Recovery, Muscle & Collagen Synthesis | with Measuring Spoon | Vegan",Vegavero,23.99,23.99,GBP,3.6,0.0,,3.25
VV-VITA-313,B0BD88S1FW,IE,Vegavero BOSWELLIA SERRATA | 9450 mg 15:1 Extract 85% Boswellic Acids | NO Additives | Indian Frankincense Gum Resin Extract | Supports Healthy Bones and Joints | 120 Capsules | Vegan,Vegavero,19.99,19.99,EUR,3.0,0.0,1.38,4.89
VV-VITA-313,B0BD88S1FW,ES,Boswellia Serrata 9450 mg Vegavero | Con 85% Ácidos Boswélicos | Sin Aditivos | Apoyo Natural Articulaciones | Vegano | 120 Cápsulas (Para 4 Meses),Vegavero,22.9,22.9,EUR,3.44,0.0,3.57,4.89
VV-VITA-313,B0BD88S1FW,IT,BOSWELLIA Vegavero® | 9.450 mg (15:1) | con 85% di Acidi Boswellici | Per Articolazioni e Digestione | Senza Additivi | 120 capsule | Vegan,Vegavero,21.99,21.99,EUR,3.3,0.0,4.19,4.89
VV-VITA-313,B0BD88S1FW,FR,Boswellia Serrata 9450 mg | Pour 4 Mois | 85% d’Acide Boswellique | Encens Indien | Sans Additifs & Vegan | Vegavero®,Vegavero,20.9,20.9,EUR,3.14,0.0,4.63,4.89
VV-VITA-313,B0BD88S1FW,DE,Weihrauchkapseln hochdosiert | Premium Extrakt (15:1) - 9.450 mg | 85% Terpene | 100% Indischer Boswellia Serrata Extraktion | Laborgeprüft | Vegan - ohne Zusatzstoffe | Deutsche Produktion Vegavero,Vegavero,18.9,18.9,EUR,2.84,0.0,2.82,4.89
VV-VITA-313,B0BD88S1FW,GB,Vegavero BOSWELLIA SERRATA | 9450 mg 15:1 Extract 85% Boswellic Acids | NO Additives | Indian Frankincense Gum Resin Extract | Supports Healthy Bones and Joints | 120 Capsules | Vegan,Vegavero,20.99,20.99,GBP,3.15,0.0,2.95,4.89
VV-VITA-310,B0BD85KJQV,IE,"Vegavero BERGAMOT Supplement | 1250 mg Extract (15:1) | 120 Capsules (2 Months Supply) | 40% BIOFLAVONOIDS | Citrus Bergamia | NO Additives, Lab-Tested | Vegan",Vegavero,19.99,19.99,EUR,3.0,0.0,1.38,5.02
VV-VITA-310,B0BD85KJQV,NL,Vegavero BERGAMOT capsules | 1250 mg extract (15:1) per dagelijkse dosis | 40% bioflavonoïden | Citrusbergamot | Laboratorium getest | Zonder toevoegingen | Veganistisch,Vegavero,24.99,24.99,EUR,3.75,0.0,3.52,5.02
VV-VITA-310,B0BD85KJQV,ES,Bergamota Citrus Vegavero | 120 Cápsulas | Extracto de Fruta (15:1) | Sin Aditivos | 40% Bioflavonoides | Potente Antioxidante | Energizante Natural | 100% Vegano,Vegavero,21.9,21.9,EUR,3.29,0.0,3.57,5.02
VV-VITA-310,B0BD85KJQV,IT,BERGAMOTTO Vegavero® | 1250 mg (15:1) | l’unico con 40% di Bioflavonoidi | Integratore per la Salute Cardiovascolare | Citrus Bergamia | 120 Capsule | Vegan,Vegavero,23.99,23.99,EUR,3.6,0.0,4.19,5.02
VV-VITA-310,B0BD85KJQV,FR,Citrus Bergamote | 120 Gélules | Premium : 40% de Bioflavonoïdes (polyphénols) | Sans Additifs | 9375 mg (625 mg d'Extrait 15:1) | Antioxydant Puissant | VEGAN | Vegavero®,Vegavero,22.9,22.9,EUR,3.44,0.0,4.63,5.02
VV-VITA-310,B0BD85KJQV,DE,"Vegavero Bergamotte Kapseln - 40% Bioflavonoide - 120 Kapseln - Citrus Bergamia Frucht Extrakt im 15:1 Verhältnis (1250 mg), hochkonzentriert - vegan, ohne Zusatzstoffe & laborgeprüft",Vegavero,24.9,24.9,EUR,3.74,0.0,3.17,5.02
VV-VITA-310,B0BD85KJQV,GB,"Vegavero Bergamot Supplement | 1250 mg Extract (15:1) | 120 Capsules (2 Months Supply) | 40% BIOFLAVONOIDS | Citrus Bergamia | NO Additives, Lab-Tested | Vegan",Vegavero,21.99,21.99,GBP,3.3,0.0,2.95,5.02
VV-VITA-311,B0BD81KP8K,IE,"Vegavero NAC Supplement | 100% Pure N-Acetyl-Cysteine 600 mg | Lab Tested, NO Additives | 180 Capsules | Vegan",Vegavero,19.99,19.99,EUR,3.0,0.0,1.53,5.48
VV-VITA-311,B0BD81KP8K,ES,NAC Vegavero | 600 mg N-Acetil-Cisteina | Antioxidante Potente + Aumento de Glutation | Inmunidad y Antiedad | Sin Aditivos | Vegano | 180 Cápsulas,Vegavero,20.0,20.0,EUR,3.0,0.0,3.51,5.48
VV-VITA-311,B0BD81KP8K,IT,NAC N-Acetil-Cisteina 600 mg | 180 capsule (6 Mesi) | Alto Dosaggio | 100% NATURALE da Mais | Precursore del Glutatione | SENZA ADDITIVI | Integratore N-Acetyl L-Cysteine | Vegan | Vegavero,Vegavero,19.99,19.99,EUR,3.0,0.0,3.97,5.48
VV-VITA-311,B0BD81KP8K,FR,NAC N-Acetyl-Cysteine 600mg | Forme Pure : Haute Biodisponibilité | 180 Gélules | Sans Additifs | Antioxydant Puissant | VEGAN | Vegavero®,Vegavero,21.9,21.9,EUR,3.29,0.0,5.15,5.48
VV-VITA-311,B0BD81KP8K,DE,Vegavero NAC 600 mg hochdosiert - 180 vegane NAC Kapseln für 6 Monate - N-Acetyl-L-Cystein aus Fermentation - 100% reine Aminosäure ohne Zusatzstoffe - laborgeprüft.,Vegavero,19.9,19.9,EUR,2.99,0.0,3.03,5.48
VV-VITA-311,B0BD81KP8K,GB,"Vegavero NAC Supplement | 100% Pure N-Acetyl-Cysteine 600 mg | Lab Tested, NO Additives | 180 Capsules | Vegan",Vegavero,15.99,15.99,GBP,2.4,0.0,2.74,5.48
VV-VITA-308,B0B6WGC16M,IE,"Vegavero Digestive Enzyme Supplements | High-Strength 8 Enzyme Complex | with Papain, Bromelain, Lactase, and More | NO Additives, Lab-Tested | 180 Capsules | Vegan",Vegavero,22.99,22.99,EUR,3.45,0.0,1.55,7.62
VV-VITA-308,B0B6WGC16M,ES,Vegavero Enzimas Digestivas | 7 Enzimas + Lactasa | 180 Cápsulas Entéricas,Vegavero,24.9,24.9,EUR,3.74,0.0,3.57,7.62
VV-VITA-308,B0B6WGC16M,IT,"ENZIMI DIGESTIVI Vegavero® | 100% NATURALE | Con Bromelina, Papaina, Amilasi, Lipasi, Cellulasi, Proteasi e Lattasi | 180 capsule gastroresistenti DRcaps® | Vegan",Vegavero,22.99,22.99,EUR,3.45,0.0,4.19,7.62
VV-VITA-308,B0B6WGC16M,FR,"Enzymes Digestives Vegavero® | VEGAN & NATUREL | Bromélaïne, Papaïne, Amylase, Lipase, Cellulase + Lactase | Sans additifs | Digestion Difficile | 180 Gélules Drcaps®",Vegavero,25.9,25.9,EUR,3.89,0.0,4.63,7.62
VV-VITA-308,B0B6WGC16M,DE,Enzym Komplex | Bromelain - Papain - Amylase - Lipase - Cellulase | Magensaftresistente DRCaps | Natürliche Verdauungsenzyme | Laborgeprüft | Ohne Zusatzstoffe | Deutsche Produktion Vegavero,Vegavero,25.9,25.9,EUR,3.89,0.0,3.17,7.62
VV-VITA-308,B0B6WGC16M,GB,"Vegavero Digestive Enzyme Supplements | High-Strength 8 Enzyme Complex | with Papain, Bromelain, Lactase, and More | NO Additives, Lab-Tested | 180 Capsules | Vegan",Vegavero,24.99,24.99,GBP,3.75,0.0,2.95,7.62
VV-VITA-304,B0B6WCHGMK,IE,Vegavero Natural Folic Acid Pregnancy 400 mcg | NO Additives | Vitamin B9 Methyl Folate Supplements | Preconception & Maternal Tissue Growth | 120 Vegan Capsules,Vegavero,14.99,14.99,EUR,2.25,0.0,1.38,4.26
VV-VITA-304,B0B6WCHGMK,NL,Vegavero Foliumzuur 400 μg capsules | Quatrefolic® 5-MTHF folaat | Grondstof uit Italië | Zonder toevoegingen,Vegavero,14.99,14.99,EUR,2.25,0.0,3.28,4.26
VV-VITA-304,B0B6WCHGMK,ES,Vegavero Folato 400 µg de 5-MTHF | Materia Prima Premium: Quatrefolic | 120 Cápsulas | Alta Biodisponibilidad | Sin Aditivos Sintéticos | Embarazo y Preconcepción | Vegano,Vegavero,15.9,15.9,EUR,2.39,0.0,3.28,4.26
VV-VITA-304,B0B6WCHGMK,IT,ACIDO FOLICO Vegavero® | 400 mcg | L-Metilfolato 5MTHF (Quatrefolic®) dall'Italia | L’UNICO SENZA ADDITIVI | Folato Attivo Certificato in Laboratorio | Folic Acid | 120 capsule | Vegan,Vegavero,17.99,17.99,EUR,2.7,0.0,3.64,4.26
VV-VITA-304,B0B6WCHGMK,FR,Acide Folique 400ug - Vitamine B9 | Qualité supérieure : Methyl Folate 5-MTHF Quatrefolic® | Grossesse + Anti Fatigue | 120 Gélules | VEGAN & SANS ADDITIFS | Vegavero®,Vegavero,16.9,16.9,EUR,2.54,0.0,4.37,4.26
VV-VITA-304,B0B6WCHGMK,DE,Folsäure 400μg Kapseln | Premium: Quatrefolic 5-MTHF Folat | Rohstoff aus Italien | Kinderwunsch - Schwangerschaft | Ohne Zusatzstoffe | Deutsche Produktion Vegavero,Vegavero,14.9,14.9,EUR,2.24,0.0,2.82,4.26
VV-VITA-304,B0B6WCHGMK,GB,Vegavero Natural Folic Acid Pregnancy 400 mcg | NO Additives | Vitamin B9 Methyl Folate Supplements | Preconception & Maternal Tissue Growth | 120 Vegan Capsules,Vegavero,14.99,14.99,GBP,2.25,0.0,2.69,4.26
VV-VITA-307,B0B6WJK183,IE,Vegavero Nicotinamide (Vitamin B3) | 180 Capsules | FLUSH FREE: No Redness | NO Artificial Additives | Vegan,Vegavero,17.99,17.99,EUR,2.7,0.0,,3.42
VV-VITA-307,B0B6WJK183,NL,Vegavero Vitamine B3 Niacine| Spoelvrij | 54 mg nicotinamide | 180 capsules - voorraad voor 6 maanden | Laboratorium getest | Veganistisch - Geen toevoegingen,Vegavero,16.99,16.99,EUR,2.55,0.0,3.28,3.42
VV-VITA-307,B0B6WJK183,ES,Vitamina B3 Nicotinamida Vegavero | 180 Cápsulas para 6 Meses | No Ruborizante (Flush Free) | No Aditivos | Vegano | Metabolismo Energético + Sistema Nervioso,Vegavero,13.9,13.9,EUR,2.09,0.0,3.28,3.42
VV-VITA-307,B0B6WJK183,IT,NICOTINAMIDE (Vitamina B3) Vegavero® | 180 capsule | FLUSH FREE: non provoca arrossamenti | Senza additivi artificiali | Vegan,Vegavero,15.99,15.99,EUR,2.4,0.0,3.64,3.42
VV-VITA-307,B0B6WJK183,FR,Vitamine B3 Nicotinamide Vegavero® | 180 Gélules | Formule Pure (Flush Free) | Sans additifs | VEGAN,Vegavero,16.9,16.9,EUR,2.54,0.0,4.37,3.42
VV-VITA-303,B0B2WSTP9W,NL,"Vegavero BRANDNETEL Complex | 100% GROENTE | Met extracten van berk, paardenbloem en brandnetel | Alternatief voor drainagetabletten | 120 capsules | Vegan",Vegavero,19.99,19.99,EUR,3.0,0.0,3.28,5.45
VV-VITA-303,B0B2WSTP9W,ES,Vegavero DIURETICO POTENTE | Retención de Líquidos + Drenante | 4 MESES | Diente de León + Ortiga Verde + Ortosifon | Altamente Concentrado | DETOX Depurativo | Sin Aditivos & Vegano,Vegavero,22.9,22.9,EUR,3.44,0.0,3.57,5.45
VV-VITA-303,B0B2WSTP9W,IT,"Vegavero DRENANTE Forte | con Pilosella, Tarassaco, Orthosiphon, Ortica e Betulla | 4 Mesi di Fornitura | Diuretico per Ritenzione Idrica Gambe | Natural Detox | Vegan",Vegavero,19.99,19.99,EUR,3.0,0.0,3.64,5.45
VV-VITA-303,B0B2WSTP9W,FR,"Draineur & Detox Vegavero® | 100% NATUREL | Rétention d’eau + Diurétique Puissant | Ortie, Pissenlit, Bouleau, Piloselle et Orthosiphon | Sans Additifs | 120 Gélules (4 mois) | VEGAN",Vegavero,21.9,21.9,EUR,3.29,0.0,4.63,5.45
VV-VITA-303,B0B2WSTP9W,DE,"Brennnessel Komplex Vegavero | 100% Pflanzlich | Mit Extrakten aus Birke, Löwenzahn & Brennnessel | Alternative zu Entwässerungstabletten | 120 Kapseln | Vegan",Vegavero,19.9,19.9,EUR,2.99,0.0,,5.45
VV-VITA-301,B0B2Q12FVY,IE,Vegavero ZM+ Supplements | Zinc + Magnesium + Vitamin B6 | Improved Absorption of Zn Aspartate + Citrate | Muscle Growth | for Men and Women | Vegan,Vegavero,23.99,23.99,EUR,3.6,0.0,1.55,4.05
VV-VITA-301,B0B2Q12FVY,ES,ZMA Vegavero | Sin Aditivos | Con Zinc + Magnesio Natural + Vitamina B6 | Calidad: Aquamim Mg | Potenciador y Recuperador Muscular | Vegano | 120 Cápsulas,Vegavero,18.9,18.9,EUR,2.84,0.0,3.28,4.05
VV-VITA-301,B0B2Q12FVY,IT,Integratore Zinco + Magnesio + Vitamina B6 | Zinc Aspartato + Citrato: Migliore Assorbimento | Integratore Sport e Massa Muscolare | per Uomo e Donna | Vegan | Vegavero®,Vegavero,18.99,18.99,EUR,2.85,0.0,3.64,4.05
VV-VITA-301,B0B2Q12FVY,FR,Zinc + Magnésium + Vitamine B6 | Sans Additifs & VEGAN | Qualité Supérieure : Avec Aquamin™ Mg | Aspartate de Zinc | Musculation & Sommeil | 120 Gélules | Vegavero®,Vegavero,19.9,19.9,EUR,2.99,0.0,4.37,4.05
VV-VITA-301,B0B2Q12FVY,DE,"ZM+ Kapseln Vegavero | Zink, Magnesium, Vitamin B6 | Vegan | Premium: Mit Aquamin marinem Magnesium, Zink Aspartat + Citrat | Hohe Bioverfügbarkeit | 120 Stück | Ohne Zusätze",Vegavero,19.9,19.9,EUR,2.99,0.0,,4.05
VV-VITA-301,B0B2Q12FVY,GB,Vegavero ZM+ Supplements | Zinc + Magnesium + Vitamin B6 | Improved Absorption of Zn Aspartate + Citrate | Muscle Growth | for Men and Women | Vegan,Vegavero,23.99,23.99,GBP,3.6,0.0,2.95,4.05
VV-VITA-298,B0B2PSK2MC,NL,Vegavero Zwarte MACA capsules + TRIBULUS | 5000 mg Maca zwart + 1.200 mg Tribulus Terrestris | Laboratorium getest | Geen toevoegingen | Veganistisch,Vegavero,23.99,23.99,EUR,3.6,0.0,3.52,6.34
VV-VITA-298,B0B2PSK2MC,ES,Maca Negra + Tribulus Terrestris + Zinc | PARA 4 MESES | Dosis Más Alta | VIGORIZANTE | Fuerza + Energía + Resistencia | Vegano & Sin Aditivos | Vegavero,Vegavero,23.9,23.9,EUR,3.59,0.0,3.75,6.34
VV-VITA-298,B0B2PSK2MC,IT,"Maca Peruviana Nera Complex | con Tribulus Terrestris + Zinco | Alto Dosaggio | Prestazione Fisica e Massa Muscolare | 90% Saponine e 0,6% Macamidi & Macaeni | 120 capsule | Vegan | Vegavero®",Vegavero,25.99,25.99,EUR,3.9,0.0,4.37,6.34
VV-VITA-298,B0B2PSK2MC,FR,MACA Noire + TRIBULUS Terrestris | Complex EXTRA FORTE | 90% Saponines | Musculation + Endurance pour Hommes et Femmes | 120 Gélules (4 Mois) | VEGAN | Sans Additifs | Vegavero®,Vegavero,24.9,24.9,EUR,3.74,0.0,4.81,6.34
VV-VITA-298,B0B2PSK2MC,DE,Maca Kapseln hochdosiert | Testosteron* | Premium: 5000 mg + 1.200 mg Tribulus Terrestris | Laborgeprüft | Vegan - Ohne Zusatzstoffe | Deutsche Produktion Vegavero,Vegavero,22.9,22.9,EUR,3.44,0.0,3.35,6.34
VV-VITA-298,B0B2PSK2MC,GB,"Vegavero Tribulus Terrestris Maca Root | Strong 500 mg Extract (450mg Saponins) with Black Maca Extract 200 mg and Zinc | NO Additives, Lab-Tested | 120 Capsules | Vegan",Vegavero,21.99,21.99,GBP,3.3,0.0,2.95,6.34
VV-VITA-297,B09ZDLZXDM,IE,"Vegavero Beta Carotene | With Astaxanthin and Vitamin E | Beta-Carotene from Fermentation | NO Additives, Lab-Tested | Golden Tan | 120 Tanning Capsules | Vegan",Vegavero,21.95,21.95,EUR,3.29,0.0,1.55,7.12
VV-VITA-297,B09ZDLZXDM,NL,Vegavero Bèta-caroteen bruinings capsules | met astaxanthine + vitamine E | Eersteklas grondstoffen: Lucarotin® + AstaZine® | Geen gelatine | Laboratorium getest | Zonder toevoegingen,Vegavero,20.99,20.99,EUR,3.15,0.0,3.66,7.12
VV-VITA-297,B09ZDLZXDM,ES,Betacaroteno Plus Vegavero | Aceite Vitamina E + Astaxantina | ACTIVADOR BRONCEADO | TCM aceite | 120 Capsulas – Para 4 Meses | Sin Aditivos | Vegano,Vegavero,23.9,23.9,EUR,3.59,0.0,3.91,7.12
VV-VITA-297,B09ZDLZXDM,IT,BETACAROTENE PLUS Vegavero® | con Vitamina E + Astaxantina AstaZine® | Lucarotin® B SUN Beta Carotene | Integratore Attivatore Abbronzatura | 120 capsule GreenCaps®,Vegavero,23.99,23.99,EUR,3.6,0.0,4.23,7.12
VV-VITA-297,B09ZDLZXDM,FR,Complexe Bêta Carotène | Avec Vitamine E & Astaxanthine | 120 gélules (4 mois) | Qualité Supérieure : Lucarotin® B 30 SUN | Sans Additifs & Vegan | Protection Peau & Bronzage | Vegavero®,Vegavero,22.9,22.9,EUR,3.44,0.0,4.79,7.12
VV-VITA-297,B09ZDLZXDM,DE,Beta Carotin Bräunungskapseln | mit Astaxanthin + Vitamin E | Premium Rohstoffe: Lucarotin + AstaZine | Keine Gelatine | Laborgeprüft | Ohne Zusätze | Deutsche Produktion Vegavero,Vegavero,19.9,19.9,EUR,2.99,0.0,2.82,7.12
VV-VITA-297,B09ZDLZXDM,GB,"Vegavero Beta Carotene Complex | with Astaxanthin + Vitamin E | Beta-Carotene from Fermentation | Golden Tan | NO Additives, Lab-Tested | 120 Tanning Capsules | Vegan",Vegavero,22.95,22.95,GBP,3.44,0.0,,7.12
VV-VITA-295,B09XBMWYVC,IE,"Vegavero Blood Sugar Control | Chromium Picolinate, Ceylon Cinnamon Extract, Momordica Charantia and Gymnema Sylvestre Extract | Blood Glucose Metabolism* | 120 Capsules | Vegan",Vegavero,24.95,24.95,EUR,3.74,0.0,1.55,5.83
VV-VITA-295,B09XBMWYVC,NL,"Vegavero BLOEDSUIKERBALANS | Chroompicolinaat, Ceylonkaneel, Gymnema Sylvestre & Bittere Meloenextract | 180 capsules | Veganistisch & zonder toevoegingen",Vegavero,23.99,23.99,EUR,3.6,0.0,3.52,5.83
VV-VITA-295,B09XBMWYVC,ES,Vegavero Control Glucosa Complex | Picolinato de CROMO | 120 Cápsulas | Blood Sugar | Canela Ceylan + Gymnema Silvestre + Bitter Melon | Para 4 Meses | Vegano & Sin Aditivos,Vegavero,24.9,24.9,EUR,3.74,0.0,3.75,5.83
VV-VITA-295,B09XBMWYVC,IT,"Integratore GLICEMIA Vegavero | 120 capsule | con Cromo, Gymnema Sylvestre, Cannella Ceylon e Momordica Charantia | Cromo Picolinato | Senza Additivi | Vegan",Vegavero,22.99,22.99,EUR,3.45,0.0,4.37,5.83
VV-VITA-295,B09XBMWYVC,FR,"Vegavero GLYCEMIE Complex | 120 Gélules (4 MOIS) | Chrome, Cannelle, Gymnema sylvestris et Melon amer | Réguler le taux de sucre* | Sans Additifs & VEGAN",Vegavero,24.9,24.9,EUR,3.74,0.0,4.81,5.83
VV-VITA-295,B09XBMWYVC,GB,Vegavero Blood Sugar Control | 4 Months Supply - 120 Capsules| Chromium Picolinate + Ceylon Cinnamon Extract + Gymnema Sylvestre Extract | Blood Glucose Metabolism* | Vegan,Vegavero,24.95,24.95,GBP,3.74,0.0,2.95,5.83
VV-VITA-284,B09TJXDWKF,IE,"Vegavero Organic Chaga Mushroom Extract | 6000 mg 10:1 extract | 40% Polysaccharides, 30% Betaglucans | NO Additives | 120 Capsules | Vegan",Vegavero,23.99,23.99,EUR,3.6,0.0,,7.63
VV-VITA-284,B09TJXDWKF,NL,Vegavero BIOLOGISCHE Chaga Paddestoelen capsules | UNIEK: 600 mg organisch extract (10:1) - 6.000 mg Chaga | 40% polysachariden - 30% bèta-glucanen | Laboratorium getest | Geen toevoegingen,Vegavero,23.99,23.99,EUR,3.6,0.0,3.52,7.63
VV-VITA-284,B09TJXDWKF,ES,Chaga Orgánico Vegavero | Dosis Más Alta: 6000 mg (10:1) | 40% Polisacáridos & 30% de Betaglucanos | Sin Aditivos & Vegano | Inonotus obliquus | Mushroom BIO |120 Cápsulas,Vegavero,24.9,24.9,EUR,3.74,0.0,3.57,7.63
VV-VITA-284,B09TJXDWKF,IT,CHAGA BIO Vegavero® | 6000 mg (10:1) | Fungo Inonotus Obliquus | con 40% di Polisaccaridi e 30% di Beta Glucani | 120 capsule | Vegan,Vegavero,24.99,24.99,EUR,3.75,0.0,4.19,7.63
VV-VITA-284,B09TJXDWKF,FR,Chaga BIO Vegavero® | 12.000 mg de Poudre (1200 mg d'Extrait 10:1) | 40% Polysaccharides & 30% Bêta-Glucanes | 120 Gélules | Sans Additifs & Vegan,Vegavero,24.9,24.9,EUR,3.74,0.0,4.63,7.63
VV-VITA-284,B09TJXDWKF,DE,Bio Chaga Pilz Kapseln | Hochdosiert: 6.000 mg aus Extrakt (10:1) | 40% Polysaccharide - 30% Beta Glucane | Laborgeprüft | Vegan - Ohne Zusatzstoffe | Deutsche Produktion Vegavero®,Vegavero,23.9,23.9,EUR,3.59,0.0,3.17,7.63
VV-VITA-284,B09TJXDWKF,GB,"Vegavero Organic Chaga Mushroom Extract | 6000 mg 10:1 Extract | 40% Polysaccharides, 30% Betaglucans | NO Additives | 120 Capsules | Vegan",Vegavero,22.99,22.99,GBP,3.45,0.0,2.95,7.63
VV-VITA-287,B09TJTTP84,IE,"Vegavero Organic Silica Supplement 300 mg | High Bioavailability | 100% Natural from Bamboo Extracts | Supports Hair, Skin and Nail Health | 120 Capsules | Vegan",Vegavero,19.95,19.95,EUR,2.99,0.0,1.38,6.87
VV-VITA-287,B09TJTTP84,ES,"Silicio Organico Vegavero | 300 mg | 100% Natural & BIO - Derivado del Extracto de Bambú | Sin aditivos & Vegano | Esencial Para Huesos, Articulaciones y Músculos | 120 Cápsulas",Vegavero,22.9,22.9,EUR,3.44,0.0,3.57,6.87
VV-VITA-287,B09TJTTP84,IT,"SILICIO Organico Vegavero® | 100% NATURALE | 300 mg | da Bamboo Biologico | 120 capsule | Integratore Capelli, Pelle e Unghie | Vegan",Vegavero,21.99,21.99,EUR,3.3,0.0,4.19,6.87
VV-VITA-287,B09TJTTP84,FR,Silicium Biologique Vegavero® | 100% BIO & NATUREL - Extrait de Bambou | Sans Additifs | 120 Gélules de 150 mg | VEGAN,Vegavero,22.9,22.9,EUR,3.44,0.0,4.63,6.87
VV-VITA-287,B09TJTTP84,DE,"Vegavero Bio Silizium hochdosiert Kapseln 120 Stück - 300 mg natürliches Silicium aus Bambusextrakt - 10:1 Bio Bambus Extrakt mit 70% Siliziumdioxid - Vegan, ohne Zusatzstoffe",Vegavero,19.9,19.9,EUR,2.99,0.0,2.82,6.87
VV-VITA-287,B09TJTTP84,GB,"Vegavero Organic Silica Supplement 300 mg | High Bioavailability | 100% Natural from Bamboo Extracts | Supports Hair, Skin and Nail Health | 120 Capsules | Vegan",Vegavero,19.95,19.95,GBP,2.99,0.0,2.71,6.87
VV-VITA-286,B09TJXLQ4Z,NL,Vegavero ZAAG PALMETTO + PYGEUM AFRICANUM | 500 mg zaagpalmetto-extract (20:1) & 200 mg pygeum-extract (2:1) | 45% vetzuren en 10% sterolen | VEGAN - Geen toevoegingen | 90 capsules,Vegavero,25.99,25.99,EUR,3.9,0.0,3.66,5.53
VV-VITA-286,B09TJXLQ4Z,ES,Vegavero Saw Palmetto + Pygeum Africanum | 700 mg de Extracto | Para 3 Meses (90 Cápsulas) | Extractos Estandarizados 45% Ácidos Grasos & 10% Esteroles | Testado en Laboratorio | Sin Aditivos y Vegano,Vegavero,22.9,22.9,EUR,3.44,0.0,3.91,5.53
VV-VITA-286,B09TJXLQ4Z,IT,SAW PALMETTO 10.000 mg | con Pygeum Africanum | Serenoa Repens ad Alto Dosaggio | con Acidi Grassi e Steroli | Salute della Prostata e Capelli | 90 capsule | Vegan | Vegavero®,Vegavero,22.99,22.99,EUR,3.45,0.0,4.23,5.53
VV-VITA-286,B09TJXLQ4Z,FR,"Vegavero Saw Palmetto 10000 mg (20:1) avec Pygeum Africanum, 45% d'Acides Gras et 10% de Stérols, Pour 3 Mois, Une Gélule par Jour, Sans Additifs & Vegan",Vegavero,23.9,23.9,EUR,3.59,0.0,4.79,5.53
VV-VITA-286,B09TJXLQ4Z,DE,Sägepalme + Pygeum Africanum Vegavero | 500 mg Sägepalmenextrakt (20:1) & 200 mg Pygeum Extrakt (2:1) | 45% Fettsäuren & 10% Sterole | Vegan - Ohne Zusätze | 90 Kapseln,Vegavero,21.9,21.9,EUR,3.29,0.0,3.21,5.53
VV-VITA-276,B09NRH4J1C,NL,"Vegavero RUTIN-complex | Met diosmin, hesperidine, paardenkastanje-extract & slagersbezem | 100% NATUURLIJK & VEGAN | Aderen capsules | 20% aescine | Zonder toevoegingen | 120 capsules",Vegavero,24.99,24.99,EUR,3.75,0.0,3.52,7.95
VV-VITA-276,B09NRH4J1C,ES,Vegavero Venaflux Circulación Piernas | Diosmina Hesperidina Rutina + Castaño de Indias y Rusco | Piernas Cansadas y Pesadas | Complejo Flavonoides | 120 Cápsulas | Vegano y Sin Aditivos,Vegavero,28.9,28.9,EUR,4.34,0.0,4.03,7.95
VV-VITA-276,B09NRH4J1C,IT,"Vegavero Diosmina + Esperidina Alto Dosaggio | 120 caspule | 100% NATURALE con Rutina, Ippocastano e Rusco | Integratore Flavonoidi per Microcircolo, Circolazione Gambe e Vene Varicose | Vegan",Vegavero,25.99,25.99,EUR,3.9,0.0,4.65,7.95
VV-VITA-276,B09NRH4J1C,FR,Vegavero Diosmine + Hespéridine | Avec Rutine + Marronnier d’Inde + Petit Houx | Circulation Sanguine et Hémorroïdes | 100% Naturel | 120 Gélules | VEGAN,Vegavero,27.9,27.9,EUR,4.19,0.0,5.09,7.95
VV-VITA-276,B09NRH4J1C,DE,"Vegavero Venaflux Diosmin Hesperidin Rutin Kapseln je 300 mg, Venen Komplex 120 Stück, Rosskastanien- 6:1 & Mäusedornextrakt 10:1, 40 mg Aescin, 7 mg Ruscogenin, vegan, ohne Zusatzstoffe, laborgeprüft",Vegavero,24.9,24.9,EUR,3.74,0.0,3.63,7.95
VV-VITA-277,B09NRH7WP6,IE,Vegavero Vitamin B12 for Kids Spray | Natural Cherry Flavour | NO Artificial Additives | Children’s B12 Methylcobalamin & Cyanocobalamin | Natural Xylitol | 4 Months Supply | 125 Sprays | Vegan,Vegavero,13.95,13.95,EUR,2.09,0.0,1.2,3.48
VV-VITA-277,B09NRH7WP6,NL,Vegavero VITAMINE B12 SPRAY voor kinderen | VEGAN & SUIKERVRIJ | 5 µg vitamine B12 in twee vormen | Methylcobalamine | Heerlijke kersensmaak | Immuunsysteem & energie*,Vegavero,12.99,12.99,EUR,1.95,0.0,2.91,3.48
VV-VITA-277,B09NRH7WP6,ES,Vegavero Vitamina B12 Niños | Dosis Perfecta: 5 mcg | Delicioso Sabor a Cereza Natural | Para 4 Meses | Vegana + Liquida | Metilcobalamina + Cianocobalamina | Sublingual | 25 ml,Vegavero,14.9,14.9,EUR,2.24,0.0,3.05,3.48
VV-VITA-277,B09NRH7WP6,IT,Vitamina B12 per BAMBINI Vegavero® | 5 mcg | Metilcobalamina + Cianocobalamina | SENZA ZUCCHERO | Assorbimento Sublinguale e Immediato | Formato Spray | Gusto Ciliegia | Vegan,Vegavero,17.99,17.99,EUR,2.7,0.0,3.4,3.48
VV-VITA-277,B09NRH7WP6,FR,Vitamine B12 Spray pour Enfants Vegavero® | Sans Additifs Artificiels & Sans Sucre | Avec Méthylcobalamine et Cyanocobalamine | Absorption immédiate | Goût Cerise | VEGAN,Vegavero,15.9,15.9,EUR,2.39,0.0,4.02,3.48
VV-VITA-277,B09NRH7WP6,DE,Vitamin B12 Spray für Kinder Vegavero | Vegan & Zuckerfrei | 5 µg B 12 in zwei Formen | Methylcobalamin | Leckerer Kirschgeschmack | Immunsystem & Energie*,Vegavero,12.9,12.9,EUR,1.94,0.0,2.43,3.48
VV-VITA-277,B09NRH7WP6,GB,Vegavero Vitamin B12 for Kids Spray | Natural Cherry Flavour | NO Artificial Additives | Children’s B12 Methylcobalamin & Cyanocobalamin | Natural Xylitol | 4 Months Supply | 125 Sprays | Vegan,Vegavero,13.95,13.95,GBP,2.09,0.0,2.46,3.48
VV-VITA-274,B09M6TM2BD,NL,"Vegavero D-MANNOSE PLUS | Met grapefruitzaadextract, cranberry, berendruifbladeren (Uva ursi) & brandnetel | 100% NATUURLIJK & VEGAN | Zonder toevoegingen | 120 capsules",Vegavero,22.99,22.99,EUR,3.45,0.0,3.52,6.38
VV-VITA-274,B09M6TM2BD,ES,Cistitis Complex Vegavero | Arándano Rojo + D Manosa | Altamente Concentrado | Infecciones Urinarias | Ortiga Verde + Gayuba| 120 Cápsulas | Natural & Vegano | Sin Aditivos,Vegavero,19.9,19.9,EUR,2.99,0.0,3.28,6.38
VV-VITA-274,B09M6TM2BD,IT,"Integratore CISTITE | 100% NATURALE | con D-Mannosio, Mirtillo Rosso, Uva Ursina, Semi di Pompelmo e Ortica | 120 capsule | Benessere Vie Urinarie | Senza Additivi | Vegan | Vegavero®",Vegavero,22.99,22.99,EUR,3.45,0.0,4.19,6.38
VV-VITA-274,B09M6TM2BD,FR,Cystite Complex Vegavero® | 120 Gélules | 100% NATUREL : Avec D-Mannose + Canneberge + Ortie + Pamplemousse + Busserole | Sans Additifs | Confort Urinaire | VEGAN,Vegavero,21.9,21.9,EUR,3.29,0.0,4.63,6.38
VV-VITA-274,B09M6TM2BD,GB,"Vegavero Cystitis Relief | 100% Natural UTI Support | 2000 mg D-Mannose and Cranberry Extract | with Grapefruit Seed, Stinging Nettle and Bearberry Extracts | NO Additives | Vegan",Vegavero,22.95,22.95,GBP,3.44,0.0,2.95,6.38
VV-VITA-266,B09JCNKXV5,ES,"BIO Moringa Oleifera PURA | Dosis Alta: 2000 mg | 180 Comprimidos | SUPERFOOD: Proteínas, Vitaminas, Minerales y Omega 3 | Antioxidante | Vegana | Superalimentos | Vegavero",Vegavero,19.9,19.9,EUR,2.99,0.0,3.51,5.94
VV-VITA-266,B09JCNKXV5,IT,Moringa Oleifera Biologica | 1.000 mg per compressa | 180 compresse (3 Mesi) | 2% di Glucosinolati | Superfood fonte di Proteine Vegane | Certificata in Laboratorio | Vegavero®,Vegavero,21.99,21.99,EUR,3.3,0.0,4.61,5.94
VV-VITA-266,B09JCNKXV5,FR,Moringa BIO | Dose Elevée : 2000mg | 180 Comprimés | SUPERFOOD : Multivitamines et Minéraux | 3 Mois | Antioxydant + Energie | VEGAN | Vegavero®,Vegavero,21.9,21.9,EUR,3.29,0.0,5.15,5.94
VV-VITA-266,B09JCNKXV5,DE,Bio Moringa Tabletten hochdosiert - vegan 2000 mg/Tag - 180 Stück für 90 Tage ohne Zusätze - laborgeprüfte Moringa Oleifera Tabletten aus deutscher Produktion - Moringa Presslinge von Vegavero,Vegavero,19.9,19.9,EUR,2.99,0.0,3.03,5.94
VV-VITA-266,B09JCNKXV5,GB,Vegavero Organic Moringa Oleifera Tablets 2000 mg | Pure Powder - Premium Quality | Lab-Tested & Non-GMO | Malunggay Supplement | 180 Tablets | Vegan,Vegavero,19.99,19.99,GBP,3.0,0.0,,5.94
VV-VITA-264,B09JCMLXP5,IE,Vegavero Mugwort Extract | 600 mg Artemisia Vulgaris | 6 Month Supply – 180 Capsules | NO Additives | Vegan,Vegavero,24.95,24.95,EUR,3.74,0.0,1.71,5.3
VV-VITA-264,B09JCMLXP5,NL,Vegavero Bijvoet capsules | 600 mg extract (10:1) - 6.000 mg bijvoetpoeder | 180 capsules | Flavonoïden - bitterstoffen | Laboratorium getest | Zonder toevoegingen | Vegan,Vegavero,25.99,25.99,EUR,3.9,0.0,3.56,5.3
VV-VITA-264,B09JCMLXP5,ES,Artemisa Vegavero | 2% Flavonoides | Dosis Más Alta: 4800 mg | Síndrome Premenstrual + Menstruación Dolor + Dismenorrea | Extracto 8:1 | Artemisia Vulgaris | Vegano & Sin Aditivos | 180 Cápsulas,Vegavero,24.9,24.9,EUR,3.74,0.0,3.8,5.3
VV-VITA-264,B09JCMLXP5,IT,ARTEMISIA VULGARIS Vegavero® | 600 mg | con 2% di Flavonoidi | 180 capsule | Senza additivi | Vegan,Vegavero,26.99,26.99,EUR,4.05,0.0,4.61,5.3
VV-VITA-264,B09JCMLXP5,FR,Armoise Vegavero® | Dosage Élevé : 600 mg d’Extrait d’Artemisia Vulgaris | Sans Additifs | 180 Gélules (6 Mois) | VEGAN,Vegavero,23.9,23.9,EUR,3.59,0.0,5.15,5.3
VV-VITA-264,B09JCMLXP5,DE,"Vegavero Beifuß Kapseln hochdosiert - 600 mg Artemisia Vulgaris Extrakt (10:1) mit Flavonoiden (Bitterstoffe) - 180 Kapseln für 6 Monate - Vegan, laborgeprüft & ohne Zusatzstoffe",Vegavero,25.9,25.9,EUR,3.89,0.0,3.18,5.3
VV-VITA-264,B09JCMLXP5,GB,Vegavero Mugwort Extract | 600 mg Artemisia Vulgaris | 6 Month Supply – 180 Capsules | NO Additives | Vegan,Vegavero,24.95,24.95,GBP,3.74,0.0,3.05,5.3
VV-VITA-262,B09GD1YKWW,IE,"Vegavero Organic Bilberry 12,000 mg & Pine Bark | From High Strength Extracts | PREMIUM Quality from Finland | NO Additives | 90 Capsules | Vegan",Vegavero,18.95,18.95,EUR,2.84,0.0,1.38,6.33
VV-VITA-262,B09GD1YKWW,NL,Vegavero BIOLOGISCHE BOSBESSEN & PIJNENSCHORS capsules | Anthocyanen uit bosbessenextract Feno-Myrtillus® & pijnboomschorsextract uit FINLAND | Vegan | Zonder toevoegingen,Vegavero,20.99,20.99,EUR,3.15,0.0,3.66,6.33
VV-VITA-262,B09GD1YKWW,ES,Extracto Arándanos BIO Vegavero | Bilberry 600 mg | Con Corteza de Pino & Astaxantina | Vaccinium Myrtillus | Sin Aditivos | Ojos y Vista Cansada + Antioxidante Natural | 90 Cápsulas,Vegavero,20.9,20.9,EUR,3.14,0.0,3.91,6.33
VV-VITA-262,B09GD1YKWW,IT,MIRTILLO NERO BIO Vegavero® | L’UNICO BIOLOGICO | con Corteccia di Pino | Benessere del MICROCIRCOLO e della VISTA | 90 capsule | Bilberry | Vegan,Vegavero,25.99,25.99,EUR,3.9,0.0,4.23,6.33
VV-VITA-262,B09GD1YKWW,FR,Myrtille + Écorce de Pin BIO Vegavero® | Extraits Fortement Dosés | Sans Additifs | Avec Proanthocyanidines (OPC) | Antioxydant Puissant + Yeux | 90 Gélules | VEGAN,Vegavero,21.9,21.9,EUR,3.29,0.0,4.79,6.33
VV-VITA-262,B09GD1YKWW,DE,Bio Bilberry & Pine Bark Kapseln Vegavero | Anthocyane aus Heidelbeer-Extrakt Feno-Myrtillus & Kiefernrinden-Extraktion aus Finnland | Vegan & Ohne Zusätze | 90 Stück,Vegavero,19.9,19.9,EUR,2.99,0.0,2.82,6.33
VV-VITA-257,B09C6FG128,IE,Vegavero Organic Lecithin Oil 1800 mg | Highly Dosed | Sourced from Sunflowers | 120 Capsules | NO Additives | Vegan | 15% Phosphatidylcholine,Vegavero,19.99,19.99,EUR,3.0,0.0,1.38,8.65
VV-VITA-257,B09C6FG128,NL,Vegavero BIOLOGISCHE Lecithine capsules | 1800 mg zonnebloemlecithine | VEGANISCH | Koudgeperst | 15% Fosfatidylcholine | Zonnebloemlecithine – geen sojalecithine | 120 capsules,Vegavero,26.99,26.99,EUR,4.05,0.0,3.66,8.65
VV-VITA-257,B09C6FG128,ES,Lecitina de Girasol | 1800 mg de Sunflower Lecithin| Circulación| Vegano & Sin Aditivos| Probado en Laboratorio | Vegavero,Vegavero,24.9,24.9,EUR,3.74,0.0,3.91,8.65
VV-VITA-257,B09C6FG128,IT,Sunflower Lecithin Vegavero® | 1800 mg di Pura Lecitina di Girasole | Per la Salute Cardiovascolare | Senza Additivi | Testato in Laboratorio | 120 Capsule | Vegan,Vegavero,24.99,24.99,EUR,3.75,0.0,4.23,8.65
VV-VITA-257,B09C6FG128,FR,Lécithine de Tournesol 1800 mg | BIO et VEGAN | 120 Gélules | Qualité Supérieure : Sans Additifs ni OGM | Vegavero®,Vegavero,22.9,22.9,EUR,3.44,0.0,4.79,8.65
VV-VITA-257,B09C6FG128,DE,"Vegavero Bio Sonnenblumen Lecithin Kapseln, 1800 mg pro Tagesportion, 15% Phosphatidylcholin, 120 Stück, carrageenfrei, kaltgepresst, vegan und gelatinefrei, laborgeprüft, ohne Gentechnik",Vegavero,26.9,26.9,EUR,4.04,0.0,3.21,8.65
VV-VITA-257,B09C6FG128,GB,Vegavero Organic Lecithin Oil 1800 mg | Highly Dosed | Sourced from Sunflowers | 120 Capsules | NO Additives | Vegan | 15% Phosphatidylcholine,Vegavero,19.99,19.99,GBP,3.0,0.0,2.69,8.65
VV-VITA-258,B09C6HJ2CC,IE,Vegavero Organic Flaxseed Oil | Vegan Omega 3 6 9 Capsules | Premium Quality | Cold-Pressed Organic Linseed Oil | NO Additives | Lab-Tested | 120 Capsules,Vegavero,18.95,18.95,EUR,2.84,0.0,1.38,4.93
VV-VITA-258,B09C6HJ2CC,ES,Flaxseed Oil Vegavero | Orgánico | Omega 3 + 6 + 9 Natural | Ácido Linoleico + Alfa Linoleico | Sin Aditivos | Alternativa Aceite Pescado | Cápsulas Sin Gelatina | 120 Cápsulas,Vegavero,21.9,21.9,EUR,3.29,0.0,3.91,4.93
VV-VITA-258,B09C6HJ2CC,IT,"Olio di SEMI di LINO Vegavero® | 100% Biologico, Vegan e Senza Additivi | 1000 mg di Omega 3 6 9 | Miglior rapporto di acidi grassi | 120 capsule",Vegavero,21.99,21.99,EUR,3.3,0.0,4.23,4.93
VV-VITA-258,B09C6HJ2CC,FR,OMÉGA 3 6 9 BIO Vegavero® | VEGAN | 100% Naturel : Huile de Lin 1000 mg | Sans Additifs | 120 Gélules,Vegavero,22.9,22.9,EUR,3.44,0.0,4.79,4.93
VV-VITA-258,B09C6HJ2CC,DE,VEGAVERO Bio Leinöl Kapseln - Omega 3-6-9 – 1000mg Omega vegan - kaltgepresstes Leinsamenöl – Flaxseed ohne Zusätze - laborgeprüft - 120 Kapseln,Vegavero,18.9,18.9,EUR,2.84,0.0,2.82,4.93
VV-VITA-258,B09C6HJ2CC,GB,Vegavero Organic Flaxseed Oil | Vegan Omega 3 6 9 Capsules | Premium Quality | Cold-Pressed Organic Linseed Oil | NO Additives | Lab-Tested | 120 Capsules,Vegavero,18.95,18.95,GBP,2.84,0.0,,4.93
VV-VITA-256,B09C6GDG72,IE,Vegavero Organic Pumpkin Seed Oil Capsules 1000 mg | Prostate Supplements | 45% Omega 6 Fatty Acids | NO Additives | Overactive Bladder & Urinary Tract Health | 180 Capsule | Vegan,Vegavero,22.95,22.95,EUR,3.44,0.0,1.55,8.02
VV-VITA-256,B09C6GDG72,NL,Vegavero BIOLOGISCHE pompoenpitolie capsules | PREMIUM: Biologische pompoenpitolie koudgeperst | GEEN gelatine | 45% linolzuur (omega 6) | Laboratorium getest | Veganistisch - Geen toevoegingen,Vegavero,22.99,22.99,EUR,3.45,0.0,3.52,8.02
VV-VITA-256,B09C6GDG72,ES,Pumpkin Seed Oil Vegavero | El Único Orgánico | Aceite Semillas Calabaza | 180 Cápsulas | Prensado En Frío | Sin Aditivos & Vegano | Incontinencia & Próstata | Sin Gelatina,Vegavero,24.9,24.9,EUR,3.74,0.0,3.57,8.02
VV-VITA-256,B09C6GDG72,IT,Olio di Semi Di Zucca BIO | VEGAN | con 45% di Acido Linoleico | 3 Mesi di Fornitura | Pressato a Freddo | Salute della Prostata e Vie Urinarie | Vegavero®,Vegavero,25.99,25.99,EUR,3.9,0.0,4.19,8.02
VV-VITA-256,B09C6GDG72,FR,Huile de Pépins de Courge BIO & VEGAN Vegavero® | 45% Omega 6 | Prostate + Fuite Urinaire Homme | Sans Gélatine & Sans Additifs | 180 Gélules (3 Mois),Vegavero,24.9,24.9,EUR,3.74,0.0,4.63,8.02
VV-VITA-256,B09C6GDG72,DE,"Vegavero Kürbiskernöl Kapseln Bio, kaltgepresst mit 45% Linolsäure (Omega-6), Pumpkin Seed Oil 1000 mg pro Tag aus nur 2 Stück, vegan, ohne Zusatzstoffe und Gelatine, 3 Monate Vorrat, laborgeprüft",Vegavero,22.9,22.9,EUR,3.44,0.0,,8.02
VV-VITA-256,B09C6GDG72,GB,Vegavero Organic Pumpkin Seed Oil Capsules 1000 mg | Prostate Supplements | 45% Omega 6 Fatty Acids | NO Additives | Overactive Bladder & Urinary Tract Health | 180 Capsule | Vegan,Vegavero,23.99,23.99,GBP,3.6,0.0,2.95,8.02
VV-VITA-259,B09C6FWGJR,IE,"Vegavero Mushroom Complex | High Strength Extracts | Reishi, Cordyceps, Chaga, Lions Mane, Shiitake & Agaricus | NO Additives | 120 Capsules | Vegan",Vegavero,23.9,23.9,EUR,3.59,0.0,,8.47
VV-VITA-259,B09C6FWGJR,ES,Hongos Complex de 6 Sepas | 2000 mg de Extracto | Reishi + Cordyceps + Lions Mane + Shiitake + Chaga | 120 Cápsulas | Sistema Imune y Defensas | Vegano & Sin Aditivos | Vegavero,Vegavero,25.9,25.9,EUR,3.89,0.0,3.57,8.47
VV-VITA-259,B09C6FWGJR,IT,"FUNGHI MEDICINALI COMPLEX | Con Reishi, Cordyceps, Shiitake, Lions Mane, Agaricus e Chaga | Testato in Laboratorio (anche per Nichel) | Estratti Altamente Dosati) | Vegan | Vegavero®",Vegavero,27.99,27.99,EUR,4.2,0.0,4.19,8.47
VV-VITA-259,B09C6FWGJR,FR,"Complexe Champignons 2000 mg | UNIQUE : Extraits Puissants | Hericium, Reishi, Cordyceps CS-4, Shiitake, Chaga, Agaricus | Système Immunitaire | 120 Gélules | Vegan | Vegavero®",Vegavero,25.9,25.9,EUR,3.89,0.0,4.63,8.47
VV-VITA-259,B09C6FWGJR,DE,"Vegavero Vitalpilz Komplex Hochdosiert - 6 Vitalpilze Extrakte 2000 mg - 120 vegane Kapseln mit Reishi, Lions Mane, Cordyceps, Shiitake, Agaricus & Chaga Pilz - Mushroom Complex",Vegavero,25.9,25.9,EUR,3.89,0.0,3.17,8.47
VV-VITA-259,B09C6FWGJR,GB,"Vegavero Mushroom Complex | High Strength Extracts | Reishi, Cordyceps, Chaga, Lions Mane, Shiitake & Agaricus | NO Additives | 120 Capsules | Vegan",Vegavero,23.99,23.99,GBP,3.6,0.0,,8.47
VV-VITA-252,B096W5QCHX,IE,"Vegavero Shiitake Mushroom | 22,500 mg from 15:1 Extract | 40% Polysaccharides & 30% Beta-glucans | Highly Dosed | NO Additives | Vegan",Vegavero,22.99,22.99,EUR,3.45,0.0,1.55,8.18
VV-VITA-252,B096W5QCHX,NL,Vegavero SHIITAKE capsules | Met 750 mg shiitake-extract per capsule | 1500 mg dagelijkse dosis | 40% polysachariden en 30% bèta-glucaan | 100% NATUURLIJK & VEGAN | Zonder toevoegingen | 120 capsules,Vegavero,24.99,24.99,EUR,3.75,0.0,3.52,8.18
VV-VITA-252,B096W5QCHX,ES,Shiitake Vegavero | 11150 mg | 40% Polisacáridos + 30% Betaglucanos | SIN ADDITIVOS | Sistema Inmunitario + Estrés + Ansiedad | Ayurveda | 120 Cápsulas | Vegano,Vegavero,24.9,24.9,EUR,3.74,0.0,3.57,8.18
VV-VITA-252,B096W5QCHX,IT,SHIITAKE Vegavero® | 1.500 mg | Con 40% Polisaccaridi e 30% Betaglucani | Certificato in Laboratorio | 120 capsule | Lentinula edodes | Vegan,Vegavero,25.99,25.99,EUR,3.9,0.0,4.19,8.18
VV-VITA-252,B096W5QCHX,FR,Shiitake Vegavero® | Dosage Élevé : 750 mg d’Extrait | Avec 40% Polysaccharides + 30% Bêta-Glucanes | Défenses Immunitaires + Anti-Stress | 120 Gélules | VEGAN,Vegavero,25.9,25.9,EUR,3.89,0.0,4.63,8.18
VV-VITA-252,B096W5QCHX,DE,Shiitake Kapseln Vegavero | Mit 750 mg Shiitakeextrakt pro Einheit | 1500 mg Tagesdosis | 40% Polysaccharide & 30% Beta Glucan | 100% Natürlich & Vegan | Ohne Zusatzstoffe | 120 Stück,Vegavero,22.9,22.9,EUR,3.44,0.0,3.17,8.18
VV-VITA-252,B096W5QCHX,GB,"Vegavero Shiitake Mushroom | 22,500 mg from 15:1 Extract | 40% Polysaccharides & 30% Beta-glucans | Highly Dosed | NO Additives | Vegan",Vegavero,22.99,22.99,GBP,3.45,0.0,,8.18
VV-VITA-248,B096W2GHQV,IE,"Vegavero Organic Oregano Oil Capsules | Vegan | 90 mg Carvacrol, 3 mg Thymol | Cold-Pressed & Essential | NO Additives, Lab-Tested",Vegavero,19.95,19.95,EUR,2.99,0.0,1.38,6.15
VV-VITA-248,B096W2GHQV,NL,Vegavero Biologische Oregano-Olie | 90 Capsules,Vegavero,19.99,19.99,EUR,3.0,0.0,3.28,6.15
VV-VITA-248,B096W2GHQV,ES,"Vegavero Aceite de Orégano Orgánico | 90 mg Carvacrol + 3,5 mg Timol | 100% Vegano y Sin Aditivos | Testado en Laboratorio Alemán | 90 Cápsulas (3 Meses de Uso Contínuo)",Vegavero,20.9,20.9,EUR,3.14,0.0,3.91,6.15
VV-VITA-248,B096W2GHQV,IT,"Olio di ORIGANO BIO Vegavero® | con 70% di Carvacrolo e 2,5% Timolo | per Candidosi e Mughetto | 90 capsule | Vegan",Vegavero,26.99,26.99,EUR,4.05,0.0,4.23,6.15
VV-VITA-248,B096W2GHQV,FR,"Origan BIO Vegavero® | UNIQUE : Avec 70% Carvacrol et 2,5% Thymol | Sans Additifs | Antioxydant Puissant + Foie + Digestion | 90 Gélules | VEGAN",Vegavero,25.9,25.9,EUR,3.89,0.0,4.79,6.15
VV-VITA-248,B096W2GHQV,DE,"Vegavero Oregano Öl Kapseln Bio, 90 Stück für 3 Monate, 129 mg ätherisches Oreganoöl mit 90 mg Carvacrol und 3,5 mg Thymol pro Tagesdosis, frei von Gelatine, vegan, ohne Zusätze",Vegavero,23.9,23.9,EUR,3.59,0.0,3.21,6.15
VV-VITA-248,B096W2GHQV,GB,"Vegavero Organic Oregano Oil Capsules | Vegan | 90 mg Carvacrol, 3 mg Thymol | Cold-Pressed & Essential | NO Additives, Lab-Tested",Vegavero,21.99,21.99,GBP,3.3,0.0,2.98,6.15
VV-VITA-249,B096W3GD2S,ES,Saccharomyces Boulardii | Probióticos & Prebioticos | Levadura de Cerveza | Sin Aditivos | Vegano | 90 Cápsulas | Vegavero,Vegavero,24.9,24.9,EUR,3.74,0.0,3.91,6.2
VV-VITA-249,B096W3GD2S,IT,Saccharomyces Boulardii Vegavero® | 7 miliardi di CFU | con Beta Glucani e Oligosaccaridi da S. Cerevisiae | Probiotici e Prebiotici dall’Europa | 90 capsule | Vegan,Vegavero,25.99,25.99,EUR,3.9,0.0,4.23,6.2
VV-VITA-249,B096W3GD2S,FR,Saccharomyces Boulardii | 7 Milliards d’UFC | PREBIOTIQUE et PROBIOTIQUE | Avec Levure de Bière | 3 MOIS | VEGAN | Vegavero®,Vegavero,24.9,24.9,EUR,3.74,0.0,4.79,6.2
VV-VITA-249,B096W3GD2S,DE,Saccharomyces boulardii Vegavero | Hochdosiert: 350 mg pro Einheit - 7 Mrd. aktive Hefekulturen | Mit Beta Glucanen und MOS aus Bierhefe | Vegan & Ohne Zusätze | Deutsche Produktion | 90 Kapseln,Vegavero,23.9,23.9,EUR,3.59,0.0,3.21,6.2
VV-VITA-249,B096W3GD2S,GB,Vegavero Saccharomyces Boulardii | Prebiotic and Probiotic Supplements | NO Additives | 7 Billion CFU per Capsule | 350 mg S. Boulardi & 150mg S. Cerevisiae | Vegan,Vegavero,22.95,22.95,GBP,3.44,0.0,2.98,6.2
VV-VITA-247,B096W3WGCN,IE,"Vegavero Astaxanthin Antioxidant Supplement 8 mg | Natural Oil from Algae | NO Additives, Lab-Tested | AstaZine® | 60 Capsules | Vegan",Vegavero,19.99,19.99,EUR,3.0,0.0,1.38,7.24
VV-VITA-247,B096W3WGCN,ES,Astaxantina Pura Vegavero | 8 mg en Aceite (AstaZine) | 100% NATURAL | Sistema Inmune + Protector Solar + Antioxidante | Sin Aditivos | Vegano | 60 Cápsulas Sin Gelatina,Vegavero,21.9,21.9,EUR,3.29,0.0,3.91,7.24
VV-VITA-247,B096W3WGCN,IT,Astaxantina Naturale | 160 mg di Alghe Haematococcus Pluvialis | 5% di Astaxanthin Pura AstaZine® | Integratore Antiossidante | Senza OGM e Certificato in Laboratorio | Vegan | Vegavero®,Vegavero,22.9,22.9,EUR,3.44,0.0,4.23,7.24
VV-VITA-247,B096W3WGCN,FR,Astaxanthine 8mg PREMIUM Vegavero® | Qualité Supérieure : Huile AstaZine® | 100% Naturelle & Pure | Sans Additifs | Antioxydant Puissant | VEGAN,Vegavero,21.9,21.9,EUR,3.29,0.0,4.79,7.24
VV-VITA-247,B096W3WGCN,DE,Vegavero Astaxanthin Öl Kapseln hochdosiert (60 vegane Kapseln) - 8 mg natürliches Astaxanthin - Markenrohstoff AstaZine aus Haematococcus Pluvialis Alge - In MCT-Öl für höchste Bioverfügbarkeit,Vegavero,19.9,19.9,EUR,2.99,0.0,2.82,7.24
VV-VITA-247,B096W3WGCN,GB,"Vegavero Astaxanthin Antioxidant Supplement 8 mg | Natural Oil from Algae | NO Additives, Lab-Tested | AstaZine | 60 Capsules | Vegan",Vegavero,19.99,19.99,GBP,3.0,0.0,2.69,7.24
VV-VITA-250,B096W54FGM,IE,Vegavero Organic Bacopa Monnieri | 1500 mg Brahmi | 2% Natural Bacosides | Lab-Tested | 180 Tablets | Vegan,Vegavero,18.9,18.9,EUR,2.84,0.0,1.53,5.09
VV-VITA-250,B096W54FGM,NL,Vegavero Biologische BRAHMI | 1.500 mg Bacopa monnieri poeder | 2% Bacoside | Veganistisch & laboratorium getest | Brahmi poeder biologisch uit India | Geen toevoegingen,Vegavero,20.99,20.99,EUR,3.15,0.0,3.56,5.09
VV-VITA-250,B096W54FGM,ES,Bacopa Monnieri BIO | 180 Comprimidos | Nootropicos Memoria y Concentracion | BRAHMI Orgánico | 1500 mg | Vegano | Vegavero,Vegavero,16.9,16.9,EUR,2.54,0.0,3.51,5.09
VV-VITA-250,B096W54FGM,IT,BACOPA MONNIERI BIO Vegavero® | 750 mg | Brahmi con Bacopasidi | NOOTROPICO naturale per Memoria e Concentrazione | 180 compresse | Vegan,Vegavero,20.99,20.99,EUR,3.15,0.0,4.61,5.09
VV-VITA-250,B096W54FGM,FR,Bacopa Monnieri BIO Vegavero® | 180 Comprimés | Nootropic : Mémoire + Focus | Unique : Brahmi BIOLOGIQUE Avec Bacosides | Vegan,Vegavero,21.9,21.9,EUR,3.29,0.0,5.15,5.09
VV-VITA-250,B096W54FGM,DE,Vegavero Brahmi Tabletten hochdosiert 180 Stück - 1500 mg Bacopa monnieri Bio pro Tagesdosis - 2% Bacopaside - Brahmi Pulver aus Indien - Vegan & laborgeprüft,Vegavero,17.9,17.9,EUR,2.69,0.0,3.03,5.09
VV-VITA-250,B096W54FGM,GB,Vegavero Organic Bacopa Monnieri | 1500 mg Brahmi | 2% Natural Bacosides | Lab-Tested | 180 Tablets | Vegan,Vegavero,19.99,19.99,GBP,3.0,0.0,2.74,5.09
VV-VITA-243,B094R1JQ6K,IE,"Vegavero Advanced Multi Magnesium Complex | with 4x Chelated Forms: Citrate, Bisglycinate, Malate & Taurate | Vitamins B6 & B2 for Superior Absorption | 180 Vegan Capsules | NO Additives",Vegavero,22.95,22.95,EUR,3.44,0.0,1.71,6.04
VV-VITA-243,B094R1JQ6K,NL,Vegavero Magnesium Complex | 4 Bioactieve Vormen | 180 Capsules,Vegavero,19.99,19.99,EUR,3.0,0.0,3.32,6.04
VV-VITA-243,B094R1JQ6K,ES,Magnesio Complex | 375 mg de Magnesio | Citrato + Bisglicinato + Taurato + Malato | 180 Cápsulas | Vitamina B6 & B2 | Sin Aditivos & Vegano | Vegavero,Vegavero,22.9,22.9,EUR,3.44,0.0,3.8,6.04
VV-VITA-243,B094R1JQ6K,IT,Magnesio Completo Complex | 4 Forme Migliori: Citrato + Bisglicinato + Malato + Taurato | con Vitamina B2 e B6 | 180 capsule | Vegan | Vegavero®,Vegavero,25.99,25.99,EUR,3.9,0.0,4.61,6.04
VV-VITA-243,B094R1JQ6K,FR,"Complexe de Magnesium 375 mg | 180 Gélules | 4 FORMES - Bisglycinate, Malate, Citrate et Taurate | Avec Vitamine B2 & B6 | Absorption Supérieure | Sans Additifs & Vegan | Vegavero®",Vegavero,21.9,21.9,EUR,3.29,0.0,5.15,6.04
VV-VITA-243,B094R1JQ6K,DE,"Vegavero Magnesium Komplex hochdosiert, 180 Kapseln, nur organische Formen: Bisglycinat, Malat, Taurat & Citrat + Vitamin B6 und B2, ohne Oxid, vegan, laborgeprüft",Vegavero,21.9,21.9,EUR,3.29,0.0,3.18,6.04
VV-VITA-243,B094R1JQ6K,GB,"Vegavero Advanced Multi Magnesium Complex | with 4X Chelated Forms: Citrate, Bisglycinate, Malate & Taurate | Vitamins B6 & B2 for Superior Absorption | 180 Vegan Capsules | NO Additives",Vegavero,22.95,22.95,GBP,3.44,0.0,3.05,6.04
VV-VITA-231,B08XZLYCZ5,IE,"Vegavero Myo-Inositol D-Chiro-Inositol Complex | with Coenzyme Q10, Zinc, Vitamin B6, Chromium & Folic Acid (Quatrefolic) | PCOS Supplement | NO Additives | 120 Capsules | Vegan",Vegavero,26.99,26.99,EUR,4.05,0.0,1.55,7.05
VV-VITA-231,B08XZLYCZ5,NL,"Vegavero INOSITOL COMPLEX | Myo-Inositol & D-Chiro-Inositol, Foliumzuur (Quatrefolic®), Co-enzym Q10, Chroom, Zink | Veganistisch en zonder toevoegingen",Vegavero,23.99,23.99,EUR,3.6,0.0,3.52,7.05
VV-VITA-231,B08XZLYCZ5,ES,Vegavero Myo Inositol | PCOS | Con D-Chiro + 5-MTHF + Vitaminas | OVARIOS POLIQUÍSTICO | Sin Aditivos | 120 Cápsulas,Vegavero,29.9,29.9,EUR,4.49,0.0,3.57,7.05
VV-VITA-231,B08XZLYCZ5,IT,"Vegavero Integratore INOSITOLO | Myo & D Chiro Inositol, Folato 5-MTHF, Cromo, Zinco e Vitamina B6 | PCOS e Ovaio Policistico | Certificato in Laboratorio",Vegavero,29.99,29.99,EUR,4.5,0.0,4.19,7.05
VV-VITA-231,B08XZLYCZ5,FR,"Vegavero Myo-Inositol SOPK avec D-Chiro-Inositol, Coenzyme Q10, Chrome, Zinc, Folate 5-MTHF et Vitamine B6, 120 Gélules Vegan, Sans Additifs, Analysé en Laboratoire",Vegavero,28.9,28.9,EUR,4.34,0.0,4.63,7.05
VV-VITA-231,B08XZLYCZ5,DE,"Vegavero Myo-Inositol Komplex 2000 mg mit D-Chiro-Inositol, Coenzym Q10, Folat, Chrom, Zink und Vitamin B6, 120 vegane Kapseln, ohne Zusatzstoffe, hergestellt & laborgeprüft in Deutschland",Vegavero,26.9,26.9,EUR,4.04,0.0,3.17,7.05
VV-VITA-231,B08XZLYCZ5,GB,"Vegavero Myo-Inositol & D-Chiro Complex | Complete Formula with CoQ10, Zinc, Vitamin B6, Chromium & Folate (Quatrefolic) | 40:1 Ratio | PCOS Supplement | NO Additives, Lab-Tested | Vegan",Vegavero,26.99,26.99,GBP,4.05,0.0,2.95,7.05
VV-VITA-230,B08XZMCR17,IE,"Vegavero Berberine HCL 1000 mg | 50:1 Barberry Extract 97% Berberin | with Black Garlic Extract, Chromium and Piperine | NO Additives, Lab-Tested | Blood Sugar Levels Supplement | Vegan",Vegavero,25.99,25.99,EUR,3.9,0.0,1.55,8.89
VV-VITA-230,B08XZMCR17,NL,Vegavero Berberine 1000 mg Extract 50:1,Vegavero,25.99,25.99,EUR,3.9,0.0,3.66,8.89
VV-VITA-230,B08XZMCR17,ES,Berberina 1000 mg | Con Pimienta y Ajo Negro + Cromo | Bajar Colesterol + Para La Figura | Sin Aditivos | Vegano | Vegavero,Vegavero,23.9,23.9,EUR,3.59,0.0,3.91,8.89
VV-VITA-230,B08XZMCR17,IT,"Berberina 1.000 mg | con Cromo, Pepe Nero e Aglio Nero | Berberine Pura e Naturale 97% da Berberis aristata | Vegan e Senza Additivi | Vegavero®",Vegavero,23.99,23.99,EUR,3.6,0.0,4.23,8.89
VV-VITA-230,B08XZMCR17,FR,"Vegavero Berbérine Complexe 1032 mg, Quatre Actifs avec Ail Noir, Chrome et Poivre Noir, Pour 3 Mois (90 Gélules), Extrait Berberis 50:1, Sans Additifs & Vegan",Vegavero,25.9,25.9,EUR,3.89,0.0,4.79,8.89
VV-VITA-230,B08XZMCR17,DE,Berberin Kapseln 1000 mg | Hochdosierter Extrakt 50:1 | Chrom + Schwarzem Knoblauch + Piperin | Vegan & Ohne Zusatzstoffe | Laborgeprüft | Deutsche Produktion von Vegavero,Vegavero,25.9,25.9,EUR,3.89,0.0,3.21,8.89
VV-VITA-230,B08XZMCR17,GB,"Vegavero Berberine HCL 1000 mg | 50:1 Barberry Extract 97% Berberin | with Black Garlic Extract, Chromium and Piperine | NO Additives, Lab-Tested | Blood Sugar Levels Supplement | Vegan",Vegavero,25.99,25.99,GBP,3.9,0.0,2.98,8.89
VV-VITA-227,B08VWF8Y96,IE,"Vegavero Organic Evening Primrose Oil | with Organic Borage Seed Oil | Cold-Pressed | 90 Capsules | NO Additives, Lab-Tested | Rich in Linoleic Acid, Omega 3 & GLA | Vegan",Vegavero,21.95,21.95,EUR,3.29,0.0,1.55,6.65
VV-VITA-227,B08VWF8Y96,ES,Evening Primrose Oil Vegavero | El único Vegano & Orgánico | Aceite de Onagra Y Borraja | Acné + Psoriasis + Eczema | Con Omega 6 | Prensado en Frío | Sin Aditivos | Onagra 500 mg | 90 Perlas,Vegavero,23.9,23.9,EUR,3.59,0.0,3.91,6.65
VV-VITA-227,B08VWF8Y96,IT,"Olio di Enotera e Borragine BIO | L’UNICO VEGANO | Pressato a Freddo con 10,5% e 20,5% di GLA | per Sindrome Premestruale e Menopausa | Senza additivi | 90 capsule",Vegavero,23.99,23.99,EUR,3.6,0.0,4.23,6.65
VV-VITA-227,B08VWF8Y96,FR,Onagre BIO + Bourrache - 700 mg | VEGAN & Naturel | Avec Omega 6 | Pour la Peau + Rééquilibrage hormonal | Qualité Supérieure & Sans Additifs | 3 Mois | Vegavero®,Vegavero,20.9,20.9,EUR,3.14,0.0,4.79,6.65
VV-VITA-227,B08VWF8Y96,DE,Vegavero Nachtkerzenöl & Borretschöl BIO - 90 vegane Kapseln - kaltgepresst - standardisiert auf GLA (Gamma-Linolensäure) - Omega 6 - Nachtkerzenöl Kapseln ohne Gelatine,Vegavero,20.9,20.9,EUR,3.14,0.0,3.21,6.65
VV-VITA-227,B08VWF8Y96,GB,"Vegavero Organic Evening Primrose Oil | with Organic Borage Seed Oil | Cold-Pressed | 90 Capsules | NO Additives, Lab-Tested | Rich in Linoleic Acid, Omega 3 & GLA | Vegan",Vegavero,21.95,21.95,GBP,3.29,0.0,2.98,6.65
VV-VITA-224,B08VX84KW4,IE,"Vegavero Vegan Essentials | Multivitamins & Minerals | Vitamins B12, B2, D3, K2, Zinc, Iron, Selenium and Iodine | NO Additives | Natural Support for Plant Based Diet | 120 Capsules",Vegavero,19.95,19.95,EUR,2.99,0.0,1.38,6.26
VV-VITA-224,B08VX84KW4,NL,"Vegavero Vegan Essentials Vitamine complex | Vitaminen A, B12, B2, D3 + K2, foliumzuur, ijzer, selenium, jodium, calcium | Laboratoriumgetest, geen toevoegingen",Vegavero,19.99,19.99,EUR,3.0,0.0,3.28,6.26
VV-VITA-224,B08VX84KW4,ES,Vegavero Multivitaminas Esenciales Para Veganos | El Único Natural | Vitaminas B12 + K2 + B2 | Materia Premium | Calcio + Hierro + Selenio | Sin Aditivos | 120 Cápsulas,Vegavero,28.9,28.9,EUR,4.34,0.0,3.57,6.26
VV-VITA-224,B08VX84KW4,IT,"Integratore per VEGANI | con Vitamina B12, B2, D3, K2, Ferro, Selenio, Calcio e Iodio | per Sostenere una Dieta Vegana | 120 capsule | 2 mesi | Multivitaminico Multiminerale | Vegan | Vegavero®",Vegavero,22.99,22.99,EUR,3.45,0.0,4.19,6.26
VV-VITA-224,B08VX84KW4,FR,"Multivitamines pour VEGAN | Pour Soutenir un Régime Végétalien | Vitamines et Minéraux Essentiels | Haute Biodisponibilité | Vitamine B12, D3, K2, Fer et Calcium | 120 Gélules | Vegavero®",Vegavero,21.9,21.9,EUR,3.29,0.0,4.63,6.26
VV-VITA-224,B08VX84KW4,DE,"Vegan Essentials Vitaminkomplex | Vitamine A, B12, B2, D3 + K2, Folat, Eisen, Selen, Jod, Calcium | Hochdosiert und Bioverfügbar | Laborgeprüft | Ohne Zusatzstoffe | Deutsche Produktion von Vegavero",Vegavero,19.9,19.9,EUR,2.99,0.0,2.82,6.26
VV-VITA-224,B08VX84KW4,GB,"Vegavero Vegan Essentials | Multivitamins & Minerals | Vitamins B12, B2, D3, K2, Zinc, Iron, Selenium and Iodine | NO Additives | Natural Support for Plant Based Diet | 120 Capsules",Vegavero,19.95,19.95,GBP,2.99,0.0,2.71,6.26
VV-VITA-228,B08VWKYVKS,IE,Vegavero Vitamins D3 K2 Oil | Vegan & NO Additives | Cholecalciferol & All-Trans MK-7 | 1000 IU Vitamin D + 100 µg Vit K2 | 120 Vegan Capsules,Vegavero,22.95,22.95,EUR,3.44,0.0,1.55,7.53
VV-VITA-228,B08VWKYVKS,NL,Vegavero VITAMINE D3 K2 capsules | Veganistisch en natuurlijk | D3+K2-olie met 1000 IE D3 en 100 µg K2 MK7 per capsule | 120 capsules,Vegavero,22.99,22.99,EUR,3.45,0.0,3.66,7.53
VV-VITA-228,B08VWKYVKS,ES,"Vitamina D3 y K2 | Perfecta Dosis – Probado en Laboratorio | MK7 >99% All-Trans | Calcio, Sistema Inmune y Resistencia | 100% Vegano & Sin Aditivos | Para 4 meses | Vegavero",Vegavero,22.9,22.9,EUR,3.44,0.0,3.91,7.53
VV-VITA-228,B08VWKYVKS,IT,"Vitamina D3 + K2 MK7 | VEGAN | Vitamine di Marca dall’Europa | K2 >99% all-trans MK-7 K2VITAL | Alta Biodisponibilità | per Ossa, Denti e Sistema Immunitario | Cruelty Free | Vegavero",Vegavero,23.99,23.99,EUR,3.6,0.0,4.23,7.53
VV-VITA-228,B08VWKYVKS,FR,Vitamine D3 K2 Vegan | Haute Biodisponibilité | Immunité + Os + Anti Inflammatoire | Sans Additifs & Testé en Laboratoire | Vit D3 1000 IU | 120 Gélules (4 Mois) | Vegavero®,Vegavero,26.9,26.9,EUR,4.04,0.0,4.79,7.53
VV-VITA-228,B08VWKYVKS,DE,Vegavero Vitamin D3 K2 Öl Kapseln Vegan für 120 Tage - 1.000 Vitamin D3 + 100 µg Vitamin K2 all-trans - Vitamin D3 K2 Tabletten laborgeprüft & ohne Zusatzstoffe - Vitamin D3 K2 Kapseln hochdosiert,Vegavero,22.9,22.9,EUR,3.44,0.0,3.21,7.53
VV-VITA-228,B08VWKYVKS,GB,Vegavero Vitamins D3 K2 Oil | Vegan & NO Additives | Cholecalciferol & All-Trans MK-7 | 1000 IU Vitamin D + 100 µg VIT K2 | 120 Vegan Capsules,Vegavero,22.95,22.95,GBP,3.44,0.0,2.98,7.53
VV-VITA-225,B08VWV18N7,IE,Vegavero Himalayan Shilajit Resin 1300 mg | 60% Fulvic Acid + Humic Acids | 60:1 Himalyan Extract | NO Additives | 3 Month Supply | 90 Capsules | Vegan,Vegavero,23.99,23.99,EUR,3.6,0.0,,8.81
VV-VITA-225,B08VWV18N7,NL,Vegavero Mumijo Shilajit capsules | 1300 mg-extract (60:1) | Vergelijkingswinnaar 2024* | 60% Fulvinezuur + 12% Humuszuur | Originele Shilajit Himalaya - uit India | Laboratorium getest,Vegavero,25.99,25.99,EUR,3.9,0.0,3.66,8.81
VV-VITA-225,B08VWV18N7,ES,Shilajit Puro | 1.300 - DOSIS MÁS ALTA | 90 Cápsulas | 60% Ácido Fúlvico y 12% ácidos húmicos | Mumijo del Himalaya | Sin Aditivos | Vegavero,Vegavero,25.9,25.9,EUR,3.89,0.0,3.91,8.81
VV-VITA-225,B08VWV18N7,IT,SHILAJIT MUMIJO Puro Vegavero® | 1.300 mg | con 60% Acidi Fulvici e 12% Acidi Umici | Mumio con più di 85 oligoelementi | Medicina Ayurveda e Tibetana | 90 capsule | Vegan,Vegavero,25.99,25.99,EUR,3.9,0.0,4.23,8.81
VV-VITA-225,B08VWV18N7,FR,Shilajit Pure 78.000 mg Vegavero® | Extrait 60:1 | 60% Acides Fulviques + 12% Humiques | Résine de l'Himalaya | Energie + Immunité + Antioxydant | 90 Gélules | VEGAN & Sans Additifs,Vegavero,24.9,24.9,EUR,3.74,0.0,4.79,8.81
VV-VITA-225,B08VWV18N7,DE,Vegavero Mumijo Shilajit Kapseln - 60:1 Extrakt - aus dem Himalaya - 60% Fulvinsäuren & 12% Huminsäuren - 1300 mg pro Tag – 90 Himalaya Shilajit Kapseln hochdosiert - Vegan & Laborgeprüft,Vegavero,20.9,20.9,EUR,3.14,0.0,3.21,8.81
VV-VITA-225,B08VWV18N7,GB,Vegavero Himalayan Shilajit Resin 1300 mg | 60% Fulvic Acid + Humic Acids | 60:1 Himalyan Extract | NO Additives | 3 Month Supply | 90 Capsules | Vegan,Vegavero,23.99,23.99,GBP,3.6,0.0,2.98,8.81
VV-VITA-222,B08QVYP7YH,GB,Vegavero Organic Black Cumin Seed Oil 1000 mg | Cold Pressed | 180 Capsules | Nigella Sativa | High Strength Thymoquinone & Linoleic Acid | NO Additives | Vegan | Added Vitamin E,Vegavero,23.95,23.95,GBP,3.59,0.0,2.95,6.68
VV-VITA-223,B08QVWRHP2,IE,Vegavero Vegan Omega 3 | Algae Oil DHA & EPA | 90 Capsules | NO Additives | Lab-Tested,Vegavero,23.99,23.99,EUR,3.6,0.0,1.55,8.85
VV-VITA-223,B08QVWRHP2,ES,Vegavero Omega 3 Vegano | 1500 mg de Aceite de Algas | DHA + EPA - 675 mg | 90 Cápsulas Sin Gelatina | Sin Aditivos | 100% vegetal,Vegavero,26.9,26.9,EUR,4.04,0.0,3.91,8.85
VV-VITA-223,B08QVWRHP2,IT,Vegavero Omega 3 VEGAN | con DHA + EPA | 1500 mg di Olio di Alghe dagli USA: Life™ OMEGA | Qualità Premium Sostenibile | 450-225 mg DHA+ EPA | no OGM | 90 capsule,Vegavero,22.99,22.99,EUR,3.45,0.0,4.23,8.85
VV-VITA-223,B08QVWRHP2,FR,Omega 3 VEGAN | 1500 mg Huile d’Algues avec 450 DHA & 225 EPA | 90 Gélules | 100% Naturel et Sans Additifs | Cerveau + Mémoire | Vegavero®,Vegavero,25.9,25.9,EUR,3.89,0.0,4.79,8.85
VV-VITA-223,B08QVWRHP2,DE,Omega 3 Kapseln | Premium Rohstoff: life'sOmega | 450 mg DHA - 225 mg EPA | Vegan - Keine Gelatine | Algenöl kaltgepresst | Laborgeprüft | Konzentration* | Deutsche Produktion Vegavero,Vegavero,23.9,23.9,EUR,3.59,0.0,3.21,8.85
VV-VITA-223,B08QVWRHP2,GB,Vegavero Vegan Omega 3 | Algae Oil DHA & EPA | 90 Capsules | NO Additives | Lab-Tested,Vegavero,23.99,23.99,GBP,3.6,0.0,2.98,8.85
VV-VITA-216,B08NPF3LJ7,IE,Vegavero Kudzu Root | 6000 mg (10:1) High Strength Extract 8% Isoflavones | NO Additives | 180 Capsules | Plus Avena Sativa & Vitamin C | Alcohol Detox | Midlife Supplement | Vegan,Vegavero,19.99,19.99,EUR,3.0,0.0,1.38,5.56
VV-VITA-216,B08NPF3LJ7,ES,Kudzu 6000 mg | Dejar de Fumar & Remedio Resaca | Con Avena + Acerola | Sin Aditivos | Con Isoflavonas & Vitamina C Natural | 180 Cápsulas | Extracto Raíz | Vegavero,Vegavero,20.9,20.9,EUR,3.14,0.0,3.57,5.56
VV-VITA-216,B08NPF3LJ7,IT,"KUDZU Vegavero ® | 6.000 mg (10:1) | 180 capsule | 8% Isoflavoni | con Vitamina C da Acerola | Alto Dosaggio | Integratore per Menopausa, Ansia e Astinenza | Vegan",Vegavero,22.99,22.99,EUR,3.45,0.0,4.19,5.56
VV-VITA-216,B08NPF3LJ7,FR,"Vegavero Kudzu Plus 600 mg (Extrait 10:1), 180 Gélules, Standardisé à 8% d'Isoflavones, avec Avoine et Vitamine C Naturelle, Sans Additifs & Vegan",Vegavero,25.9,25.9,EUR,3.89,0.0,4.63,5.56
VV-VITA-216,B08NPF3LJ7,DE,Kudzu Kapseln hochdosiert | Premium: 6.000 mg Pulver aus 600 mg Extrakt | Mit Haferkraut + Vitamin C | Isoflavone | Laborgeprüft | Vegan - ohne Zusatzstoffe | Deutsche Produktion Vegavero,Vegavero,19.9,19.9,EUR,2.99,0.0,2.82,5.56
VV-VITA-216,B08NPF3LJ7,GB,Vegavero Kudzu Root | 6000 mg (10:1) High Strength Extract 8% Isoflavones | NO Additives | 180 Capsules | Plus Avena Sativa & Vitamin C | Alcohol Detox | Midlife Supplement | Vegan,Vegavero,19.99,19.99,GBP,3.0,0.0,2.71,5.56
VV-VITA-206,B08JCRVJX7,NL,"Vegavero BIOLOGISCHE Artisjok capsules | Grondstof uit Frankrijk | 2.000 mg extract (20:1) - zoals 40.000 mg poeder | 2,5% Cynarine | Laboratoriumgetest | Zzonder toevoegingen",Vegavero,18.99,18.99,EUR,2.85,0.0,3.28,5.06
VV-VITA-206,B08JCRVJX7,ES,"Alcachofa Forte BIO | 2000 mg Dosis Diaria | 120 Cápsulas | 33,4 mg Cinarina | Sin Aditivos & Vegano | Vegavero",Vegavero,19.9,19.9,EUR,2.99,0.0,3.28,5.06
VV-VITA-206,B08JCRVJX7,IT,"CARCIOFO BIO Vegavero® | 2000 mg (20:1) | 2,5% di Cinarina | Origine: Francia | Altamente Dosato e Senza Additivi | 120 capsule | Vegan",Vegavero,18.99,18.99,EUR,2.85,0.0,3.64,5.06
VV-VITA-206,B08JCRVJX7,FR,"Artichaut BIO | Origine FRANCE | 2000 mg (extrait 20:1) | 2,5% Cynarine | Sans Additifs | Testé en Laboratoire | 120 gélules | Artichoke Extract | Vegavero®",Vegavero,19.9,19.9,EUR,2.99,0.0,4.37,5.06
VV-VITA-206,B08JCRVJX7,DE,"VEGAVERO Bio Artischocken Kapseln hochdosiert - 2000 mg Artischocken-Extrakt (20:1) & 50 mg Cynarin pro Tag - 120 Kapseln Vegan - Laborgeprüft, Bio aus Frankreich",Vegavero,17.9,17.9,EUR,2.69,0.0,2.82,5.06
VV-VITA-206,B08JCRVJX7,GB,"Vegavero Organic Artichoke 40,000 mg 20:1 High Strength Extract | Without Leaf Fibre or Inulin | 2.5% Cynarin | NO Additives, Lab-Tested | 120 Capsules | Vegan",Vegavero,17.99,17.99,GBP,2.7,0.0,2.71,5.06
VV-VITA-203,B08JC2YLYL,IE,Vegan GABA Complex 1000 mg | Plus L-THEANINE + VITAMIN B6 | 120 Capsules | Stress and Relax Supplement | Vegan,Vegavero,21.99,21.99,EUR,3.3,0.0,,5.79
VV-VITA-203,B08JC2YLYL,BE,Vegavero GABA 1000 mg avec L-Theanine | 120 Gélules,Vegavero,18.9,18.9,EUR,2.84,0.0,2.68,5.79
VV-VITA-203,B08JC2YLYL,NL,Vegavero GABA 1.000 mg met L-Theanine | 120 Capsules,Vegavero,19.99,19.99,EUR,3.0,0.0,3.28,5.79
VV-VITA-203,B08JC2YLYL,ES,"Vegavero GABA Plus | 1000 mg GABA + 90 mg L-Teanina + Vitamina B6 | Apoyo Antiestrés, Relajación y Sistema Nervioso | Testado en Laboratorio | 120 Cápsulas | Vegano y Sin Aditivos",Vegavero,21.9,21.9,EUR,3.29,0.0,3.57,5.79
VV-VITA-203,B08JC2YLYL,IT,GABA 1000 mg | con L-Teanina e Vitamina B6 | Prodotto e Testato in Germania | per Stress e Ansia | Integratore per Rilassamento Fisico e Mentale | Vegavero,Vegavero,19.99,19.99,EUR,3.0,0.0,3.64,5.79
VV-VITA-203,B08JC2YLYL,FR,GABA 1000mg | Avec L-Theanine & Vitamine B6 | 120 Gélules | Anti-Stress + Mieux Dormir | Vegan & Sans Additifs | Vegavero®,Vegavero,18.9,18.9,EUR,2.84,0.0,4.37,5.79
VV-VITA-203,B08JC2YLYL,DE,"Vegavero Gaba Kapseln hochdosiert, 1000 mg pro Tagesdosis, 120 Stück, mit L-Theanin aus Grüntee Extrakt und Vitamin B6 für die normale psychische Funktion, vegan, ohne Zusatzstoffe",Vegavero,19.9,19.9,EUR,2.99,0.0,2.82,5.79
VV-VITA-204,B08JCV95Y3,NL,Vegavero DUIVELSKLAUW capsules | 550 mg | Met wilgenschors (Salix alba) & gember | 2% harpagosiden uit Harpagophytum procumbens | Veganistisch en zonder toevoegingen | 120 capsules,Vegavero,17.99,17.99,EUR,2.7,0.0,3.28,5.01
VV-VITA-204,B08JCV95Y3,ES,Harpagófito Plus Vegavero | Con Jengibre & Sauce Blanco | 120 Cápsulas | Antiinflamatorio Natural | Sin Aditivos | Garra Del Diablo | Harpagophytum Procumbens & Salix Alba,Vegavero,17.9,17.9,EUR,2.69,0.0,3.28,5.01
VV-VITA-204,B08JCV95Y3,IT,ARTIGLIO del DIAVOLO Vegavero® | 550 mg | con Salice Bianco e Zenzero | 2% Arpagoside | 120 capsule | Salute delle Articolazioni | Harpagophytum procumbens e Salix alba | Vegan,Vegavero,18.99,18.99,EUR,2.85,0.0,3.64,5.01
VV-VITA-204,B08JCV95Y3,FR,"Harpagophytum Plus Vegavero® | Avec Griffe du Diable, Gingembre et Saule Blanc | Sans Additifs | Douleurs Articulaires | Avec Harpagosides, Gingérols et Salicine | 120 Gélules | VEGAN",Vegavero,18.9,18.9,EUR,2.84,0.0,4.37,5.01
VV-VITA-204,B08JCV95Y3,DE,"Vegavero Teufelskralle Kapseln Plus – 550 mg hochdosiert mit Weidenrindenextrakt & Ingwer - standardisiert auf Harpagosid, Salicin & Gingerole - vegan & laborgeprüft - 120 Kapseln ohne Zusätze",Vegavero,18.9,18.9,EUR,2.84,0.0,2.82,5.01
VV-VITA-204,B08JCV95Y3,GB,"Vegavero Devil’s Claw | 4400 mg (8:1) Extract | NO Additives, Lab-Tested | with White Willow Bark & Ginger | Natural Joint Support | Harpagophytum with 2% Harpagoside | 120 Capsules | Vegan",Vegavero,15.99,15.99,GBP,2.4,0.0,,5.01
VV-VITA-202,B08JCSQGVK,IE,"Vegavero Multivitamin for Kids Spray | No Added Sugar | NO Additives | Natural Orange Flavour | with Vitamin C, D3, E, K2 & All B Vitamins | 125 Sprays | Vegan",Vegavero,14.95,14.95,EUR,2.24,0.0,1.2,2.73
VV-VITA-202,B08JCSQGVK,NL,Vegavero MULTIVITAMINE SPRAY VOOR KINDEREN | Zonder suiker & kunstmatige toevoegingen | Van 1-13 jaar | Met 11 vitamines,Vegavero,14.99,14.99,EUR,2.25,0.0,2.91,2.73
VV-VITA-202,B08JCSQGVK,ES,Multivitaminas Para Niños Vegavero | 11 Vitaminas & Sabor a Naranja Natural en Spray | Sin azúcar & Vegano | Vitaminas C + B12 + D3 + K2 | 120 Pulverizaciones,Vegavero,14.9,14.9,EUR,2.24,0.0,3.05,2.73
VV-VITA-202,B08JCSQGVK,IT,"MULTIVITAMINICO per BAMBINI | con Vitamine C, B, D3 e K2 | per lo Sviluppo e il Sistema Immunitario | Gusto Arancia | Senza Zucchero | Vegan | Vegavero®",Vegavero,19.99,19.99,EUR,3.0,0.0,3.4,2.73
VV-VITA-202,B08JCSQGVK,FR,Multivitamines pour Enfants Spray Vegavero® | Sans Additifs Artificiels & Sans Sucre | Avec Toutes les Vitamines B (dont B12 & B9) + Vitamine C + D3 + K2 | Goût Orange | VEGAN,Vegavero,16.9,16.9,EUR,2.54,0.0,4.02,2.73
VV-VITA-202,B08JCSQGVK,DE,"Vegavero Kinder Multivitamin Spray – Vitamine für Kinder ohne Zuckerzusatz - mit 8 B-Vitaminen, Vitamin D3 & K2 - natürlicher Orangengeschmack - Kinder Vitamine vegan & laborgeprüft - 120 Sprühstöße",Vegavero,15.9,15.9,EUR,2.39,0.0,2.43,2.73
VV-VITA-202,B08JCSQGVK,GB,"Vegavero Multivitamin for Kids Spray | No Added Sugar | NO Additives | Natural Orange Flavour | with Vitamin C, D3, E, K2 & All B Vitamins | 125 Sprays | Vegan",Vegavero,14.95,14.95,GBP,2.24,0.0,2.46,2.73
VV-VITA-208,B08JC9XBGM,IE,Vegavero Organic Horse Chestnut Extract | with Red Vines & Acerola Cherry | 120 Capsules | NO Additives | Circulation & Varicose Veins Support | Aesculus Hippocastanum | Vegan,Vegavero,22.65,22.65,EUR,3.4,0.0,1.55,7.57
VV-VITA-208,B08JC9XBGM,NL,Vegavero Biologische Paardenkastanje Extract 800 mg,Vegavero,19.99,19.99,EUR,3.0,0.0,3.28,7.57
VV-VITA-208,B08JC9XBGM,ES,Castaño de Indias BIO Vegavero | 800mg | Con Vid Roja | 100% Orgánico | Circulación & Piernas Cansadas | Libre de Aditivos | 120 Cápsulas | Vegano | Aesculus Hippocastanum,Vegavero,24.9,24.9,EUR,3.74,0.0,3.75,7.57
VV-VITA-208,B08JC9XBGM,IT,IPPOCASTANO BIO Vegavero® | 800 mg | con Vite Rossa e Acerola | Titolato in Escina e Polifenoli | per Microcircolo e Circolazione Gambe | 120 capsule | Vegan,Vegavero,24.99,24.99,EUR,3.75,0.0,4.37,7.57
VV-VITA-208,B08JC9XBGM,FR,Marronnier d’Inde BIO 800 mg | Extraction en FRANCE | Circulation Sanguine | Vigne Rouge + Vitamine C Naturelle | 120 Gélules | VEGAN & Sans Additifs | Vegavero®,Vegavero,20.9,20.9,EUR,3.14,0.0,4.81,7.57
VV-VITA-208,B08JC9XBGM,DE,"Vegavero Rosskastanien Kapseln Bio, 800 mg (4:1), Venen Komplex + Weinlaub",Vegavero,19.9,19.9,EUR,2.99,0.0,,7.57
VV-VITA-208,B08JC9XBGM,GB,Vegavero Organic Horse Chestnut Extract | with Red Vines & Acerola Cherry | 120 Capsules | NO Additives | Circulation & Varicose Veins Support | Aesculus Hippocastanum | Vegan,Vegavero,21.99,21.99,GBP,3.3,0.0,,7.57
VV-VITA-207,B08JC9NN3X,IE,Vegavero Organic Astralagus 5600 mg | Standardised Polysaccharides | Adaptogen for Inmune System | 120 Capsules | Vegan,Vegavero,20.99,20.99,EUR,3.15,0.0,1.55,5.79
VV-VITA-207,B08JC9NN3X,NL,Vegavero Biologische Astragalus Extract 750 mg (15:1),Vegavero,18.99,18.99,EUR,2.85,0.0,3.28,5.79
VV-VITA-207,B08JC9NN3X,ES,Astragalo BIO Vegavero | 5625 mg Astragalus | 20% de Polisacáridos | 120 Cápsulas | Sistema Inmunitario + Energía + Anti Stress | Sin Aditivos & Vegano,Vegavero,18.9,18.9,EUR,2.84,0.0,3.28,5.79
VV-VITA-207,B08JC9NN3X,IT,ASTRAGALO BIO Vegavero® | 5600 mg | Titolato in Polisaccaridi | ADATTOGENO per DIFESE IMMUNITARIE | 120 capsule | Vegan,Vegavero,21.9,21.9,EUR,3.29,0.0,4.19,5.79
VV-VITA-207,B08JC9NN3X,FR,Astragale BIO Vegavero® | Qualité PREMIUM : 20% Polysaccharides | 750 mg Extrait Astragalus (15:1) | Immunité + Anti Stress | 120 Gélules | VEGAN,Vegavero,21.9,21.9,EUR,3.29,0.0,4.63,5.79
VV-VITA-207,B08JC9NN3X,DE,Vegavero Bio Astragalus Kapseln hochdosiert 120 Stück - 750 mg Astragalus Extrakt 15:1 mit 20% Polysacchariden - aus Bio Tragantwurzel - Vegan & laborgeprüft,Vegavero,19.9,19.9,EUR,2.99,0.0,2.82,5.79
VV-VITA-198,B08GCTM58N,IE,"Vegavero Bromelain 650 mg | High Strength - 2500 GDU/g | Gastro-Resistant DrCaps | NO Additives, Lab-Tested | Pure Pineapple Enzyme | 120 Capsules | Vegan",Vegavero,19.99,19.99,EUR,3.0,0.0,1.38,7.04
VV-VITA-198,B08GCTM58N,BE,Vegavero Bromelaine 1300 mg | Gastro-Résistantes DRcaps | 120 Gélules,Vegavero,22.9,22.9,EUR,3.44,0.0,3.44,7.04
VV-VITA-198,B08GCTM58N,NL,Vegavero Bromelaïne 650 mg | Enterisch Gecoat,Vegavero,20.99,20.99,EUR,3.15,0.0,3.52,7.04
VV-VITA-198,B08GCTM58N,ES,Bromelina Vegavero | ALTA DOSIS 2500 GDU | Enzimas Digestivas Potentes de Extracto de Piña | 120 Cápsulas Gastrorresistentes | 100% Vegano & Sin Aditivos,Vegavero,18.9,18.9,EUR,2.84,0.0,3.28,7.04
VV-VITA-198,B08GCTM58N,IT,Vegavero BROMELINA Forte Drenante | 1.300 mg (5.000 F.I.P./g) | con Capsule Gastroresistenti Drcaps | Enzima digestivo dell’Ananas | Integratore Diuretico | Vegan,Vegavero,19.99,19.99,EUR,3.0,0.0,3.64,7.04
VV-VITA-198,B08GCTM58N,FR,Bromelaine Pure 1300 mg Vegavero® | Dosage Élevé : 2500 GDU/g | SANS ADDITIFS | Enzymes Digestives | Digestion difficile | Gélules gastro-résistantes DRcaps® | 120 Gélules | VEGAN,Vegavero,22.9,22.9,EUR,3.44,0.0,4.63,7.04
VV-VITA-198,B08GCTM58N,DE,Bromelain hochdosiert | bis zu 1300 mg am Tag | (3250 F.I.P - 1625 Gdu) pro Kapsel | magensaftres. DRCaps | Laborgeprüft | Eaus Ananas | Vegan - Ohne Zusatzstoffe | Dt. Produktion Vegavero,Vegavero,19.9,19.9,EUR,2.99,0.0,2.82,7.04
VV-VITA-198,B08GCTM58N,GB,"Vegavero Bromelain 650 mg | High Strength - 2500 GDU/g | Gastro-Resistant DrCaps | NO Additives, Lab-Tested | Pure Pineapple Enzyme | 120 Capsules | Vegan",Vegavero,21.95,21.95,GBP,3.29,0.0,2.95,7.04
VV-VITA-199,B08GCFFDMH,IE,IPERICO BIO 500 mg Vegavero | with Passionflower | Origin: Europe | Standardized Extracts in Hypericin and Flavonoids | 90 Capsules | Vegan,Vegavero,19.67,19.67,EUR,2.95,0.0,1.38,5.29
VV-VITA-199,B08GCFFDMH,NL,Vegavero BIO Sint-Janskruid | met BIOLOGISCHE Passiebloem | BIOLOGISCHE extracten uit Europa | Laboratorium getest | Hypericine - Flavonoïden | Veganistisch - zonder toevoegingen,Vegavero,19.99,19.99,EUR,3.0,0.0,3.28,5.29
VV-VITA-199,B08GCFFDMH,ES,Hipérico 500 mg Vegavero | 100% Orgánico | Con Pasiflora & Hipericina | Sin Aditivos | Hierba de San Juan | 90 Cápsulas | Vegano,Vegavero,19.9,19.9,EUR,2.99,0.0,3.28,5.29
VV-VITA-199,B08GCFFDMH,IT,IPERICO BIO 500 mg Vegavero® | con PASSIFLORA | Origine: Europa | Estratti titolati in Ipericina e Flavonoidi | 90 capsule | Vegan,Vegavero,19.99,19.99,EUR,3.0,0.0,3.64,5.29
VV-VITA-199,B08GCFFDMH,FR,Millepertuis BIO 1000 mg | Avec Passiflore | Extraction FRANÇAISE | Hypericine + Flavonoides | Anti Stress + Humeur + Aide Sommeil | Sans Additifs & Vegan | 90 Gélules | Vegavero®,Vegavero,16.9,16.9,EUR,2.54,0.0,4.37,5.29
VV-VITA-199,B08GCFFDMH,DE,"Vegavero BIO Johanniskraut Kapseln mit Passionsblume - 500 mg Extrakt 2:1 - Johanniskraut hochdosiert aus Europa - vegan & laborgeprüft, ohne Zusatzstoffe - 90 Stück",Vegavero,19.9,19.9,EUR,2.99,0.0,2.82,5.29
VV-VITA-197,B08DDBGBZG,IE,Vegavero Guggul Capsules 7500 mg | From 15:1 Extract | Dried Resin | NO Additives | Lab-Tested | 120 Capsules | Vegan,Vegavero,18.95,18.95,EUR,2.84,0.0,1.38,8.36
VV-VITA-197,B08DDBGBZG,NL,Vegavero Guggul capsules | 500 mg extract (15:1) - 5% Guggulsteron | Grondstof uit India | Laboratorium getest | 120 capsules | Veganistisch - zonder toevoegingen,Vegavero,22.99,22.99,EUR,3.45,0.0,3.52,8.36
VV-VITA-197,B08DDBGBZG,ES,Guggul Vegavero | La Dosis Más Alta: 7500mg | 120 Cápsulas | 5% de Guggulsteronas | Libre de Aditivos | Vegano | Colesterol & Tiroides | Suplemento Ayurveda,Vegavero,21.9,21.9,EUR,3.29,0.0,3.57,8.36
VV-VITA-197,B08DDBGBZG,IT,GUGGUL Vegavero® | 7.500 mg (15:1) | 120 capsule | con 5% di Guggulsteroni | Resina di Mirra | Medicina Ayurveda | Vegan,Vegavero,25.9,25.9,EUR,3.89,0.0,4.19,8.36
VV-VITA-197,B08DDBGBZG,FR,Guggul PREMIUM Vegavero® | 120 Gelules (4 mois) | 5% de Guggulstérones | Cholesterol + Antioxydant Puissant | DOSE LA PLUS ELEVEE: 500 mg d'Extrait | Sans Additifs et VEGAN,Vegavero,25.9,25.9,EUR,3.89,0.0,4.63,8.36
VV-VITA-197,B08DDBGBZG,DE,Vegavero Guggul Kapseln Ayurveda hochdosiert (120 vegane Kapseln) - 500 mg Extrakt (15:1) mit 5% Guggulsteronen - Commiphora Mukul Harz aus Indien - 4 Monate Vorrat - Laborgeprüft,Vegavero,24.9,24.9,EUR,3.74,0.0,3.17,8.36
VV-VITA-197,B08DDBGBZG,GB,Vegavero Guggul Capsules 7500 mg | from 15:1 Extract | Dried Resin | NO Additives | Lab-Tested | 120 Capsules | Vegan,Vegavero,18.95,18.95,GBP,2.84,0.0,2.71,8.36
VV-VITA-190,B08DCZD13T,IE,Vegavero Organic Papaya Extract | 1400 mg Carica Papata Fruit Extract | No Additives & Non-GMO | 120 Capsules | Vegan,Vegavero,19.95,19.95,EUR,2.99,0.0,1.38,6.4
VV-VITA-190,B08DCZD13T,NL,Vegavero BIOLOGISCHE PAPAYA capsules | 1400 mg extract | 120 capsules | 100% biologische kwaliteit | Veganistisch en zonder toevoegingen | Laboratorium getest,Vegavero,19.99,19.99,EUR,3.0,0.0,3.28,6.4
VV-VITA-190,B08DCZD13T,ES,BIO Papaya Vegavero | Alta Dosis 1400mg | Calidad Española | Sin Aditivos | Estreñimiento + Digestión + Gases | Fuente de Papaína & Vitamina C | 120 Cápsulas,Vegavero,22.9,22.9,EUR,3.44,0.0,3.57,6.4
VV-VITA-190,B08DCZD13T,IT,PAPAYA BIO Vegavero® | 700 mg | Biologica dall'Europa | 120 capsule | per DIGESTIONE e DIFESE IMMUNITARIE | Vegan,Vegavero,22.99,22.99,EUR,3.45,0.0,4.19,6.4
VV-VITA-190,B08DCZD13T,FR,Papaye BIO Vegavero® 700 mg | Extraction FRANCAISE | 120 Gélules | Meilleure Digestion | Sans Additifs | Testé en Laboratoire | VEGAN,Vegavero,22.9,22.9,EUR,3.44,0.0,4.63,6.4
VV-VITA-190,B08DCZD13T,DE,Vegavero Papaya Extrakt hochdosiert (120 Kapseln) - 1400 mg Carica Papaya mit Papain - Bio-Papayas aus Spanien – Mit Verdauungsenzymen zur natürlichen Darmreinigung - Vegan & laborgeprüft,Vegavero,19.9,19.9,EUR,2.99,0.0,2.82,6.4
VV-VITA-190,B08DCZD13T,GB,Vegavero Organic Papaya Extract | 1400 mg Carica Papata Fruit Extract | No Additives & Non-GMO | 120 Capsules | Vegan,Vegavero,19.95,19.95,GBP,2.99,0.0,,6.4
VV-VITA-189,B08DCXNCWS,IE,Vegavero Organic Rosehip | 180 Capsules | Raw Quality - 1400 mg | NO Additives & Non-GMO | Vegan,Vegavero,19.95,19.95,EUR,2.99,0.0,1.53,5.51
VV-VITA-189,B08DCXNCWS,NL,Vegavero BIOLOGISCHE Rozenbottel capsules | EU-teelt | 1400 mg rozenbottelpoeder BIO | Laboratorium getest | Veganistisch - zonder toevoegingen,Vegavero,19.99,19.99,EUR,3.0,0.0,3.32,5.51
VV-VITA-189,B08DCXNCWS,ES,BIO Escaramujo Vegavero | Dosis Alta: 1400 mg | 180 Cápsulas | Vitaminas y Minerales | Antioxidante | Libre de Aditivos | Rosa Mosqueta | Vegano,Vegavero,21.9,21.9,EUR,3.29,0.0,3.8,5.51
VV-VITA-189,B08DCXNCWS,IT,ROSA CANINA BIO Vegavero® | 1400 mg | Qualità RAW | 180 capsule | Antiossidante e Difese Immunitarie | Vegan,Vegavero,22.99,22.99,EUR,3.45,0.0,4.61,5.51
VV-VITA-189,B08DCXNCWS,FR,Églantier BIO Vegavero® | Poudre de Cynorrhodon | Riche en Vitamine C Naturelle + Lutéine | 1400 mg par dose | 180 Gélules | Antioxydant Puissant + Belle Peau | Sans Additifs | VEGAN,Vegavero,22.9,22.9,EUR,3.44,0.0,5.15,5.51
VV-VITA-189,B08DCXNCWS,DE,"Vegavero Bio Hagebutten Kapseln hochdosiert 180 Stück - 700 mg Hagebuttenpulver pro Kapsel - Rohkostqualität aus Bio Hagebutte mit Schale & Kernen - Vegan, ohne Zusatzstoffe.",Vegavero,21.9,21.9,EUR,3.29,0.0,3.18,5.51
VV-VITA-189,B08DCXNCWS,GB,Vegavero Organic Rosehip | 180 Capsules | Raw Quality - 1400 mg | NO Additives & Non-GMO | Vegan,Vegavero,19.95,19.95,GBP,2.99,0.0,2.74,5.51
VV-VITA-188,B08DCY34MX,IE,"Vegavero Organic STINGING NETTLE 3600 mg | from 4:1 Root & Leaf Extracts | Blood Sugar Control, Joint Health, Prostate Health | NO Additives | Urtica Dioica | 120 Capsules | Vegan",Vegavero,17.95,17.95,EUR,2.69,0.0,1.38,5.66
VV-VITA-188,B08DCY34MX,NL,Vegavero BIOLOGISCHE BRANDNETEL capsules | Grondstoffen uit Europa | 900 mg wortel- en bladextract | Laboratoriumgetest | 120 capsules | Veganistisch en zonder toevoegingen,Vegavero,18.99,18.99,EUR,2.85,0.0,3.28,5.66
VV-VITA-188,B08DCY34MX,ES,Ortiga Verde BIO Vegavero | La Dosis Más Alta: 1800 mg | Diurético Natural | Extracto de Raíz & Hojas (4:1) | Sin Aditivos | Libre de OMG & Apto para Veganos | 120 Cápsulas,Vegavero,19.9,19.9,EUR,2.99,0.0,3.28,5.66
VV-VITA-188,B08DCY34MX,IT,ORTICA BIO Vegavero® | 450 mg di Estratto di Radice e Foglie di Urtica Dioica | Prostata e Benessere Vie Urinarie | 100% BIOLOGICA | Origine: Europa | 120 capsule | Vegan,Vegavero,21.99,21.99,EUR,3.3,0.0,4.23,5.66
VV-VITA-188,B08DCY34MX,FR,Ortie BIO Vegavero® | Extraction en FRANCE | 1800 mg (Extrait 4:1) | Extraits de Racine & de Feuille | Sans Additifs | Diurétique Naturel + Confort Urinaire | 120 Gélules | VEGAN,Vegavero,19.9,19.9,EUR,2.99,0.0,4.37,5.66
VV-VITA-188,B08DCY34MX,DE,Bio Brennnessel Kapseln hochdosiert | 100% Rohstoffe aus Europa | 900 mg Extrakt aus Wurzel + Blatt | Laborgeprüft | 120 Stück | Vegan und ohne Zusatzstoffe | Deutsche Produktion von Vegavero,Vegavero,17.9,17.9,EUR,2.69,0.0,2.82,5.66
VV-VITA-188,B08DCY34MX,GB,"Vegavero Organic STINGING Nettle 3600 mg | from 4:1 Root & Leaf Extracts | Blood Sugar Control, Joint Health, Prostate Health | NO Additives | Urtica Dioica | 120 Capsules | Vegan",Vegavero,17.95,17.95,GBP,2.69,0.0,2.69,5.66
VV-VITA-186,B08B8SJK6K,IE,"Vegavero Organic Chlorella Broken Cell Wall 3000 mg | NO Additives, Lab-Tested | 180 Tablets | Pure Powder | Vegan",Vegavero,24.9,24.9,EUR,3.74,0.0,,6.99
VV-VITA-186,B08B8SJK6K,NL,Vegavero biologische CHLORELLA tabletten | 1000 mg chlorella bio tabletten | Zonder toevoegingen | Vegan,Vegavero,25.99,25.99,EUR,3.9,0.0,3.66,6.99
VV-VITA-186,B08B8SJK6K,ES,Chlorella BIO Vegavero | 3000 mg Dosis Diaria | Sin Aditivos & Orgánica | 180 Comprimidos | Vegano | Chlorela Vulgaris Ecológica,Vegavero,26.9,26.9,EUR,4.04,0.0,3.91,6.99
VV-VITA-186,B08B8SJK6K,IT,"CHLORELLA BIO Vegavero® | 1000 mg per compressa | fonte di Ferro, Omega 3 e Vitamina B12 | Depurativo, Disintossicante e Antiossidante | Vegan",Vegavero,27.99,27.99,EUR,4.2,0.0,4.23,6.99
VV-VITA-186,B08B8SJK6K,FR,"Chlorella BIO - 3000 mg | Sans Additifs & Vegan | Source de Vitamines, Minéraux et Protéines | 180 Comprimés | Vegavero®",Vegavero,24.9,24.9,EUR,3.74,0.0,4.79,6.99
VV-VITA-186,B08B8SJK6K,DE,Chlorella Bio Vegavero | 1000 mg Presslinge: Höchster Gehalt | Vegan & Ohne Zusätze | 180 Chlorella Tabletten,Vegavero,25.9,25.9,EUR,3.89,0.0,3.21,6.99
VV-VITA-186,B08B8SJK6K,GB,"Vegavero Organic Chlorella Broken Cell Wall 3000 mg | NO Additives, Lab-Tested | 180 Tablets | Pure Powder | Vegan",Vegavero,24.99,24.99,GBP,3.75,0.0,,6.99
VV-VITA-183,B089FZBMW9,IE,"Vegavero Reflu-X Complex | Natural Antacid | Stomach Reflux and Gastritis | With Mucosave®, Olive Leaf Extract, Sodium Alginate, Chamomile | NO Additives | 120 Capsules | Vegan",Vegavero,19.99,19.99,EUR,3.0,0.0,1.55,8.64
VV-VITA-183,B089FZBMW9,NL,"Vegavero REFLUX-complex | 100% natuurlijk | Voor brandend maagzuur en zuurgerelateerde maagproblemen | Met Mucosave®, olijfbladextract, natriumalginaat & kamille | LABORATORIUMGETEST | Vegan",Vegavero,25.99,25.99,EUR,3.9,0.0,3.52,8.64
VV-VITA-183,B089FZBMW9,ES,Reflujo Complex Vegavero | Suplemento Natural para Acidez Estomacal | Sin Aditivos Artificiales | Apto Para Veganos | Antiácido & Digestión | 120 Cápsulas,Vegavero,23.9,23.9,EUR,3.59,0.0,3.57,8.64
VV-VITA-183,B089FZBMW9,IT,"Integratore per REFLUSSO Vegavero® | 120 capsule | 100% naturale | con Alginato di Sodio, Muscosave®, Camomilla e Malva | Vegan",Vegavero,26.99,26.99,EUR,4.05,0.0,4.19,8.64
VV-VITA-183,B089FZBMW9,FR,Reflux Gastrique Complex Vegavero® | 100% NATUREL | 120 Gélules | Avec Extraits de Plantes : Figue de Barbarie + Feuilles d’Olivier + Camomille + Mauve | Brûlures d'Estomac | Sans Additifs | VEGAN,Vegavero,26.9,26.9,EUR,4.04,0.0,4.63,8.64
VV-VITA-183,B089FZBMW9,DE,"Vegavero Reflux Komplex - 120 vegane Kapseln – natürlicher Komplex mit Mucosave, Natriumalginat, Kamille & Malve - Pflanzlich bei Sodbrennen & stillem Reflux - Vegan & Laborgeprüft",Vegavero,25.9,25.9,EUR,3.89,0.0,3.17,8.64
VV-VITA-183,B089FZBMW9,GB,"Vegavero Reflu-X Complex | Natural Antacid | Stomach Reflux and Gastritis | with Mucosave, Olive Leaf Extract, Sodium Alginate, Chamomile | NO Additives | 120 Capsules | Vegan",Vegavero,19.99,19.99,GBP,3.0,0.0,2.71,8.64
VV-VITA-171,B087JJ4M8H,IE,"Vegavero Eye Vitamins Supplements | Lutein, Zeaxanthin, Bilberry, Beta Carotene Extracts, Vitamin B2 & Zinc | NO Additives, Lab-Tested | 120 Capsules | Vegan",Vegavero,29.99,29.99,EUR,4.5,0.0,1.55,12.23
VV-VITA-171,B087JJ4M8H,NL,"Vegavero ZICHTVERZORGING | Oogvitamines: Luteïne & Zeaxanthine | 120 capsules | met bètacaroteen, bosbessen, vitamine B2 & zink | Zonder toevoegingen | Vegan",Vegavero,29.99,29.99,EUR,4.5,0.0,3.66,12.23
VV-VITA-171,B087JJ4M8H,ES,Vegavero Luteína Complex | 40mg Luteina + 8mg Zeaxantina | 16000 MG Flor de Cálendula | Materia Premium: Xanmax | Testado en Alemania | Sin Aditivos y Vegano,Vegavero,29.9,29.9,EUR,4.49,0.0,3.91,12.23
VV-VITA-171,B087JJ4M8H,IT,"Vegavero Integratore OCCHI | 120 capsule | con Luteina, Zeaxantina, Mirtillo Nero, Vitamina A, B2 e Zinco | Salute della VISTA | Vegan",Vegavero,29.99,29.99,EUR,4.5,0.0,4.23,12.23
VV-VITA-171,B087JJ4M8H,FR,"Complément YEUX Vegavero® | Avec Lutéine, Zéaxanthine, Myrtille, Zinc, Vitamines A et B2 | SANS ADDITIFS | 120 Gélules | Protection + Fatigue Oculaire | VEGAN",Vegavero,29.9,29.9,EUR,4.49,0.0,4.79,12.23
VV-VITA-171,B087JJ4M8H,DE,"Vision Care Vegavero | Augenvitamine: Lutein & Zeaxanthin | Sehkraft & Augen* | 120 Kapseln | mit Beta Carotin, Heidelbeere, Vitamin B2 & Zink | Ohne Zusätze | Vegan",Vegavero,27.9,27.9,EUR,4.19,0.0,3.21,12.23
VV-VITA-171,B087JJ4M8H,GB,"Vegavero Eye Vitamins Supplements | Lutein, Zeaxanthin, Bilberry, Beta Carotene Extracts, Vitamin B2 & Zinc | NO Additives, Lab-Tested | 120 Capsules | Vegan",Vegavero,29.99,29.99,GBP,4.5,0.0,2.98,12.23
VV-VITA-174,B087JTHDN1,IE,"Vegavero Olive Leaf 7500 mg | Highest Strength 40% Oleuropein | 15:1 Extract from Spanish Olive Leaves | NO Additives, Lab-Tested | 90 Capsules | Vegan",Vegavero,20.95,20.95,EUR,3.14,0.0,1.55,6.57
VV-VITA-174,B087JTHDN1,ES,Extracto de Hoja de Olivo Vegavero | La Dosis Más Alta: 7500 mg con 40% de Oleuropeína | Antioxidante | Sin Aditivos | 90 Cápsulas | De España,Vegavero,22.9,22.9,EUR,3.44,0.0,3.91,6.57
VV-VITA-174,B087JTHDN1,IT,OLIVO integratore Vegavero® | con il 40% di OLEUROPEINA | dalla Spagna | 7500 mg (15:1) per capsula | 90 capsule | Vegan,Vegavero,24.99,24.99,EUR,3.75,0.0,4.23,6.57
VV-VITA-174,B087JTHDN1,FR,Extrait de Feuilles d'Olivier Vegavero® | 7500 mg avec 40% d'Oleuropéine | Sans Additifs | Antioxydant Puissant + Système cardiovasculaire + Tension | 90 Gélules | VEGAN,Vegavero,21.9,21.9,EUR,3.29,0.0,4.79,6.57
VV-VITA-174,B087JTHDN1,DE,"Vegavero Olivenblatt Extrakt Kapseln Hochdosiert, vegan - 40% Oleuropein – Spanischer Olivenblatt Extrakt (15:1) - 90 Kapseln - laborgeprüft & ohne Zusätze - Olive Leaf Extract",Vegavero,18.9,18.9,EUR,2.84,0.0,2.82,6.57
VV-VITA-174,B087JTHDN1,GB,"Vegavero Olive Leaf 7500 mg | Highest Strength 40% Oleuropein | 15:1 Extract from Spanish Olive Leaves | NO Additives, Lab-Tested | 90 Capsules | Vegan",Vegavero,20.95,20.95,GBP,3.14,0.0,,6.57
VV-VITA-173,B087JHVV7T,IE,"Vegavero Organic Lions Mane 10,000 mg | NO Additives | 20:1 High Strength Mushroom Extract (Not Powder) | 50% Polysaccharides | Focus Supplement | Vegan",Vegavero,17.99,17.99,EUR,2.7,0.0,1.38,5.45
VV-VITA-173,B087JHVV7T,BE,Vegavero Hericium Erinaceus BIO 10 000 mg | 60 Gélules,Vegavero,21.9,21.9,EUR,3.29,0.0,3.58,5.45
VV-VITA-173,B087JHVV7T,NL,Vegavero BIOLOGISCHE HERICIUM ERINACEUS capsules | 50% POLYSACHARIDEN | 500mg Lions Mane Mushroom Extract | Laboratorium getest | Zonder toevoegingen | Vegan,Vegavero,19.99,19.99,EUR,3.0,0.0,3.28,5.45
VV-VITA-173,B087JHVV7T,ES,Lions Mane BIO | 10.000 mg | Melena de Leon | 50% POLISACÁRIDOS | Sistema Inmunitario + Digestion | EXTRACTO HERICIUM | Sin Aditivos & Vegano | Vegavero,Vegavero,19.9,19.9,EUR,2.99,0.0,3.28,5.45
VV-VITA-173,B087JHVV7T,IT,Hericium Erinaceum BIO | 50% di Polisaccaridi | Lions Mane Mushroom Biologico | Testato in Laboratorio | Sistema Immunitario | Vegano e Senza Additivi | Vegavero®,Vegavero,19.99,19.99,EUR,3.0,0.0,3.64,5.45
VV-VITA-173,B087JHVV7T,FR,HERICIUM Erinaceus BIO | 10 000 mg (20:1) | Adaptogène + Mémoire | Lions mane | 50% Polysaccharides | VEGAN et SANS ADDITIFS | 60 Gélules | Vegavero®,Vegavero,21.9,21.9,EUR,3.29,0.0,4.79,5.45
VV-VITA-173,B087JHVV7T,DE,Bio Hericium Erinaceus Kapseln Vegavero | 50% Polysaccharide | 500 mg organic Löwenmähne Pilz Extrakt – entspricht mind. 7500 mg Hericium Pulver | Laborgeprüft | Ohne Zusätze | 60 Stück | Vegan,Vegavero,19.9,19.9,EUR,2.99,0.0,2.82,5.45
VV-VITA-173,B087JHVV7T,GB,"Vegavero Organic Lions Mane 10,000 mg | NO Additives | 20:1 High Strength Mushroom Extract (Not Powder) | 50% Polysaccharides | Focus Supplement | Vegan",Vegavero,17.99,17.99,GBP,2.7,0.0,,5.45
VV-VITA-172,B087JK7673,IE,"Vegavero Organic Maitake Mushroom 8500 mg | 17:1 Extract | 50% Polysaccharides | NO Additives, Lab Tested | 60 Capsules | Vegan",Vegavero,21.95,21.95,EUR,3.29,0.0,1.55,6.05
VV-VITA-172,B087JK7673,ES,BIO Maitake Vegavero | La dosis más alta 8500 mg | 50% de Polisacáridos | Sin Aditivos | Testado | Sistema Inmunológico + Estrés & Ansiedad + Adaptógeno | 60 Cápsulas | TCM,Vegavero,22.9,22.9,EUR,3.44,0.0,3.91,6.05
VV-VITA-172,B087JK7673,IT,MAITAKE BIO Vegavero® | con 50% di Polisaccaridi | 7500 mg (15:1) di estratto | 60 capsule | Vegan,Vegavero,24.99,24.99,EUR,3.75,0.0,4.23,6.05
VV-VITA-172,B087JK7673,FR,Maitake BIO Vegavero® | Dosage Élevé : 7500 mg | Extrait Standardisé à 50% de Polysaccharides | Antioxydant Naturel + Anti Stress | Sans Additifs | 60 Gélules | VEGAN,Vegavero,21.9,21.9,EUR,3.29,0.0,4.79,6.05
VV-VITA-172,B087JK7673,DE,Bio Maitake Vegavero | 50% Polysaccharide | 500 mg Extrakt (15:1) | Vegan & Ohne Zusätze | Grifola frondosa | 60 Kapseln,Vegavero,19.9,19.9,EUR,2.99,0.0,,6.05
VV-VITA-172,B087JK7673,GB,"Vegavero Organic Maitake Mushroom 8500 mg | 17:1 Extract | 50% Polysaccharides | NO Additives, Lab Tested | 60 Capsules | Vegan",Vegavero,21.95,21.95,GBP,3.29,0.0,,6.05
VV-VITA-170,B086XBB126,IE,"Vegavero Vitamin B3 Nicotinamide 500 mg | Flush Free Niacinamide | NO Additives, Lab-Tested | 180 Capsules | Vegan",Vegavero,15.95,15.95,EUR,2.39,0.0,1.38,4.53
VV-VITA-170,B086XBB126,ES,Vitamina B3 500 mg | Sin Aditivos | Apta Para Veganos | Nicotinamida | Metabolismo Energético + Cansacio y Fatiga + Sistema Nervioso | 180 Cápsulas | Vegavero,Vegavero,17.9,17.9,EUR,2.69,0.0,3.28,4.53
VV-VITA-170,B086XBB126,DE,"Vegavero Vitamin B3 Niacinamid hochdosiert, 500 mg Nicotinamid pro Tagesdosis, flushfree, 180 Kapseln, Niacin trägt zur Erhaltung normaler Haut bei, vegan, laborgeprüft, ohne Zusatzstoffe",Vegavero,18.9,18.9,EUR,2.84,0.0,2.82,4.53
VV-VITA-170,B086XBB126,GB,"Vegavero Vitamin B3 Nicotinamide 500 mg | Flush Free Niacinamide | NO Additives, Lab-Tested | 180 Capsules | Vegan",Vegavero,15.99,15.99,GBP,2.4,0.0,2.71,4.53
VV-VITA-166,B085YDYWV8,IE,"Vegavero Pure Triphala Powder Organic 1300 mg | 180 Capsules (3 Month Supply) | NO Additives, Lab-Tested | Ayurveda Products | Gut Health Supplements & Immune System Booster | Vegan",Vegavero,21.99,21.99,EUR,3.3,0.0,1.71,5.69
VV-VITA-166,B085YDYWV8,NL,Vegavero Biologische TRIPHALA capsules | 180 capsules met 650 mg per capsule | Bio Triphala-poeder uit India | Veganistisch | Zonder additieven,Vegavero,19.99,19.99,EUR,3.0,0.0,3.32,5.69
VV-VITA-166,B085YDYWV8,ES,"BIO Triphala Vegavero | 1300 mg | Ayurveda | Amla (Amalaki), Haritaki y Bibhitaki | Suplemento Digestivo & Detox | 100% Orgánico y Vegano | 180 Cápsulas",Vegavero,20.9,20.9,EUR,3.14,0.0,3.8,5.69
VV-VITA-166,B085YDYWV8,IT,TRIPHALA BIO Vegavero® | 650 mg per capsula | 180 capsule | Depurativo & Disintossicante naturale | Medicina Ayurveda | Vegan,Vegavero,25.99,25.99,EUR,3.9,0.0,4.61,5.69
VV-VITA-166,B085YDYWV8,FR,Triphala BIO Vegavero® | 1300 mg par Dose | Sans Additifs | Laxatif Naturel + Antioxydant Puissant + Digestion | Ayurveda | Testé en Laboratoire | VEGAN | 180 Gélules,Vegavero,20.9,20.9,EUR,3.14,0.0,5.15,5.69
VV-VITA-166,B085YDYWV8,DE,Triphala Kapseln Bio Vegavero | 180 Stück | Hochdosiert mit 650 mg pro Einheit | Pulver aus Indien | Vegan | Ohne Zusatzstoffe,Vegavero,19.9,19.9,EUR,2.99,0.0,3.03,5.69
VV-VITA-166,B085YDYWV8,GB,"Vegavero Pure Triphala Powder Organic 1300 mg | 180 Capsules (3 Month Supply) | NO Additives, Lab-Tested | Ayurveda Products | Gut Health Supplements & Immune System Booster | Vegan",Vegavero,21.99,21.99,GBP,3.3,0.0,3.05,5.69
VV-VITA-165,B085YDZPXM,IE,Vegavero Trans Resveratrol 98% 1000 mg | Natural Anti Aging & Skin Supplement | Pure from Japanese Knotweed | NO Additives | High Bioavailability with Vit B3 & Piperine | Lab Tested | Vegan,Vegavero,24.99,24.99,EUR,3.75,0.0,1.55,10.73
VV-VITA-165,B085YDZPXM,NL,Vegavero RESVERATROL | 500 mg Trans-Resveratrol | Plus Nicotinamide | 98% pure trans-resveratrol uit Japanse duizendknoop | Zonder toevoegingen | 60 capsules | Veganistisch,Vegavero,28.99,28.99,EUR,4.35,0.0,3.66,10.73
VV-VITA-165,B085YDZPXM,ES,"Trans Resveratrol Natural 1000 mg | Con Vitamina B3 y Piperina | Sin Aditivos | Antienvejecimiento, Antioxidante y Antiedad | Vegano | Vegavero",Vegavero,29.9,29.9,EUR,4.49,0.0,3.91,10.73
VV-VITA-165,B085YDZPXM,IT,Resveratrolo Puro 1.000 mg | con Nicotinamide | Trans-Resveratrolo Naturale | Integratore Antiossidante | Senza Additivi e Vegan | 60 capsule | Vegavero®,Vegavero,24.99,24.99,EUR,3.75,0.0,4.23,10.73
VV-VITA-165,B085YDZPXM,FR,Trans Resveratrol 1000mg | UNIQUE : Le Seul Avec Nicotinamide & Pipérine | Anti Age + Antioxydant Puissant | Vegan & Sans Additifs | Vegavero®,Vegavero,29.9,29.9,EUR,4.49,0.0,4.79,10.73
VV-VITA-165,B085YDZPXM,DE,Resveratrol Vegavero | 1000 mg Trans-Resveratrol (125:1) | Plus Nicotinamid und Piperin | 98% rein | aus japanischem Staudenknöterich | Ohne Zusatzstoffe | 60 Kapseln | Vegan,Vegavero,28.9,28.9,EUR,4.34,0.0,3.21,10.73
VV-VITA-165,B085YDZPXM,GB,Vegavero Trans Resveratrol 98% 1000 mg | Natural Anti Aging & Skin Supplement | Pure from Japanese Knotweed | NO Additives | High Bioavailability with VIT B3 & Piperine | Lab Tested | Vegan,Vegavero,24.99,24.99,GBP,3.75,0.0,,10.73
VV-VITA-168,B085YFBCNL,IE,"Vegavero Tanning Capsules | Beta Carotene, Vitamin E, L-Tyrosine, Copper, Zinc & Olive Leaf Extract | Flavonoids | Lycopene | Skin Protection Support | NO Additives, Lab-Tested | Vegan",Vegavero,24.95,24.95,EUR,3.74,0.0,1.55,7.59
VV-VITA-168,B085YFBCNL,NL,"Vegavero ZONVERZORGINGS COMPLEX | 180 capsules | Bruiningscapsules | Bètacaroteen, vitamine E, olijfbladextract, tyrosine, lycopeen, zink, koper | VEGAN & zonder toevoegingen",Vegavero,23.99,23.99,EUR,3.6,0.0,3.52,7.59
VV-VITA-168,B085YFBCNL,ES,Sun Care Complex Vegavero | Acelerador Bronceado* | SIN ADITIVOS | 100% Vegano | Betacaroteno + Hoja de Olivo + Licopeno + Vitamina E + L Tyrosine + Zinc | 180 Capsulas,Vegavero,24.9,24.9,EUR,3.74,0.0,3.57,7.59
VV-VITA-168,B085YFBCNL,IT,"Integratore ABBRONZATURA Vegavero® | 180 capsule | Attivatore Melanina* | con Betacarotene, Vitamina E (Tocoferolo), L-Tirosina, Oleuropeina, Rame e Zinco | Vegan",Vegavero,24.99,24.99,EUR,3.75,0.0,4.19,7.59
VV-VITA-168,B085YFBCNL,FR,"BRONZAGE COMPLEX | Préparateur Solaire + Teint Hâlé | 180 Gélules | 8 ACTIFS | Avec Bêta Carotène, Zinc, Vitamine E, Lycopène | Vegan & SANS ADDITIFS | Vegavero®",Vegavero,22.9,22.9,EUR,3.44,0.0,4.63,7.59
VV-VITA-168,B085YFBCNL,DE,"Sun Care Komplex Vegavero | 180 Kapseln | Bräunungskapseln | Beta Carotin, Vitamin E, Olivenblattextrakt, Tyrosin, Lycopin, Zink, Kupfer | Vegan & Ohne Zusätze",Vegavero,23.9,23.9,EUR,3.59,0.0,3.17,7.59
VV-VITA-168,B085YFBCNL,GB,"Vegavero Tanning Capsules | Beta Carotene, Vitamin E, L-Tyrosine, Copper, Zinc & Olive Leaf Extract | Flavonoids | Lycopene | Skin Protection Support | NO Additives, Lab-Tested | Vegan",Vegavero,24.95,24.95,GBP,3.74,0.0,2.95,7.59
VV-VITA-159,B082XFTS6H,IE,"Vegavero 9 Essential Amino Acids Tablets | 5739 mg EAA - 300 Tablets | 100% Natural From Fermentation | NO Additives, Lab-Tested | Vegan",Vegavero,26.99,26.99,EUR,4.05,0.0,,7.83
VV-VITA-159,B082XFTS6H,NL,Vegavero EAA 1000 mg per Tablet | 300 Tabletten,Vegavero,27.99,27.99,EUR,4.2,0.0,3.56,7.83
VV-VITA-159,B082XFTS6H,ES,EAA Aminoácidos Esenciales Vegavero | BCCAS Aminoacids | 300 Comprimidos | 9 Aminoácidos Esenaciales | Vegano | Aminos Ramificados,Vegavero,27.9,27.9,EUR,4.19,0.0,3.8,7.83
VV-VITA-159,B082XFTS6H,IT,EAA Aminoacidi Essenziali | NATURALI da Fermentazione e SENZA ADDITIVI | Con Aminoacidi Ramificati BCAA 2.1.1 | 300 compresse | VEGAN | Vegavero,Vegavero,24.99,24.99,EUR,3.75,0.0,4.61,7.83
VV-VITA-159,B082XFTS6H,FR,BCAA 2.1.1 | Dosage Elevé : 3000 mg | 8 Acides Aminés Essentiels (EAA) + Histidine | 100% NATUREL | Récupération + Développement Musculaire | Sans Additifs & Vegan | 300 Comprimés | Vegavero®,Vegavero,29.9,29.9,EUR,4.49,0.0,5.15,7.83
VV-VITA-159,B082XFTS6H,DE,Vegavero EAA Tabletten Hochdosiert - 1000 mg Essentielle Aminosäuren Komplex pro Tablette - Alle 8 EAAs + BCAA & Histidin (2:1:1) - 100% Natürlich aus Fermentation - Vegan - 300 Stück,Vegavero,25.9,25.9,EUR,3.89,0.0,3.18,7.83
VV-VITA-159,B082XFTS6H,GB,"Vegavero 9 Essential Amino Acids Tablets | 5739 mg EAA - 300 Tablets | 100% Natural from Fermentation | NO Additives, Lab-Tested | Vegan",Vegavero,28.99,28.99,GBP,4.35,0.0,3.05,7.83
VV-VITA-160,B082XFKXJ2,GB,"Vegavero L-Arginine Complex | with Maca, Tribulus Terrestris, Zinc, Cordyceps & Vitamin C | 180 Vegan Capsules | NO Additives, Gelatine or Bulking Agents",Vegavero,19.99,19.99,GBP,3.0,0.0,2.69,6.88
VV-VITA-155,B081TJ62WV,IE,"Vegavero Organic Reishi Extract | 18,000 mg (15:1) Ganoderma Lucidum | with Polysaccharides & Beta Glucans | Mushroom Supplement | 90 Capsules | Vegan",Vegavero,19.99,19.99,EUR,3.0,0.0,1.38,5.5
VV-VITA-155,B081TJ62WV,NL,Vegavero BIOLOGISCHE Reishi capsules | 600 mg-extract (15:1) | 40% polysachariden - 30% bèta-glucanen | Laboratoriumgetest | 90 capsules | Veganistisch & zonder toevoegingen,Vegavero,19.9,19.9,EUR,2.99,0.0,3.28,5.5
VV-VITA-155,B081TJ62WV,ES,Reishi BIO Vegavero | 1200 mg de Extracto 15:1 | 40% Polisacáridos + 30% Betaglucanos | Ganoderma Lucidum Orgánico | Adaptógenos,Vegavero,24.9,24.9,EUR,3.74,0.0,3.91,5.5
VV-VITA-155,B081TJ62WV,IT,"REISHI BIO Vegavero® | 40% Polisaccaridi, 30% Beta Glucani e 1% Triterpeni | Senza OGM e con Analisi di Laboratorio | Estratto Biologico Altamente Dosato | Ganoderma Lucidum Puro | Vegan",Vegavero,24.99,24.99,EUR,3.75,0.0,4.23,5.5
VV-VITA-155,B081TJ62WV,FR,Reishi BIO Vegavero® | 18.000 mg (Extrait 15:1) | 40% Polysaccharides + 30% Bêta-Glucanes | Sans Additifs | VEGAN,Vegavero,24.9,24.9,EUR,3.74,0.0,4.79,5.5
VV-VITA-155,B081TJ62WV,DE,Vegavero Reishi Extrakt Kapseln Bio hochdosiert (90 vegane Kapseln) - 1200 mg Ganoderma Lucidum (15:1) - 40% Polysaccharide & 30% Beta-Glucane - Laborgeprüfte Bio-Vitalpilze ohne Zusatzstoffe,Vegavero,20.9,20.9,EUR,3.14,0.0,3.21,5.5
VV-VITA-155,B081TJ62WV,GB,Vegavero Organic Reishi Extract | 8400 mg (14:1) Ganoderma Lucidum | with Polysaccharides & Beta Glucans | Mushroom Supplement | 90 Capsules | Vegan,Vegavero,19.99,19.99,GBP,3.0,0.0,,5.5
VV-VITA-157,B081TKH4P4,IE,Vegavero Organic Hawthorn Berry Capsules | 2800 mg (4:1 Extract) | NO Additives | Lab-Tested | Natural Antioxidants Supplement | Vegan,Vegavero,14.95,14.95,EUR,2.24,0.0,1.38,4.2
VV-VITA-157,B081TKH4P4,ES,Espino Blanco Orgánico Vegavero | 2800 mg | Extracto estandarizado a 1.5% Flavonoides | Sin Aditivos | Origen Europeo | Colesterol + Salud Cardiovascular,Vegavero,17.9,17.9,EUR,2.69,0.0,3.28,4.2
VV-VITA-157,B081TKH4P4,IT,"BIANCOSPINO BIO Vegavero® | 700 mg | con 1,5% di Flavonoidi | Senza Additivi | Integratore per Sistema Cardiovascolare (Pressione arteriosa) e Calmante Naturale* | Vegan",Vegavero,16.99,16.99,EUR,2.55,0.0,3.64,4.2
VV-VITA-157,B081TKH4P4,FR,"Aubépine BIO Vegavero® | 700 mg d’Extrait | Extraction FRANÇAISE | Sans Additifs | Titré à 1,5% en Flavonoïdes | Antioxydant Naturel + Relaxant | 60 Gélules | VEGAN",Vegavero,19.9,19.9,EUR,2.99,0.0,4.37,4.2
VV-VITA-157,B081TKH4P4,GB,Vegavero Organic Hawthorn Berry Capsules | 2800 mg (4:1 Extract) | NO Additives | Lab-Tested | Natural Antioxidants Supplement | Vegan,Vegavero,15.99,15.99,GBP,2.4,0.0,2.69,4.2
VV-VITA-158,B081TDP6YF,IE,"Vegavero Vegan Glucosamine Complex | with Chondroitin, MSM, Devil's Claw and Vit C | NO Additives, Lab-Tested | Joint Pain Relief | 180 Capsules",Vegavero,26.9,26.9,EUR,4.04,0.0,1.71,8.66
VV-VITA-158,B081TDP6YF,NL,"Vegavero Vegan GLUCOSAMINE CHONDROITINE Complex | Met MSM, Phytodroïtine®, duivelsklauw, vitamine C, zink | 180 capsules | Zonder toevoegingen",Vegavero,28.99,28.99,EUR,4.35,0.0,3.56,8.66
VV-VITA-158,B081TDP6YF,ES,Vegavero Glucosamina Complex | CONDROITINA + MSM | Articulaciones + Antiinflamatorio + Cartílago | 100% VEGANO | Harpagofito + Zinc+ Vitamina C | 180 Cápsulas,Vegavero,28.9,28.9,EUR,4.34,0.0,3.8,8.66
VV-VITA-158,B081TDP6YF,IT,"Glucosamina Condroitina Complex VEGAN | con MSM, Artiglio del diavolo, Zinco e Vit C | Integratore Articolazioni | Alto dosaggio di Glucosamin Solfato | Cruelty Free e Senza Additivi | Vegavero",Vegavero,27.99,27.99,EUR,4.2,0.0,4.61,8.66
VV-VITA-158,B081TDP6YF,FR,"Glucosamine Chondroïtine Complex Vegavero® | 100% VEGAN | Avec MSM, Vitamine C, Harpagophytum et Zinc | Pour les ARTICULATIONS* | Sans Additifs | 180 Gélules",Vegavero,26.9,26.9,EUR,4.04,0.0,5.15,8.66
VV-VITA-158,B081TDP6YF,DE,"Vegavero Glucosamin Chondroitin Complex vegan, hochdosiert - 180 Kapseln - mit MSM, Teufelskralle, Vitamin C aus Acerola und Zink für Knochen & Knorpel, ohne Zusatzstoffe",Vegavero,31.9,31.9,EUR,4.79,0.0,3.18,8.66
VV-VITA-158,B081TDP6YF,GB,"Vegavero Vegan Glucosamine Complex | with Chondroitin, MSM, Devil's Claw and VIT C | NO Additives, Lab-Tested | Joint Pain Relief | 180 Capsules",Vegavero,26.99,26.99,GBP,4.05,0.0,3.05,8.66
VV-VITA-153,B07ZQHMLQY,IE,Vegavero Organic Ashwagandha Capsules | 2010 mg Root Powder | 180 Vegan Pills | Standardised 2% Withanolides | Lab-Tested | NO Additives | Vegan,Vegavero,16.99,16.99,EUR,2.55,0.0,1.53,5.36
VV-VITA-153,B07ZQHMLQY,NL,Vegavero biologische Ashwagandha capsules | 2.010 mg per dag | Laboratoriumgetest | Originele slaapbes uit India | 40mg gestandaardiseerde withanoliden | Geen toevoegingen | Vegan,Vegavero,20.99,20.99,EUR,3.15,0.0,3.56,5.36
VV-VITA-153,B07ZQHMLQY,ES,Ashwagandha Orgánica Vegavero | 2010 mg | Con Withanólidos | Insomnio + Estrés + Relajante | Probado en laboratorio | 180 Capsulas | Sin Aditivos & Vegano,Vegavero,22.9,22.9,EUR,3.44,0.0,3.8,5.36
VV-VITA-153,B07ZQHMLQY,IT,ASHWAGANDHA BIO Pura Vegavero® | 670 mg per capsula | con il 2% di Withanolidi | SENZA ADDITIVI | Polvere di Withania Somnifera | Premium Organic Ashwaganda | 180 capsule | Vegan,Vegavero,21.9,21.9,EUR,3.29,0.0,4.61,5.36
VV-VITA-153,B07ZQHMLQY,FR,Ashwagandha BIO | Extra Fort : 2010 mg par Portion | 180 Gélules Vegan | Qualité Premium : Sans Additifs & Standardisé en Withanolides | Vegavero®,Vegavero,21.9,21.9,EUR,3.29,0.0,5.15,5.36
VV-VITA-153,B07ZQHMLQY,DE,Ashwagandha Bio | Hochdosiert: 2.010mg pro Tag | Original Schlafbeere aus Indien | Withanolide | 180 Kapseln | Laborgeprüft | Vegan - Ohne Zusatzstoffe | Deutsche Produktion Vegavero,Vegavero,19.9,19.9,EUR,2.99,0.0,,5.36
VV-VITA-153,B07ZQHMLQY,GB,Vegavero Organic Ashwagandha Capsules | 2010 mg Root Powder | 180 Vegan Pills | Standardised 2% Withanolides | Lab-Tested | NO Additives | Vegan,Vegavero,16.99,16.99,GBP,2.55,0.0,,5.36
VV-VITA-151,B07WH27VXM,NL,Vegavero Vrouwelijke Balans | 180 Capsules,Vegavero,21.99,21.99,EUR,3.3,0.0,3.52,8.09
VV-VITA-151,B07WH27VXM,ES,"Vegavero Female Balance | Síndrome Premenstrual (PMS) y Acné Hormonal | Sauzgatillo (Vitex Agnus Castus), Acido Folico, Maca Roja, Magnesio | 180 Cápsulas | Sin Aditivos & Vegano",Vegavero,27.9,27.9,EUR,4.19,0.0,3.57,8.09
VV-VITA-151,B07WH27VXM,IT,"Vegavero FEMALE BALANCE | 180 capsule | per Squilibrio Ormonale con Agnocasto, Maca, Magnesio, Acido Folico, Vitamine e Minerali | Amenorrea e PMS | Vegan e Senza Additivi",Vegavero,25.99,25.99,EUR,3.9,0.0,4.19,8.09
VV-VITA-151,B07WH27VXM,FR,"Vegavero Rééquilibrage Hormonal Femme, Avec 12 Actifs: Gattilier, Alchémille, Maca Rouge, Magnésium Aquamin, Fer, Zinc, Sélénium et Folate, 180 Gélules, Sans Additifs & Vegan",Vegavero,27.9,27.9,EUR,4.19,0.0,4.63,8.09
VV-VITA-151,B07WH27VXM,DE,"Vegavero Female Balance | 180 Kapseln | Mönchspfeffer, Frauenmantel, Eisen, Quatrefolic Folsäure, Actrisave | Zyklus Gleichgewicht | Vegan | Ohne Zusätze",Vegavero,23.9,23.9,EUR,3.59,0.0,3.17,8.09
VV-VITA-146,B07R5XPNMP,IE,"Vegavero Organic Spirulina 4000 mg | 300 Tablets | NO Additives | Natural Source of Protein, Vitamins & Minerals | Vegan",Vegavero,21.95,21.95,EUR,3.29,0.0,1.71,6.56
VV-VITA-146,B07R5XPNMP,NL,"Vegavero Spirulina BIO | 4000 mg per tablet | Laboratorium getest | Veganistisch en zonder toevoegingen | 3,9% fycocyanine | 300 BIOLOGISCHE Spirulina-tabletten",Vegavero,19.99,19.99,EUR,3.0,0.0,3.32,6.56
VV-VITA-146,B07R5XPNMP,ES,Espirulina Ecológica Vegavero | 1000 mg Dosis Diaria | Sin Aditivos & Orgánica | 300 Comprimidos | Apto Para Veganos | Alga Spirulina BIO,Vegavero,22.9,22.9,EUR,3.44,0.0,3.8,6.56
VV-VITA-146,B07R5XPNMP,IT,"Spirulina Bio | 4.000 al giorno – 1.000 mg per compressa | 3,9% di Ficocianina | 100% Pura e Biologica | Alga Spirulin Platensis | Certificata in Laboratorio Tedesco | Vegavero®",Vegavero,19.99,19.99,EUR,3.0,0.0,3.97,6.56
VV-VITA-146,B07R5XPNMP,FR,"Spiruline BIO - 4000 mg par jour | 100% Pure & Sans Additifs | Avec Phycocyanine, Protéines | VEGAN & Sans OGM | Vegavero®",Vegavero,22.9,22.9,EUR,3.44,0.0,5.15,6.56
VV-VITA-146,B07R5XPNMP,DE,"Spirulina Bio | 4000 mg | Höchste Dosis pro Tablette | Laborgeprüft | Vegan & Ohne Zusatzstoffe | 3,9% Phycocyanin | 300 Stück | Deutsche Produktion von Vegavero",Vegavero,19.9,19.9,EUR,2.99,0.0,3.03,6.56
VV-VITA-146,B07R5XPNMP,GB,"Vegavero Organic Spirulina 4000 mg | 300 Tablets | NO Additives | Natural Source of Protein, Vitamins & Minerals | Vegan",Vegavero,21.95,21.95,GBP,3.29,0.0,3.05,6.56
VV-VITA-57-V,B07PM7B4NK,IE,"Vegavero Hyaluronic Acid Supplements | NO Additives, Lab-Tested | High Strength 600 mg with 800-1500 kDa | 180 Capsules (6 months) | Vegan",Vegavero,32.99,32.99,EUR,4.95,0.0,1.71,16.78
VV-VITA-57-V,B07PM7B4NK,NL,Vegavero HYALURONZUUR capsules | 600 mg | 180 capsules voor 6 maanden | 800-1500 kDa hoog molecuulgewicht | Geen additieven en veganistisch,Vegavero,34.99,34.99,EUR,5.25,0.0,3.56,16.78
VV-VITA-57-V,B07PM7B4NK,ES,Ácido Hialurónico Puro Vegavero | La Dosis más Alta: 600 mg | Libre de Aditivos & Vegano | 180 Cápsulas | Natural de Fermentación | 800-1500 kDa | Hidratante facial + Articulaciones…,Vegavero,39.9,39.9,EUR,5.99,0.0,3.8,16.78
VV-VITA-57-V,B07PM7B4NK,IT,Acido Ialuronico Integratore | 600 mg | 800-1500 kDa | VEGAN | 100% NATURALE da fermentazione | 180 capsule: 6 Mesi di Fornitura | Hyaluronic Acid | Vegavero®,Vegavero,38.99,38.99,EUR,5.85,0.0,4.61,16.78
VV-VITA-57-V,B07PM7B4NK,FR,Acide Hyaluronique Pur Vegavero® 600 mg | 100% Naturel | 180 Gélules | VEGAN & Sans Additifs Artificiels | Anti-âge et Articulations,Vegavero,43.9,43.9,EUR,6.59,0.0,5.15,16.78
VV-VITA-57-V,B07PM7B4NK,DE,Hyaluronsäure Kapseln Vegavero | Hochdosiert - 600 mg | 180 Stück für 6 Monate | 800-1500 kDa Hochmolekular | Ohne Zusätze & Vegan,Vegavero,38.9,38.9,EUR,5.84,0.0,3.18,16.78
VV-VITA-57-V,B07PM7B4NK,GB,"Vegavero Hyaluronic Acid Supplements | NO Additives, Lab-Tested | High Strength 600 mg with 800-1500 kDa | 180 Capsules (6 Months) | Vegan",Vegavero,39.99,39.99,GBP,6.0,0.0,3.05,16.78
VV-VITA-142,B07NNVS8M4,NL,"Vegavero PROSTAAT complex | 180 capsules HOGE DOSIS | Met zaagpalmetto-extract, pompoenpitten, brandnetel en meer | Veganistisch & zonder toevoegingen",Vegavero,25.99,25.99,EUR,3.9,0.0,3.56,8.61
VV-VITA-142,B07NNVS8M4,ES,"Vegavero Próstata | Saw Palmetto 5600 mg | 180 Cápsulas | Con Extracto de Calabaza, Ortiga Verde, Zinc y Selenio | Salud Vías Urinarias | Vegano y Sin Aditivos",Vegavero,25.9,25.9,EUR,3.89,0.0,3.8,8.61
VV-VITA-142,B07NNVS8M4,IT,"Integratore PROSTATA Vegavero® | 180 capsule | con Serenoa Repens, Ortica, Zucca, Zinco e Selenio | Titolato in Acidi Grassi | per Vie Urinarie Uomo | Vegan",Vegavero,24.99,24.99,EUR,3.75,0.0,4.61,8.61
VV-VITA-142,B07NNVS8M4,FR,Complexe Prostate & Confort Urinaire Homme | 180 Gelules | 100% Naturel | Saw Palmetto + Zinc + Ortie + Citrouille | Avec 45% Acides Gras | VEGAN | 3 Mois,Vegavero,22.9,22.9,EUR,3.44,0.0,5.15,8.61
VV-VITA-142,B07NNVS8M4,DE,"Prostata Komplex Vegavero | 800 mg Kürbiskernextrakt |180 Kapseln Hochdosiert | Mit Sägepalmenextrakt, Kürbiskernen, Brennnessel & Mehr | Vegan & Ohne Zusätze",Vegavero,25.9,25.9,EUR,3.89,0.0,3.18,8.61
VV-VITA-143,B07NNTD7M8,IE,"Vegavero Vitamin B12 1000 mcg | with Folic Acid, Vitamin B6 and Choline | Methylcobalamin + Adenosylcobalamin (Active Forms) | NO ADDITIVES | 180 Capsules | Vegan",Vegavero,23.99,23.99,EUR,3.6,0.0,1.71,9.6
VV-VITA-143,B07NNTD7M8,ES,Vitamina B12 PLUS Vegavero | Calidad: Las 2 Formas Activas + Ácido Fólico + B6 + Colina | Vegana & Sin Aditivos | Energía + Sistema Nervioso + Cansancio & Fatiga* | 180 Cápsulas,Vegavero,29.9,29.9,EUR,4.49,0.0,3.8,9.6
VV-VITA-143,B07NNTD7M8,IT,"Vegavero Vitamina B12 Vegan 1000 mcg | con Acido Folico, Vitamina B6 e Colina | Metilcobalamina + Adenosilcobalamina (Forme Attive) | SENZA ADDITIVI | 180 capsule",Vegavero,23.99,23.99,EUR,3.6,0.0,4.61,9.6
VV-VITA-143,B07NNTD7M8,FR,Vitamine B12 1000 mcg Vegavero® | Origine FRANCE & Espagne | La Seule SANS ADDITIFS & VEGAN | Avec 2 Formes Actives + Acide Folique + B6 + Choline | Énergie + Anti-Fatigue* | 180 Gélules,Vegavero,24.9,24.9,EUR,3.74,0.0,5.15,9.6
VV-VITA-136,B07KJMHWGW,ES,Vegavero Piernas Cansadas | 120 Cápsulas | Circulacion + Light Legs + Retencion Liquidos | SIN ADITIVOS | Con Centella Asiática & Arandanos | Vegano,Vegavero,22.9,22.9,EUR,3.44,0.0,3.57,7.26
VV-VITA-136,B07KJMHWGW,IT,"Vegavero Circolazione Gambe | 120 capsule | 100% NATURALE con Centella Asiatica, Mirtillo Nero, Equiseto, Vite Rossa e Rusco | Integratore per Pesantezza, Microcircolo e Capillari | Vegan",Vegavero,24.99,24.99,EUR,3.75,0.0,4.19,7.26
VV-VITA-136,B07KJMHWGW,FR,"Circulation Sanguine | Jambes Lourdes et Gonflées | Vegavero® | 120 Gélules | Avec Vigne Rouge, Prêle des Champs, Petit Houx, Gotu Kola et Myrtille | 100% Naturel | Vegan",Vegavero,22.9,22.9,EUR,3.44,0.0,4.63,7.26
VV-VITA-136,B07KJMHWGW,DE,"Venen Kapseln Vegavero | 100% Natürlich | Ackerschachtelhalm, Rotes Weinlaub, Gotu Kola, Mäusedorn & Blaubeere | Schwere und Müde Beine | 120 Stück | Vegan",Vegavero,19.9,19.9,EUR,2.99,0.0,2.82,7.26
VV-VITA-129,B07J5M5PZW,IE,Vegavero Organic Ginger Capsules | 650 mg Root Powder | NO Additives | Lab-Tested | 120 Units | Vegan,Vegavero,15.95,15.95,EUR,2.39,0.0,1.38,3.99
VV-VITA-129,B07J5M5PZW,NL,Vegavero BIOLOGISCHE GEMBER capsules | 650 mg met gingerol | 100% biologische kwaliteit | Veganistisch en zonder toevoegingen | 120 capsules,Vegavero,18.99,18.99,EUR,2.85,0.0,3.28,3.99
VV-VITA-129,B07J5M5PZW,ES,Jengibre BIO | Ginger ORGÁNICO | 120 Cápsulas | 650 mg por Cápsula | Náusea + Digestión + Dolor Menstrual | Sin Aditivos | Vegavero,Vegavero,18.9,18.9,EUR,2.84,0.0,3.28,3.99
VV-VITA-129,B07J5M5PZW,IT,"ZENZERO BIO | 650 mg | 120 capsule (4 Mesi) | Digestivo Naturale contro Nausea, Reflusso e Vomito | Certificato in Laboratorio | Vegan e Senza Additivi | Vegavero®",Vegavero,19.99,19.99,EUR,3.0,0.0,3.64,3.99
VV-VITA-129,B07J5M5PZW,FR,"Gingembre BIO 650 mg | 120 Gélules (4 mois) | 1,5% Gingerol | Digestion + Vomissement | Testé en Laboratoire | Vegan & Sans Additifs | Vegavero®",Vegavero,15.9,15.9,EUR,2.39,0.0,4.37,3.99
VV-VITA-129,B07J5M5PZW,DE,Bio Ingwer Kapseln Vegavero | 650 mg mit hochwertigem Gingerol | 100% organic quality | Vegan & Ohne Zusätze | 120 Stück,Vegavero,18.9,18.9,EUR,2.84,0.0,2.82,3.99
VV-VITA-129,B07J5M5PZW,GB,Vegavero Organic Ginger Capsules | 650 mg Root Powder | NO Additives | Lab-Tested | 120 Units | Vegan,Vegavero,15.95,15.95,GBP,2.39,0.0,2.71,3.99
VV-VITA-124,B07F14GMP2,IE,Vegavero Natural Vitamin C Supplement | Organic Vit C from Acerola Cherry Extract | 225% NRV | NO Additives| 180 Capsules | Vegan,Vegavero,24.95,24.95,EUR,3.74,0.0,,8.87
VV-VITA-124,B07F14GMP2,NL,Vegavero NATUURLIJKE VITAMINE C | gemaakt van biologisch acerola-extract | Veganistisch | Zonder toevoegingen | 180 capsules,Vegavero,23.99,23.99,EUR,3.6,0.0,3.56,8.87
VV-VITA-124,B07F14GMP2,ES,BIO Vitamina C Natural Vegavero | 180 mg | 180 Cápsulas | Sin Aditivos Artificiales | De Extracto de Acerola Orgánica de Brasil | Sistema Inmunitario | Testado en Laboratorio | Apto para Veganos,Vegavero,26.9,26.9,EUR,4.04,0.0,3.8,8.87
VV-VITA-124,B07F14GMP2,IT,Vitamina C Naturale BIO | 1060 mg di Acerola | L’unica Biologica e Senza Additivi | Integratore per Sistema Immunitario e Antiossidante | 180 capsule | Vegan,Vegavero,25.9,25.9,EUR,3.89,0.0,4.61,8.87
VV-VITA-124,B07F14GMP2,FR,Acerola Vitamine C BIO Vegavero® | UNIQUE : 100% NATURELLE - Sans Additifs | Extraction en FRANCE | 180 Gélules | 1060 mg d’Extrait Par Dose | VEGAN,Vegavero,26.9,26.9,EUR,4.04,0.0,5.15,8.87
VV-VITA-124,B07F14GMP2,DE,Natürliches Vitamin C Vegavero | aus Bio Acerola Extrakt | Vegan | Immunsystem stärken * | Ohne Zusatzstoffe | 180 Kapseln,Vegavero,23.9,23.9,EUR,3.59,0.0,3.18,8.87
VV-VITA-124,B07F14GMP2,GB,Vegavero Natural Vitamin C Supplement | Organic VIT C from Acerola Cherry Extract | 225% NRV | NO Additives| 180 Capsules | Vegan,Vegavero,24.95,24.95,GBP,3.74,0.0,3.05,8.87
VV-VITA-127,B07F1FKM3M,IE,"Vegavero Saffron Supplement 90 mg | High Strength Saffran Extract | 120 Capsules | Premium Crocus Sativus | NO Additives, Lab-Tested | Vegan",Vegavero,22.99,22.99,EUR,3.45,0.0,1.55,7.66
VV-VITA-127,B07F1FKM3M,NL,Vegavero Saffraan Capsules 30 mg Affron Extract (3:1),Vegavero,25.99,25.99,EUR,3.9,0.0,3.66,7.66
VV-VITA-127,B07F1FKM3M,ES,"Saffron Español Vegavero | 30 mg | 3,5% Safranal + Crocin | Azafrán Premium Affron | SIN ADITIVOS | 120 Cápsulas | Análisis En Laboratorio",Vegavero,22.9,22.9,EUR,3.44,0.0,3.91,7.66
VV-VITA-127,B07F1FKM3M,IT,ZAFFERANO Vegavero ® | Con 3% Safranale e 2% Crocina | Affron®: Crocus sativus spagnolo | 120 capsule | Calmante e rilassante naturale per il buon umore | Vegan,Vegavero,24.99,24.99,EUR,3.75,0.0,4.23,7.66
VV-VITA-127,B07F1FKM3M,FR,"Vegavero Safran 30 mg, Extrait Breveté Affron Standardisé à 3,5% de Lepticrosalides, 120 Gélules pour 4 Mois, Sans Additifs, Analysé en Laboratoire & Vegan",Vegavero,22.9,22.9,EUR,3.44,0.0,4.79,7.66
VV-VITA-127,B07F1FKM3M,DE,"Vegavero Safran Kapseln hochdosiert 120 Stück, 30 mg AFFRON® Extrakt aus Spanien, standardisiert auf 3,5% Lepticrosalide, DNA-geprüfte Echtheit, ohne Zusatzstoffe & Siliziumdioxid, vegan",Vegavero,24.9,24.9,EUR,3.74,0.0,3.21,7.66
VV-VITA-127,B07F1FKM3M,GB,Vegavero Saffron Supplement 90 mg | 3.5% Lepticrosaliden | Pure Saffran 3:1 Extract | 120 Capsules | Premium Crocus Sativus | NO Additives | Lab-Tested | Vegan,Vegavero,25.99,25.99,GBP,3.9,0.0,,7.66
VV-VITA-121,B07DGFDLKP,IE,"Vegavero Female Harmony Midlife | 100% NATURAL | 120 Vegan Capsules | Without Soy | with Wild Yams, Evening Primrose, Sage Leaf and Hops | Hot Flushes & Night Sweats Supplement",Vegavero,25.95,25.95,EUR,3.89,0.0,1.55,7.33
VV-VITA-121,B07DGFDLKP,ES,"Vegavero Menopausia Complex | Control de Sofocos y Bienestar Emocional | Con Salvia, Lúpulo, Yam Silvestre, Onagra, Manzanilla | 120 Cápsulas | 100% Natural, Sin Aditivos y Vegano",Vegavero,20.9,20.9,EUR,3.14,0.0,3.57,7.33
VV-VITA-121,B07DGFDLKP,IT,"Integratore Menopausa | Titolato in Flavoni senza Soia | con Igname Selvatico, Enotera, Camomilla e Salvia | per Vampate di Calore, Sbalzi d’Umore, Insonnia | Vegavero",Vegavero,24.99,24.99,EUR,3.75,0.0,4.19,7.33
VV-VITA-121,B07DGFDLKP,FR,"Vegavero Complexe MÉNOPAUSE | 100% Naturel & SANS HORMONES | Sauge, Onagre, Houblon, Camomille et Igname | 120 Gélules Vegan | Bouffées de Chaleur + Fatigue + Équilibre Hormonal & Emotionnel",Vegavero,21.9,21.9,EUR,3.29,0.0,4.63,7.33
VV-VITA-121,B07DGFDLKP,DE,"Wechseljahre Vegavero | Meno Balance für Menopause | wildyamswurzel, Nachtkerze, Hopfen, Salbei, Kamille | 100% Natürlich & Hormonfrei | Vegan",Vegavero,21.9,21.9,EUR,3.29,0.0,3.17,7.33
VV-VITA-122,B07DGGD49G,NL,Vegavero Immuunsysteem Complex | 120 Capsules,Vegavero,22.99,22.99,EUR,3.45,0.0,3.66,4.76
VV-VITA-122,B07DGGD49G,ES,"Complejo Defensas Inmunitarias | 100% NATURAL | 120 Cápsulas | Vitamina C, D3 + Equinácea + Zinc + Selenio + Jengibre | Immu Pro Complex | Sin Additivos y Vegano | Vegavero",Vegavero,21.9,21.9,EUR,3.29,0.0,3.91,4.76
VV-VITA-122,B07DGGD49G,IT,"Vegavero Difese Immunitarie Adulti | 120 capsule | con Echinacea, Vitamina C, D3, Zinco e Selenio | Senza Additivi e Certificato in Laboratorio | Rinforzo Sistema Immunitario",Vegavero,22.99,22.99,EUR,3.45,0.0,4.23,4.76
VV-VITA-122,B07DGGD49G,FR,"Complexe Immunité | Echinacea, Gingembre, Vitamines C et D3, Zinc, Sélénium | 120 Gélules | Défense Immunitaire | Vegan & Sans Additifs | Vegavero®",Vegavero,19.9,19.9,EUR,2.99,0.0,4.37,4.76
VV-VITA-122,B07DGGD49G,DE,"Vegavero Immunsystem Komplex – mit Echinacea, Acerola Vitamin C, Vitamin D3, Ingwer, Zink & Selen – vegane Immunformel ohne Zusatzstoffe – 120 Kapseln hochdosiert",Vegavero,22.9,22.9,EUR,3.44,0.0,3.21,4.76
VV-VITA-119,B07C5Q7T4D,IE,"Vegavero Magnesium 2,000 mg + Potassium 2,083 mg | High Strength Citrate Forms | 180 Vegan Capsules | Electrolytes for Hydration & Recovery | 45 Day Supply",Vegavero,19.9,19.9,EUR,2.99,0.0,1.38,5.01
VV-VITA-119,B07C5Q7T4D,ES,Vegavero Magnesio + Potasio | 180 Cápsulas | SIN ADITIVOS | Citrato de Magnesium | Analizado en Laboratorio | Electrolitos & Sales Minerales | Vegano,Vegavero,21.9,21.9,EUR,3.29,0.0,3.57,5.01
VV-VITA-119,B07C5Q7T4D,IT,Magnesio e Potassio Vegavero® | l’unico SENZA ADDITIVI | Forma Citrato ad Alta Biodisponibilità | contro Stanchezza e Affaticamento | Sali Minerali per Muscoli e Crampi | 180 capsule | Vegan,Vegavero,19.99,19.99,EUR,3.0,0.0,3.64,5.01
VV-VITA-119,B07C5Q7T4D,FR,Citrate de Magnésium + Potassium Vegavero® | 180 Gélules | Sans Additifs & VEGAN | Absorption Optimale | Douleurs Musculaires + Crampes + Anti Fatigue*,Vegavero,21.9,21.9,EUR,3.29,0.0,4.63,5.01
VV-VITA-119,B07C5Q7T4D,DE,Magnesium + Kalium | Premium: Reine Citrat Formen - Ohne Zusatzstoffe | Hohe Bioverfügbarkeit | Elektrolyte | Muskeln - Blutdruck - Energie * | Laborgeprüft | Vegan | Deutsche Produktion von Vegavero,Vegavero,19.9,19.9,EUR,2.99,0.0,2.82,5.01
VV-VITA-119,B07C5Q7T4D,GB,"Vegavero Magnesium 2,000 mg + Potassium 2,083 mg | High Strength Citrate Forms | 180 Vegan Capsules | Electrolytes for Hydration & Recovery | 45 Day Supply",Vegavero,22.99,22.99,GBP,3.45,0.0,2.95,5.01
VV-VITA-115,B07B9FTCXV,GB,Vegavero Organic Bacteria for Kids | NO Additives | Organic Inulin and 5 Bacterial Strains with 10 Billion CFU | for Children 3+ Years | 75g Powder | Spoon Included,Vegavero,22.99,22.99,GBP,3.45,0.0,2.98,7.74
VV-VITA-116,B07B9NWQ61,IE,Vegavero Organic Iodine Supplement | NO Additives | 100% Natural Organic Scottish Sea Kelp | 150 mcg Pure | 180 Tablets | Vegan,Vegavero,14.99,14.99,EUR,2.25,0.0,1.38,5.05
VV-VITA-116,B07B9NWQ61,BE,Vegavero Iode BIO 150 mcg | Issu d'Algue Kelp,Vegavero,20.9,20.9,EUR,3.14,0.0,3.58,5.05
VV-VITA-116,B07B9NWQ61,NL,Vegavero IOD van biologische kelp | Prijs-prestatiewinnaar 2024* | PureSea® gemaakt van Schotse bruinalgen | 150 mcg | Vegan | Geen toevoegingen | Laboratoriumgetest | 180 capsules,Vegavero,16.99,16.99,EUR,2.55,0.0,3.28,5.05
VV-VITA-116,B07B9NWQ61,ES,"Yodo Natural Vegavero | Dosis Óptima: 150 µg | Sin Aditivos | Alga Kelp BIO (PureSea) | Tiroides + Drenaje + Metabolismo* | 180 Cápsulas (6 meses) | Hipotiroidismo, Thyroid Energy",Vegavero,18.9,18.9,EUR,2.84,0.0,3.28,5.05
VV-VITA-116,B07B9NWQ61,IT,IODIO Naturale BIO Vegavero® | con PureSea® dalla Scozia | Alga Kelp Bruna | 180 capsule | TIROIDE e METABOLISMO | Vegan,Vegavero,19.99,19.99,EUR,3.0,0.0,3.64,5.05
VV-VITA-116,B07B9NWQ61,FR,Iode BIO 150 μg | 100% NATUREL : Issu d’Algue Kelp | 6 Mois | Thyroide* + Antioxydant | SANS ADDITIFS et VEGAN | Vegavero®,Vegavero,20.9,20.9,EUR,3.14,0.0,4.79,5.05
VV-VITA-116,B07B9NWQ61,DE,"Vegavero Jod Kapseln aus Bio Kelp - 150 μg Natürliches Jod aus PureSea® Braunalge - Vegane Qualität für die Schilddrüse, Laborgeprüft & Ohne Zusätze - 180 Kapseln für 6 Monate",Vegavero,17.9,17.9,EUR,2.69,0.0,2.82,5.05
VV-VITA-109,B077QQ2XV8,ES,Detox Higado Vegavero | 3300 mg Cardo Mariano + Alcachofa + Diente de León | 80% Silimarina + 40% colina | Depurativo Hígado Graso + Diuretico + Digestion | Sin Aditivos | Vegano| 120 Cápsulas,Vegavero,22.9,22.9,EUR,3.44,0.0,3.84,5.41
VV-VITA-109,B077QQ2XV8,IT,"Detox FEGATO Vegavero® | Cardo Mariano, Carciofo, Tarassaco, Cicoria e Colina | Depurante + Disintossicante | Con Silimarina e Cinarina | 120 capsule | Vegan",Vegavero,22.99,22.99,EUR,3.45,0.0,4.46,5.41
VV-VITA-109,B077QQ2XV8,FR,DETOX FOIE | Chardon Marie + Pissenlit + Artichaut + Choline | 80% De Silymarin | 120 Gélules | Détoxifiant Hépatique + Digestion | 100% NATUREL | Sans Additifs | VEGAN | Vegavero®,Vegavero,18.9,18.9,EUR,2.84,0.0,4.64,5.41
VV-VITA-109,B077QQ2XV8,DE,"Leber Komplex Vegavero | Mariendistel, Artischocke, Löwenzahn, Cholin & Zichorie | Mit Silymarin & Cynarin | Hochdosierte Extrakte | Leber & Fettstoffwechsel* | Vegan & Ohne Zusätze | 120 Kapseln",Vegavero,18.9,18.9,EUR,2.84,0.0,3.09,5.41
VV-VITA-109,B077QQ2XV8,GB,"Vegavero Liver Support Supplements | with Artichoke, Chicory & Choline | Natural Cleanse Detox and Repair | NO Additives | 120 Vegan Capsules",Vegavero,16.99,16.99,GBP,2.55,0.0,2.71,5.41
VV-VITA-111,B077QNG9M4,IE,"Vegavero Colon Cleanse with Psyllium Husk and Cayenne Pepper Extract | 100% Natural | With Probiotics, Fennel & Ginger | 120 Capsules | Vegan | NO Additives, Lab-Tested",Vegavero,22.95,22.95,EUR,3.44,0.0,1.55,6.07
VV-VITA-111,B077QNG9M4,NL,"Vegavero COLON CLEANSE | 60 dagen natuurlijke darmkuur | Vezels (psylliumschillen), melkzuurbacteriën, gember en laos | Veganistisch en zonder toevoegingen",Vegavero,19.99,19.99,EUR,3.0,0.0,3.28,6.07
VV-VITA-111,B077QNG9M4,ES,Vegavero Colon Irritable Complex | Psyllium Husk y Probioticos | Estreñimiento + Gases + Transito Intestinal | Flora & Cleanse | Vegan | 120 Cápsulas,Vegavero,21.9,21.9,EUR,3.29,0.0,3.57,6.07
VV-VITA-111,B077QNG9M4,IT,"COLON CARE | 120 capsule | 100% Naturale con Psillio, Zenzero, Finocchio e Fermenti Lattici | Prodotto in Germania | Vegan e Senza Additivi | Vegavero",Vegavero,22.99,22.99,EUR,3.45,0.0,4.19,6.07
VV-VITA-111,B077QNG9M4,FR,"Colon Irritable Vegavero® | 100% Naturel | 120 Gélules | Nettoyage Intestinal | Avec Gingembre, Psyllium, Galanga, Fenouil, Cayenne et Lactobacillus Acidophilus | VEGAN",Vegavero,21.9,21.9,EUR,3.29,0.0,4.63,6.07
VV-VITA-111,B077QNG9M4,DE,"Colon Cleanse Vegavero | 60 Tage natürliche Darmkur | Ballaststoffe (Flohsamenschalen), Milchsäurebakterien, Ingwer & Galgant | Bei Verstopfung & Blähungen | Vegan & Ohne Zusätze | 120 Kapseln",Vegavero,19.9,19.9,EUR,2.99,0.0,2.82,6.07
VV-VITA-111,B077QNG9M4,GB,"Vegavero Colon Cleanse with Psyllium Husk and Cayenne Pepper Extract | 100% Natural | with Probiotics, Fennel & Ginger | 120 Capsules | Vegan | NO Additives, Lab-Tested",Vegavero,22.95,22.95,GBP,3.44,0.0,2.95,6.07
VV-VITA-105,B076M64FW6,IE,"Vegavero Panax Ginseng | 4,800 mg (8:1 Extract) | With 20% Ginsenosides | NO Additives | 120 Vegan Capsules | Korean Red Ginseng",Vegavero,20.95,20.95,EUR,3.14,0.0,1.55,5.56
VV-VITA-105,B076M64FW6,ES,PANAX GINSENG Rojo Coreano| 4800 mg | 20% de ginsenósidos | 120 Cápsulas | NOOTROPICO Memoria y Concentración | Vegano & Sin Aditivos | Vegavero®,Vegavero,19.9,19.9,EUR,2.99,0.0,3.28,5.56
VV-VITA-105,B076M64FW6,IT,PANAX GINSENG Vegavero® | 4800 mg | Rosso e Coreano | con 120 mg di Ginsenosidi | Contro Stanchezza Fisica e Mentale | 120 capsule | Vegan,Vegavero,21.99,21.99,EUR,3.3,0.0,4.23,5.56
VV-VITA-105,B076M64FW6,FR,"Vegavero Panax Ginseng Rouge et Coréen, 4800 mg (8:1) par Jour avec 20% de Ginsénosides, 120 Gélules pour 4 Mois, Sans Additifs, Analysé en Laboratoire & Vegan",Vegavero,20.9,20.9,EUR,3.14,0.0,4.79,5.56
VV-VITA-105,B076M64FW6,GB,"Vegavero Panax Ginseng | 4,800 mg (8:1 Extract) | with 20% Ginsenosides | NO Additives | 120 Vegan Capsules | Korean Red Ginseng",Vegavero,20.95,20.95,GBP,3.14,0.0,2.98,5.56
VV-VITA-106,B076MKZHV4,IE,"Vegavero Black Garlic Capsules 22,500 mg | High Strength 15:1 Extract | Odourless & Fermented | Standardised SAC | NO Additives, Lab-Tested | 120 Capsules | Vegan",Vegavero,19.99,19.99,EUR,3.0,0.0,1.38,6.92
VV-VITA-106,B076MKZHV4,NL,"Vegavero Zwarte Knoflookcapsules | 11.250 mg dagelijkse dosis | Uittreksel (15:1) | 0,2% S-allylcysteïne (SAC) | Laboratorium getest | 120 capsules | Veganistisch & zonder toevoegingen",Vegavero,22.99,22.99,EUR,3.45,0.0,3.52,6.92
VV-VITA-106,B076MKZHV4,ES,Ajo Negro 22.500 mg SIN OLOR | ALTA DOSIS | Extracto Natural Fermentado | Potente Antioxidante + Sistema Inmune | 120 cápsulas | 100% Vegano y Sin Aditivos | Vegavero,Vegavero,24.9,24.9,EUR,3.74,0.0,3.57,6.92
VV-VITA-106,B076MKZHV4,IT,Aglio Nero Fermentato | 22.500 mg (15:1) | con 0.2% di SAC (S-allicisteina) | Capsule Inodore | Vegano e Senza Additivi | Vegavero®,Vegavero,23.99,23.99,EUR,3.6,0.0,4.19,6.92
VV-VITA-106,B076MKZHV4,FR,"AIL NOIR Fermenté 22.500 mg/jour | Avec 0,2% S-allyl-cystéine (SAC) | Sans Additifs & VEGAN | 120 Gélules | Vegavero®",Vegavero,24.9,24.9,EUR,3.74,0.0,4.63,6.92
VV-VITA-106,B076MKZHV4,DE,"Vegavero Schwarzer Knoblauch Kapseln – 1500 mg Extrakt hochdosiert – 0,2% S-Allyl-Cystein (SAC) – 15:1 schwarzer Knoblauch fermentiert – Black Garlic – 120 Kapseln",Vegavero,22.9,22.9,EUR,3.44,0.0,3.17,6.92
VV-VITA-106,B076MKZHV4,GB,"Vegavero Black Garlic Capsules 22,500 mg | High Strength 15:1 Extract | Odourless & Fermented | Standardised SAC | NO Additives, Lab-Tested | 120 Capsules | Vegan",Vegavero,19.99,19.99,GBP,3.0,0.0,2.71,6.92
VV-VITA-107,B076MBD6KQ,IE,"Vegavero Ceylon Cinnamon 2500 mg | High Strength Extract (10:1) | NO Additives, Lab-Tested | Standarised 10% Polyphenols | 4 Months Supply – 120 Capsules | Vegan",Vegavero,16.95,16.95,EUR,2.54,0.0,1.38,3.42
VV-VITA-107,B076MBD6KQ,NL,Vegavero Ceylon KANEEL capsules | 2.500 mg (10:1-extract) | Vergelijkingswinnaar 2024* | Voor 4 maanden | Laboratorium getest | Veganistisch en zonder toevoegingen | 120 capsules,Vegavero,17.99,17.99,EUR,2.7,0.0,3.28,3.42
VV-VITA-107,B076MBD6KQ,ES,Canela de Ceylan Vegavero | DOSIS ALTA: 2500 mg | Para 4 Meses | Controla Glucosa - Azúcar en Sangre | Colesterol + Antioxidantes | Sin Aditivos & Vegano | 120 Cápsulas,Vegavero,15.9,15.9,EUR,2.39,0.0,3.28,3.42
VV-VITA-107,B076MBD6KQ,IT,CANNELLA Vegavero® | 2500 mg | CEYLON Cinnamon | 4 mesi di Fornitura | Vegan | 100% Natural Zimt | Per Metabolismo e Antiossidante | No OGM e Senza additivi,Vegavero,15.99,15.99,EUR,2.4,0.0,3.64,3.42
VV-VITA-107,B076MBD6KQ,FR,Cannelle de Ceylan Vegavero® | Fortement Dosé : 2500 mg de Poudre (250 mg d'Extrait 10:1) | Pour 4 Mois | 10% Polyphénols | Sans Additifs & Vegan | 120 Gélules,Vegavero,16.9,16.9,EUR,2.54,0.0,4.37,3.42
VV-VITA-107,B076MBD6KQ,DE,"Vegavero Ceylon Zimt Kapseln hochdosiert (120 vegane Kapseln) - 2500 mg Zimtextrakt (10:1) - Echter Zimt, kein Cassia – Cumarinarm, laborgeprüft - 4 Monate Vorrat – Zimtkapseln ohne Zusatzstoffe",Vegavero,18.9,18.9,EUR,2.84,0.0,2.82,3.42
VV-VITA-107,B076MBD6KQ,GB,"Vegavero Ceylon Cinnamon 2500 mg | High Strength Extract (10:1) | NO Additives, Lab-Tested | Standarised 10% Polyphenols | 4 Months Supply – 120 Capsules | Vegan",Vegavero,16.95,16.95,GBP,2.54,0.0,,3.42
VV-VITA-102,B075T82C1X,NL,Vegavero GINKGO BILOBA capsules | 6000 mg (50:1-extract) | 24% flavonoglycosiden en 6% terpeenlactonen | 180 capsules | Veganistisch & zonder toevoegingen,Vegavero,19.99,19.99,EUR,3.0,0.0,3.28,6.08
VV-VITA-102,B075T82C1X,ES,Ginkgo Biloba Vegavero | 6000 mg (50:1) | 24% Flavonoides y 6% Terpenos | Sin Celulosa Microcristalina | Nootrópicos Memoria Concentración + Antioxidante | 180 Cápsulas,Vegavero,19.9,19.9,EUR,2.99,0.0,3.28,6.08
VV-VITA-102,B075T82C1X,IT,"GINKGO BILOBA Vegavero® | estratto 50:1 | 24% di Glucosidi Flavonoidi e 6% di Terpenoidi | Circolazione, Memoria & Concentrazione | Senza Additivi | 180 capsule | Vegan",Vegavero,19.99,19.99,EUR,3.0,0.0,3.64,6.08
VV-VITA-102,B075T82C1X,FR,"Vegavero Ginkgo Biloba 6000 mg (Extrait 50:1) par Jour, 26% de Glycosides de Flavone et 6% de Lactones Terpéniques, 180 Gélules pour 6 Mois, Sans Additifs, Vegan",Vegavero,20.9,20.9,EUR,3.14,0.0,4.79,6.08
VV-VITA-102,B075T82C1X,DE,Ginkgo Biloba Kapseln Vegavero | 6000 mg (50:1 Extrakt) | 24% Flavonoglykoside und 6% Terpenlactone | 180 Stück | Vegan & Ohne Zusätze,Vegavero,19.9,19.9,EUR,2.99,0.0,2.82,6.08
VV-VITA-102,B075T82C1X,GB,"Vegavero Ginkgo Biloba 6000 mg | High Strength 50:1 Extract | 6 Month Supply | NO Additives, Lab-Tested | 24% Glycosides + 6% Lactones | 180 Vegan Capsules",Vegavero,16.99,16.99,GBP,2.55,0.0,,6.08
VV-VITA-101,B075T9G9YS,IE,Vegavero Premium Rhodiola Rosea 1200 mg | 3% Rosavins & 1% Salidroside | 120 Capsules | Herbal Adaptogenic Supplement | Rhodiolife® | NO Additives | Vegan,Vegavero,22.95,22.95,EUR,3.44,0.0,,7.77
VV-VITA-101,B075T9G9YS,BE,Vegavero Rhodiola Rosea 1200 mg RhodioLife | 120 Gélules,Vegavero,21.9,21.9,EUR,3.29,0.0,3.58,7.77
VV-VITA-101,B075T9G9YS,ES,Rhodiola Rosea | RHODIOLIFE | 1200 mg | Con 3% Rosavines + 1% Salidroside | Concentración | Sin Aditivos & Vegano | 120 Cápsulas | Vegavero,Vegavero,24.9,24.9,EUR,3.74,0.0,3.91,7.77
VV-VITA-101,B075T9G9YS,IT,"Rhodiola Rosea Forte Vegavero | Estratto Premium di Marca Rhodiolife | 3% Rosavine e 1% Salidroside | Buon Umore, Concentrazione e Stanchezza | Testato in Laboratorio | 120 capsule | Vegan",Vegavero,23.99,23.99,EUR,3.6,0.0,4.23,7.77
VV-VITA-101,B075T9G9YS,FR,"Vegavero Rhodiola Rosea, Extrait de Marque Rhodiolife, 3% de Rosavines et 1% de Salidroside,120 Gélules pour 4 Mois, Sans Additifs & Vegan",Vegavero,21.9,21.9,EUR,3.29,0.0,4.79,7.77
VV-VITA-101,B075T9G9YS,DE,Vegavero Rhodiola Rosea Kapseln 120 Stück - 200 mg Rosenwurz Extrakt Rhodiolife® mit 3% Rosavinen & 1% Salidrosid - Rhodiola aus Sibirien - Vegan & laborgeprüft,Vegavero,25.9,25.9,EUR,3.89,0.0,3.21,7.77
VV-VITA-101,B075T9G9YS,GB,Vegavero Premium Rhodiola Rosea 1200mg | 3% Rosavins & 1% Salidroside | 120 Capsules | Herbal Adaptogenic Supplement | Rhodiolife | NO Additives | Vegan,Vegavero,23.99,23.99,GBP,3.6,0.0,2.98,7.77
VV-VITA-94,B075FDQ6KJ,IE,Vegavero Probiotics & Prebiotics | 100% Organic | 20 Strains (Lactobacillus + Bifidobacterium) | 20 Billion Active Bacteria & Acacia Fibre | 60 Vegan Capsules | NO Additives,Vegavero,26.9,26.9,EUR,4.04,0.0,1.55,9.5
VV-VITA-94,B075FDQ6KJ,ES,Vegavero Probióticos y Prebióticos Intestinales | 20 Mil Millones UFC y 20 Cepas Bacterianas | 90 Cápsulas Gastroresistentes | Con Fibra de Acacia y FOS | Sin Aditivos ni GMO,Vegavero,31.9,31.9,EUR,4.79,0.0,3.91,9.5
VV-VITA-94,B075FDQ6KJ,IT,Vegavero Fermenti Lattici Probiotici BIO | con Fibra di Acacia Biologica | per Flora Intestinale e Microbioma | Fermenti dalla Germania | Vegan | 60 capsule Gastroresistenti,Vegavero,28.99,28.99,EUR,4.35,0.0,4.23,9.5
VV-VITA-94,B075FDQ6KJ,FR,Vegavero Probiotiques BIOLOGIQUES | 20 Souches Différentes + Prébiotique | 60 Gélules Gastro-Résistantes | Transit Intestinal + Digestion | Sans Additifs & Vegan,Vegavero,29.9,29.9,EUR,4.49,0.0,4.79,9.5
VV-VITA-94,B075FDQ6KJ,DE,Vegavero Kulturen Komplex | 100% Bio | 20 Bakterienstämme mit Akazienfasern | Lactobacillus & Bifidobacterium | 60 Magensaftresistente Kapseln | Laborgeprüft | Vegan,Vegavero,25.9,25.9,EUR,3.89,0.0,3.21,9.5
VV-VITA-94,B075FDQ6KJ,GB,Vegavero Pro Bio Flora | 100% Organic | 20 Strains (Lactobacillus + Bifidobacterium) | 20 Billion Active Bacteria & Acacia Fibre | 60 Vegan Capsules | NO Additives,Vegavero,25.99,25.99,GBP,3.9,0.0,,9.5
VV-VITA-90,B072VJ9FFZ,IE,"Vegavero Beta Carotene | 180 Capsules | Tan Accelerator | 100% Natural Source of Vitamin A | NO Additives, Lab-Tested | Vegan",Vegavero,18.95,18.95,EUR,2.84,0.0,1.38,6.32
VV-VITA-90,B072VJ9FFZ,NL,Vegavero Bètacaroteen | Uit Wortelextract | 180 Capsules,Vegavero,19.99,19.99,EUR,3.0,0.0,3.28,6.32
VV-VITA-90,B072VJ9FFZ,ES,Betacaroteno Vegavero | Para 6 Meses | NATURAL & VEGANO | Sin Aditivos | Acelerador Bronceado | Extracto de Zanahoria | Con en Vitamina A | 180 Capsulas,Vegavero,21.9,21.9,EUR,3.29,0.0,3.91,6.32
VV-VITA-90,B072VJ9FFZ,IT,Betacarotene per Abbronzatura Forte | Altamente Dosato | da Estratto di Carota | Attivatore Naturale Melanina | con Vitamina A 1167 mcg | Certificato in Laboratorio | Vegavero®,Vegavero,19.99,19.99,EUR,3.0,0.0,3.64,6.32
VV-VITA-90,B072VJ9FFZ,FR,"Vegavero Bêta-Carotène 7 mg par Gélule issu d'Extrait de Carotte, 100% Naturel et Non Synthétique, pour 6 Mois, Sans Additifs & Vegan",Vegavero,21.9,21.9,EUR,3.29,0.0,4.79,6.32
VV-VITA-90,B072VJ9FFZ,DE,"Vegavero Beta Carotin Kapseln hochdosiert 180 Stück für 6 Monate, 7.000 µg pro Tagesdosis aus natürlichem Karottenextrakt, Bräunungskapseln, ohne Zusatzstoffe, vegan",Vegavero,20.9,20.9,EUR,3.14,0.0,3.21,6.32
VV-VITA-90,B072VJ9FFZ,GB,"Vegavero Beta Carotene | 180 Capsules | Tan Accelerator | 100% Natural Source of Vitamin A | NO Additives, Lab-Tested | Vegan",Vegavero,21.99,21.99,GBP,3.3,0.0,,6.32
VV-VITA-88,B06Y3Q6XNX,IE,Vegavero Organic Spirulina and Chlorella Capsules High Strength | 2000 mg Per Serving | 240 Capsules | NO Additives | Pure Powder | Vegan,Vegavero,19.99,19.99,EUR,3.0,0.0,1.53,8.03
VV-VITA-88,B06Y3Q6XNX,ES,Espirulina y Chlorella BIO Vegavero | 2000 mg Dosis Diaria | 240 Cápsulas | Testado en Laboratorio | Algas Marinas | Superfood rica en Clorofila | Cansancio + Energía | Ecológica,Vegavero,27.9,27.9,EUR,4.19,0.0,3.8,8.03
VV-VITA-88,B06Y3Q6XNX,IT,"SPIRULINA & CLORELLA BIO | 2000 mg dose giornaliera | Detox, Difese Immunitarie e Antiossidante | 240 Capsule | Senza Additivi | Vegan | Vegavero®",Vegavero,27.99,27.99,EUR,4.2,0.0,4.61,8.03
VV-VITA-88,B06Y3Q6XNX,FR,"Spiruline + Chlorella BIO Vegavero® | Dose Élevée : 2000 mg | Detox + Antioxydant | GREEN SUPERFOOD 100% Naturel | Source de Vitamines, Minéraux, Protéines | VEGAN | 240 Gélules",Vegavero,25.9,25.9,EUR,3.89,0.0,5.15,8.03
VV-VITA-88,B06Y3Q6XNX,DE,Bio Spirulina Chlorella Vegavero | Hochdosiert: 2000 mg Pulver | 240 Kapseln | Laborgeprüft | Vegan & Ohne Zusätze,Vegavero,23.9,23.9,EUR,3.59,0.0,3.18,8.03
VV-VITA-88,B06Y3Q6XNX,GB,Vegavero Organic Spirulina and Chlorella Capsules High Strength | 2000 mg Per Serving | 240 Capsules | NO Additives | Pure Powder | Vegan,Vegavero,19.99,19.99,GBP,3.0,0.0,2.74,8.03
VV-VITA-86,B06XR9VG7N,IE,Vegavero MSM Capsules 2000 mg | Distilled Organic Sulphur | NO Additives & Non-GMO | Lab-Tested Methylsulfonylmethane Supplements | 365 Pills | Vegan,Vegavero,21.95,21.95,EUR,3.29,0.0,1.71,7.95
VV-VITA-86,B06XR9VG7N,NL,Vegavero MSM capsules | 365 capsules | 2000 mg zuiver methylsulfonylmethaan | Veganistisch & zonder toevoegingen,Vegavero,19.99,19.99,EUR,3.0,0.0,3.32,7.95
VV-VITA-86,B06XR9VG7N,ES,"MSM 365 Cápsulas Vegavero | 99,9% Puro | 2000 mg | Sin Aditivos | Metilsulfonilmetano | Antiinflamatorio Natural + Articulaciones + Dolor Espalda | Vegano",Vegavero,20.9,20.9,EUR,3.14,0.0,3.8,7.95
VV-VITA-86,B06XR9VG7N,IT,"MSM Integratore | 365 capsule | 2000 mg Metilsulfonilmetano per dose | Zolfo Organico puro al 99,9% | Salute delle Articolazioni, Unghie e Capelli | Vegan | Vegavero®",Vegavero,22.99,22.99,EUR,3.45,0.0,4.61,7.95
VV-VITA-86,B06XR9VG7N,FR,"MSM Vegavero® | 365 Gélules | 2000 mg | Soufre Organique Pur à 99,9% | Douleurs Articulaires + Formation de Collagène | Sans Additifs & Vegan | Testé en Laboratoire",Vegavero,25.9,25.9,EUR,3.89,0.0,5.15,7.95
VV-VITA-86,B06XR9VG7N,DE,"Vegavero MSM Kapseln hochdosiert - 365 vegane Kapseln mit 2000 mg MSM pro Tagesdosis - 99,9% reines Methylsulfonylmethan - ohne Zusatzstoffe, laborgeprüft",Vegavero,19.9,19.9,EUR,2.99,0.0,3.03,7.95
VV-VITA-86,B06XR9VG7N,GB,Vegavero MSM Capsules 2000 mg | Distilled Organic Sulphur | NO Additives & Non-GMO | Lab-Tested Methylsulfonylmethane Supplements | 365 Pills | Vegan,Vegavero,22.99,22.99,GBP,3.45,0.0,3.05,7.95
VV-ALO-06,B01MCZD91A,IE,Vegavero Pure MSM Powder 1 kg | Tub | Distilled Organic Sulphur | NO Additives & Non-GMO | Lab-Tested | 1000 g Per Day | Vegan,Vegavero,21.99,21.99,EUR,3.3,0.0,2.79,7.4
VV-ALO-06,B01MCZD91A,BE,MSM en poudre Vegavero® | L'unique 99 % PURO | 1 kg | Sans additifs | Produit primé | Testé en laboratoire | Anti-inflammatoire naturel + Douleur Dos + Articulations,Vegavero,18.49,18.49,EUR,2.77,0.0,5.06,7.4
VV-ALO-06,B01MCZD91A,NL,"Vegavero MSM-poeder 1000 g | Bak | 99,9% puur | Prijs-prestatiewinnaar 2024* | Veganistisch & zonder toevoegingen",Vegavero,22.99,22.99,EUR,3.45,0.0,4.79,7.4
VV-ALO-06,B01MCZD91A,ES,MSM Polvo Vegavero | El Único PURO | 1 KG | Sin Aditivos | Antiinflamatorio Natural + Dolor Espalda + Articulaciones & Joint Support | Vegano,Vegavero,24.9,24.9,EUR,3.74,0.0,4.92,7.4
VV-ALO-06,B01MCZD91A,IT,"MSM Integratore | Zolfo in polvere puro al 99,9% (1Kg) | Salute delle Articolazioni, Unghie e Capelli | Senza Additivi | Vegan | Vegavero®",Vegavero,24.9,24.9,EUR,3.74,0.0,5.34,7.4
VV-ALO-06,B01MCZD91A,FR,"MSM Vegavero® Poudre | 1 Kg Méthylsulfonylméthane Pur à 99,9% | Sans Additifs & VEGAN | Formation de Collagène | Testé en Laboratoire | Format Sachet ou Boîte",Vegavero,24.9,24.9,EUR,3.74,0.0,6.51,7.4
VV-ALO-06,B01MCZD91A,DE,"Vegavero MSM Pulver hochdosiert 1000g, 99,9% reines Methylsulfonylmethan in nachfüllbarer Dose, 500 Portionen à 2000 mg, leicht löslich, organischer Schwefel, ohne Zusatzstoffe, laborgeprüft & vegan",Vegavero,18.9,18.9,EUR,2.84,0.0,3.73,7.4
VV-ALO-06,B01MCZD91A,GB,Vegavero Pure MSM Powder 1 kg | Tub | Distilled Organic Sulphur | NO Additives & Non-GMO | Lab-Tested | 2000 mg Per Day | Vegan,Vegavero,25.99,25.99,GBP,3.9,0.0,3.31,7.4
VV-VITA-63,B01G7428BG,IE,Vegavero Cordyceps Sinensis 19 500 mg Daily | 10:1 Mushroom Extract | 4-Month Supply | 40% Polysaccharides | NO Additives | Lab-Tested | Vegan,Vegavero,19.9,19.9,EUR,2.99,0.0,1.38,4.22
VV-VITA-63,B01G7428BG,BE,Vegavero Cordyceps Sinensis CS-4 19.500 mg | 120 Gélules,Vegavero,23.9,23.9,EUR,3.59,0.0,3.44,4.22
VV-VITA-63,B01G7428BG,NL,Vegavero CORDYCEPS SINENSIS | 650 mg CS-4-extract (10:1) | Vergelijkingswinnaar 2024* | 40% polysachariden | VEGAN van fermentatie | Equivalent aan 6500 mg per capsule | Zonder toevoegingen,Vegavero,18.99,18.99,EUR,2.85,0.0,3.28,4.22
VV-VITA-63,B01G7428BG,ES,Cordyceps Sinensis Vegavero | 6500 mg (10:1) | Para 4 Meses | Extracto (CS-4) con 40% Polisacáridos | Energizante y Vigorizante | 120 Cápsulas | Sin Aditivos y Vegano,Vegavero,22.9,22.9,EUR,3.44,0.0,3.57,4.22
VV-VITA-63,B01G7428BG,IT,Cordyceps Sinensis | 19.500 mg (Estratto CS-4 10:1) | 40% di Polisaccaridi Bioattivi | Alto Dosaggio | Testato in Laboratorio | No OGM e senza Additivi | 120 capsule | Vegan | Vegavero®,Vegavero,20.99,20.99,EUR,3.15,0.0,4.19,4.22
VV-VITA-63,B01G7428BG,FR,Cordyceps sinensis CS-4 | 19.500 mg (Extrait 10:1) | 40% Polysaccharides | SANS ADDITIFS | Adaptogène | 120 Gelules | VEGAN | Vegavero®,Vegavero,23.9,23.9,EUR,3.59,0.0,4.63,4.22
VV-VITA-63,B01G7428BG,DE,Cordyceps Sinensis Vegavero | 650 mg CS-4 Extrakt (10:1) | Vergleichssieger 2024* | 40% Polysaccharide | Vegan aus Fermentation | Entspricht 6500 mg pro Kapsel | Ohne Zusätze | 120 Stück,Vegavero,22.9,22.9,EUR,3.44,0.0,3.17,4.22
VV-VITA-50,B01FFWYJV8,ES,Colágeno VEGANO Complex | SIN ADITIVOS | Aminoacidos + Vitamina C | Piel + Masa Muscular + Articulaciones | Ginkgo Biloba + Ginseng | Vegavero,Vegavero,21.9,21.9,EUR,3.29,0.0,3.57,6.39
VV-VITA-50,B01FFWYJV8,IT,Vegavero COLLAGENE Vegano | con Vitamina C ed estratti vegetali Antiossidanti | Senza Additivi | per PELLE e ARTICOLAZIONI | 120 | Vegan,Vegavero,22.99,22.99,EUR,3.45,0.0,4.19,6.39
VV-VITA-50,B01FFWYJV8,FR,"Collagène VEGAN Vegavero® | 100% Végétal - Sans Déchets Animaux | Avec Vitamine C Naturelle, L-Lysine, L-Proline & Extraits de Plantes | Sans Additifs | 120 Gélules | Peau + Articulations",Vegavero,20.9,20.9,EUR,3.14,0.0,4.63,6.39
VV-VITA-50,B01FFWYJV8,DE,"Collagen Booster Vegavero | Vegane Alternative zu Kollagen Kapseln | Aminosäuren & Acerola Vitamin C | Mit Lycopin, Ginseng, Ginkgo, Hagebutte, Goji & Granatapfel | 120 Stück",Vegavero,19.9,19.9,EUR,2.99,0.0,2.82,6.39
VV-VITA-50,B01FFWYJV8,GB,"Vegavero Vegan Collagen Supplement 2000 mg | Complex with L-Lysine, L-Proline, Vitamin C (Acerola) & Superfoods Extracts | NO Additives, Lab-Tested | 120 Capsules",Vegavero,19.99,19.99,GBP,3.0,0.0,2.71,6.39
VV-VITA-49,B01FFWYDVO,ES,"Hierro Suplemento Vegavero® | Vegano | Vitamina C, B12 y Ácido Fólico | Anemia + Energía + Cansancio | Bisglicinato de Hierro | 120 Cápsulas",Vegavero,20.9,20.9,EUR,3.14,0.0,3.57,6.7
VV-VITA-49,B01FFWYDVO,IT,"Integratore FERRO 30mg | con Vitamina C, Acido Folico, B12, B2, B6 | Anemia, Mestruazioni, Stanchezza, Difese Immunitarie | Senza Additivi | Vegan | Vegavero®",Vegavero,21.99,21.99,EUR,3.3,0.0,4.19,6.7
VV-VITA-49,B01FFWYDVO,DE,"EISEN BISGLYCINAT Vegavero® | 30 mg Eisen | Mit natürlichem Vitamin C, Folsäure Quatrefolic®, Vitamin B12, B6 & B2 | VEGAN & Ohne Zusätze | 120 Kapseln",Vegavero,18.9,18.9,EUR,2.84,0.0,2.82,6.7
VV-VITA-49,B01FFWYDVO,GB,"Vegavero Iron Supplement 30 mg | NO Additives | Iron Bisglycinate with Vitamin C, B2, B6, B9, B12 | Anaemia, Tiredness and Blood Loss | 120 Capsules | Vegan",Vegavero,19.99,19.99,GBP,3.0,0.0,2.71,6.7
VV-VITA-46,B01CYDY6TQ,IE,"Vegavero Multivitamins and Minerals | Vegan Vitamin Complex | with All B Vits, Vit A, C, D3, E, K2, Iron, Zinc, Iodine, Selenium & Chrome | 120 Capsules",Vegavero,19.99,19.99,EUR,3.0,0.0,1.38,6.2
VV-VITA-46,B01CYDY6TQ,ES,Multivitaminas Vegano Vegavero | Natural | EL ÚNICO SIN ADITIVOS | 12 Vitaminas + 5 Minerales | Para Hombre y Mujer | 120 Cápsulas | Vitamina para el Cansancio + Sistema Inmunológico + Energía,Vegavero,23.9,23.9,EUR,3.59,0.0,3.91,6.2
VV-VITA-46,B01CYDY6TQ,IT,MULTIVITAMINICO Multiminerale Vegavero® | L’UNICO SENZA ADDITIVI | Con Vitamine e Minerali di Qualità | Integratore per Difese Immunitarie e Stanchezza per Uomo e Donna | Vegan,Vegavero,21.99,21.99,EUR,3.3,0.0,4.23,6.2
VV-VITA-46,B01CYDY6TQ,FR,A-Z Multivitamines et Minéraux Vegavero® | Avec 12 Vitamines et 5 Mineraux | LE SEUL SANS ADDITIFS | Homme & Femme | Énergie + Anti Fatigue | 120 Gélules | VEGAN,Vegavero,22.9,22.9,EUR,3.44,0.0,4.79,6.2
VV-VITA-46,B01CYDY6TQ,DE,"Multivitamin Kapseln Vegavero | Immunabwehr & Energie* | Hochdosiert | Wichtige A-Z Vitamine & Mineralien | B-Vitamine, Eisen, Jod & Co | Ohne Zusatzstoffe | Laborgeprüft | Vegan | 120 Stück",Vegavero,19.9,19.9,EUR,2.99,0.0,2.82,6.2
VV-VITA-46,B01CYDY6TQ,GB,"Vegavero Multivitamins and Minerals | Vegan Vitamin Complex | with All B Vits, VIT C, D3, E, K2, Iron, Zinc, Iodine, Selenium & Chrome | 120 Capsules",Vegavero,19.99,19.99,GBP,3.0,0.0,2.69,6.2
VV-VITA-39,B01D3FVKBG,IE,Vegavero D-Mannose Complex 2000 mg | 100% Natural UTI Support | NO Additives and Lab-Tested | with Cranberry Extract and Vitamin C | Vegan,Vegavero,22.95,22.95,EUR,3.44,0.0,1.55,5.89
VV-VITA-39,B01D3FVKBG,NL,Vegavero D-Mannose + Cranberry 2.000 mg | 120 Capsules,Vegavero,22.99,22.99,EUR,3.45,0.0,3.52,5.89
VV-VITA-39,B01D3FVKBG,ES,D-Mannose Complex Vegavero | 2000 mg | 100% NATURAL | Con Arándano Rojo (Cranberry) + Vitamina C | Cistitis + Infecciones Urinarias | 120 Cápsulas | Vegan,Vegavero,21.9,21.9,EUR,3.29,0.0,3.57,5.89
VV-VITA-39,B01D3FVKBG,IT,D-MANNOSIO Puro 2.000 mg | con Mirtillo Rosso e Vitamina C | 100% NATURALE | Alto Dosaggio | per Cistite e Vie Urinarie | Vegan e Senza Additivi | Testato in laboratorio | 120 capsule,Vegavero,19.99,19.99,EUR,3.0,0.0,3.64,5.89
VV-VITA-39,B01D3FVKBG,FR,D-Mannose 2000mg | Avec Cranberry et Vitamine C | Infection Urinaire | 100% Naturel & Testé en Laboratoire | 120 Gélules Vegan | Vegavero®,Vegavero,21.9,21.9,EUR,3.29,0.0,4.63,5.89
VV-VITA-39,B01D3FVKBG,DE,D-Mannose + Cranberry Vegavero | 100% Natürlich | 2.000 mg pro Tag | Mit Vitamin C aus Acerola | Vegan & Ohne Zusätze | 120 Kapseln,Vegavero,22.9,22.9,EUR,3.44,0.0,3.17,5.89
VV-VITA-39,B01D3FVKBG,GB,Vegavero D-Mannose Complex | 2000 mg Pure D-Mannose + Natural Vitamin C + Cranberry Extract | 100% Natural UTI Support | NO Additives and Lab-Tested | Vegan,Vegavero,22.95,22.95,GBP,3.44,0.0,2.95,5.89
VV-VITA-38,B01D3FVKWA,IE,Vegavero Vitamin B Complex + Choline | High Strength All 8 B Vitamins | 50 mg Choline Bitartrate | Lab-Tested | 180 Tablets | Vegan,Vegavero,17.95,17.95,EUR,2.69,0.0,1.38,3.27
VV-VITA-38,B01D3FVKWA,NL,Vegavero VITAMINE B COMPLEX | Alle 8 B-vitamines | Met choline | VEGAN,Vegavero,18.99,18.99,EUR,2.85,0.0,3.28,3.27
VV-VITA-38,B01D3FVKWA,ES,"Vitamina B Complex Vegavero | Con Colina, B1, B2, B3, B5, B6, B12, Biotina & Ácido Fólico| 180 Comprimidos | Complejo Vegano",Vegavero,19.9,19.9,EUR,2.99,0.0,3.28,3.27
VV-VITA-38,B01D3FVKWA,IT,"VITAMINA B Complex Alto Dosaggio | B1, B2, B3, B5, B6, B7 (Biotina), B9 (Acido Folico), B12 + Colina | Prodotto in Germania | Vegan e Certificato in Laboratorio | Vegavero®",Vegavero,14.99,14.99,EUR,2.25,0.0,3.64,3.27
VV-VITA-38,B01D3FVKWA,FR,"Vitamine B Complex | Dosage Elevé | Avec 8 Vitamines B (dont B12, Biotine, Niacine, Acide Folique) + Choline | Énergie + Anti-Fatigue* | VEGAN | Vegavero®",Vegavero,17.9,17.9,EUR,2.69,0.0,4.37,3.27
VV-VITA-38,B01D3FVKWA,DE,Vitamin B Komplex Vegavero | Alle 8 B-Vitamine | Mit Cholin | Vegan | Deutsche Produktion | 180 Tabletten (6 Monate),Vegavero,18.9,18.9,EUR,2.84,0.0,2.82,3.27
VV-VITA-38,B01D3FVKWA,GB,Vegavero Vitamin B Complex + Choline | High Strength All 8 B Vitamins | 50 mg Choline Bitartrate | Lab-Tested | 180 Tablets | Vegan,Vegavero,17.95,17.95,GBP,2.69,0.0,,3.27
VV-VITA-31,B01BNV0IUQ,IE,"Vegavero Papaya Enzyme | 2,100 mg Papain | 100% Natural: Carica Papay Fruit Extract | NO Additives | 120 Vegan Capsules",Vegavero,16.99,16.99,EUR,2.55,0.0,,0.0
VV-VITA-31,B01BNV0IUQ,ES,Enzimas de Papaya Vegavero | 700 mg | Sin Aditivos Artificiales | Apto Para Veganos | Enzimas Digestivas,Vegavero,19.9,19.9,EUR,2.99,0.0,3.28,0.0
VV-VITA-31,B01BNV0IUQ,IT,PAPAYA Vegavero® | 1500 mg di PAPAINA | Digestione & Metabolismo | 120 capsule | Vegan,Vegavero,19.99,19.99,EUR,3.0,0.0,3.64,0.0
VV-VITA-31,B01BNV0IUQ,FR,Enzyme de Papaye Vegavero® 700 mg | Papaïne Pure & Naturelle | 120 Gélules | Sans Additifs | Meilleure Digestion | Testé en Laboratoire | VEGAN,Vegavero,21.9,21.9,EUR,3.29,0.0,4.63,0.0
VV-VITA-31,B01BNV0IUQ,DE,Papaya Enzym Vegavero | Geruchlos | Hochdosiert: 2.100 mg reines Papain pro Tagesdosis | Hohe Enzymaktivität: 4.2 Mio U | Natürlich aus der Frucht| 120 Kapseln | Vegan & Ohne Zusätze,Vegavero,21.9,21.9,EUR,3.29,0.0,3.17,0.0
VV-VITA-31,B01BNV0IUQ,GB,"Vegavero Papaya Enzyme | 2,100 mg Papain | 100% Natural: Carica Papay Fruit Extract | NO Additives | 120 Vegan Capsules",Vegavero,16.99,16.99,GBP,2.55,0.0,2.71,0.0
NX-CVPF-VCEZ,B00XU8AUC2,IE,"Vegavero Reishi Mushroom Extract | 13,000 mg (10:1) Ganoderma Lucidum | 120 Capsules | 40% Polysaccharides & 20% Beta Glucans | NO Additives | Vegan",Vegavero,19.95,19.95,EUR,2.99,0.0,1.38,9.21
NX-CVPF-VCEZ,B00XU8AUC2,BE,Vegavero Extrait de Reishi 1950 mg (14:1) | 120 Gélules,Vegavero,25.9,25.9,EUR,3.89,0.0,3.44,9.21
NX-CVPF-VCEZ,B00XU8AUC2,ES,Reishi Puro Vegavero | Dosis Más Alta: 13000 mg (10:1) | Con 40% Polisacáridos & 20% Betaglucanos | Ganoderma Lucidum | Sin Aditivos & Vegano | 120 Cápsulas,Vegavero,23.9,23.9,EUR,3.59,0.0,3.57,9.21
NX-CVPF-VCEZ,B00XU8AUC2,IT,REISHI Vegavero | 27.300 mg (14:1) | con 40% Polisaccaridi + 20% Beta Glucani | Ganoderma Lucidum Puro | Analisi di Laboratorio | 120 capsule | Vegan,Vegavero,23.99,23.99,EUR,3.6,0.0,4.19,9.21
NX-CVPF-VCEZ,B00XU8AUC2,FR,EXTRAIT de Reishi Vegavero® | 1950 mg (Extract 14:1) | 120 Gélules | 40% Polysaccharides + 20% Bêta-glucane | Immunité + Énergie | VEGAN,Vegavero,25.9,25.9,EUR,3.89,0.0,4.63,9.21
NX-CVPF-VCEZ,B00XU8AUC2,DE,Vegavero Reishi Extrakt Kapseln hochdosiert (120 vegane Kapseln) - 1300 mg Ganoderma Lucidum (14:1) - 40% Polysaccharide & 20% Beta-Glucane - Laborgeprüfte Vitalpilze ohne Zusatzstoffe,Vegavero,20.9,20.9,EUR,3.14,0.0,3.17,9.21
NX-CVPF-VCEZ,B00XU8AUC2,GB,"Vegavero Reishi Mushroom Extract | 13,000 mg (10:1) Ganoderma Lucidum | 120 Capsules | 40% Polysaccharides & 20% Beta Glucans | NO Additives | Vegan",Vegavero,19.95,19.95,GBP,2.99,0.0,2.71,9.21
CP-DQMG-RVN9,B00XU8EF0K,IE,"Vegavero Wild Yam Extract | 1,000 mg with 3 mg Zinc | NO Additives | Standardised | 120 Capsules | Vegan",Vegavero,19.99,19.99,EUR,3.0,0.0,1.38,6.47
CP-DQMG-RVN9,B00XU8EF0K,NL,Vegavero Yamwortel capsules | 1.000 mg Mexicaans Wild Yam-extract (20:1) | Prijs-prestatiewinnaar 2024* | 200 mg Diosgenine + Zink | 120 capsules | Laboratorium getest | Zonder toevoegingen,Vegavero,19.99,19.99,EUR,3.0,0.0,3.28,6.47
CP-DQMG-RVN9,B00XU8EF0K,ES,Ñame Silvestre + Zinc | 20% DIOSGENINA | 1000 mg Wild Yam | 120 Cápsulas | Sin Aditivos & Vegano | Vegavero,Vegavero,20.9,20.9,EUR,3.14,0.0,3.91,6.47
CP-DQMG-RVN9,B00XU8EF0K,IT,Igname Selvatico Vegavero® | 1000 mg di estratto di Mexican Wild Yam | con 20% di Diosgenina e Zinco | 120 capsule | No OGM | Vegan,Vegavero,21.99,21.99,EUR,3.3,0.0,4.23,6.47
CP-DQMG-RVN9,B00XU8EF0K,FR,Igname Sauvage | Avec Zinc | Extrait Fortement Dosé : 1000 mg | 20% Diosgénine | 120 Gélules | SANS ADDITIFS et VEGAN | Vegavero®,Vegavero,21.9,21.9,EUR,3.29,0.0,4.79,6.47
CP-DQMG-RVN9,B00XU8EF0K,DE,"Vegavero Yamswurzel Kapseln hochdosiert 120 Stück - 1000 mg Wild Yam Extrakt 20:1 mit 20% Diosgenin & Zink - Dioscorea villosa hochdosiert - Vegan, ohne Zusatzstoffe",Vegavero,21.9,21.9,EUR,3.29,0.0,3.21,6.47
CW-KVIN-V39Y,B00XJE09CI,IE,Vegavero Pure D-Mannose Powder 250 g | 4 Months’ Supply | 2000 mg per day | NO Additives | 100% Naturally Sourced | Urinary Tract Infection | Vegan,Vegavero,29.99,29.99,EUR,4.5,0.0,,8.41
CW-KVIN-V39Y,B00XJE09CI,NL,Vegavero D-MANNOSE poeder 250 g | Puur plantaardig & natuurlijk | Laboratorium getest en GMO-vrij | Met maatlepel | Optimale oplosbaarheid | Vegan,Vegavero,28.99,28.99,EUR,4.35,0.0,3.56,8.41
CW-KVIN-V39Y,B00XJE09CI,ES,D-Mannose Polvo 99% PURA Vegavero | 250 g – Para 4 Meses | Infecciones Urinarias y Cistitis| 250 g | Testado en Laboratorio | SIN ADITIVOS | Vegano,Vegavero,29.9,29.9,EUR,4.49,0.0,3.8,8.41
CW-KVIN-V39Y,B00XJE09CI,IT,D-MANNOSIO PURO in Polvere Vegavero® | 250 g | 100% NATURALE da Mais | Senza Additivi e Testato in Laboratorio | Cistite e Benessere delle Vie Urinarie | Con Misurino | Vegan,Vegavero,32.99,32.99,EUR,4.95,0.0,4.61,8.41
CW-KVIN-V39Y,B00XJE09CI,FR,D-Mannose Poudre Vegavero® | 250 g – Pour plus de 4 mois | 100% NATUREL & PUR | 2000mg par dose | Testé en Laboratoire | Sans Additifs | Confort Urinaire | VEGAN,Vegavero,28.9,28.9,EUR,4.34,0.0,5.15,8.41
CW-KVIN-V39Y,B00XJE09CI,DE,D-Mannose Pulver 250 g Vegavero | Rein pflanzlich & Naturbelassen | Laborgeprüft und GVO-frei | Mit Dosierlöffel | Optimale Löslichkeit | Vegan,Vegavero,20.9,20.9,EUR,3.14,0.0,3.18,8.41
CW-KVIN-V39Y,B00XJE09CI,GB,Vegavero Pure D-Mannose Powder 250 g | 4 Months’ Supply | 2000 mg per Day | NO Additives | 100% Naturally Sourced | Urinary Tract Infection | Vegan,Vegavero,29.99,29.99,GBP,4.5,0.0,,8.41
TU-QNYD-JRRX,B00SBSJ16C,NL,Vegavero Tribulus Terrestris 90% Steroïde Saponinen | 120 Capsules,Vegavero,18.99,18.99,EUR,2.85,0.0,3.28,3.92
TU-QNYD-JRRX,B00SBSJ16C,ES,Tribulus Terrestris PURO | 10.800 mg | 90% Saponinas | Masa Muscular | Potenciador + Energizante | Testado en Laboratorio | Sin Aditivos & Vegano | 120 Capsulas | Vegavero,Vegavero,19.9,19.9,EUR,2.99,0.0,3.28,3.92
TU-QNYD-JRRX,B00SBSJ16C,IT,Tribulus Terrestris Vegavero | 90% di Saponine | 100% Naturale e Senza Additivi | No OGM e Testato in Laboratorio | 120 capsule | Vegan,Vegavero,18.99,18.99,EUR,2.85,0.0,3.64,3.92
TU-QNYD-JRRX,B00SBSJ16C,DE,Tribulus Terrestris 1800 Vegavero SPORT | 90% Steroid-Saponine | Ohne Gelatine | Kraftsport & Bodybuilding | Laborgeprüft | Keine Zusatzstoffe | 120 Kapseln,Vegavero,18.9,18.9,EUR,2.84,0.0,2.82,3.92
TU-QNYD-JRRX,B00SBSJ16C,GB,"Vegavero Tribulus Terrestris 10,800 mg | High Strength Extract | 1620 mg Saponins per Serving | NO Additives, Lab-Tested | Stamina & Strength Support for Men & Women | 120 Capsules | Vegan",Vegavero,19.99,19.99,GBP,3.0,0.0,2.71,3.92
2R-49NC-R697,B00RCYQUII,IE,Vegavero Pure MSM Powder 1 kg | Bag | Distilled Organic Sulphur | NO Additives & Non GMO | Lab-Tested | 1000 g Per Day | Vegan,Vegavero,19.99,19.99,EUR,3.0,0.0,2.36,6.83
2R-49NC-R697,B00RCYQUII,BE,"Vegavero MSM Poudre 1 Kg | Pur à 99,9%",Vegavero,26.9,26.9,EUR,4.04,0.0,4.7,6.83
2R-49NC-R697,B00RCYQUII,NL,"Vegavero MSM Poeder 1000 g | 99,9% Puur",Vegavero,21.99,21.99,EUR,3.3,0.0,4.57,6.83
2R-49NC-R697,B00RCYQUII,ES,MSM Polvo Vegavero | El Único PURO | 1 KG | Sin Aditivos | Antiinflamatorio Natural + Dolor Espalda + Articulaciones & Joint Support | Vegano,Vegavero,21.9,21.9,EUR,3.29,0.0,4.27,6.83
2R-49NC-R697,B00RCYQUII,IT,"MSM Integratore | Zolfo in polvere puro al 99,9% (1Kg) | Salute delle Articolazioni, Unghie e Capelli | Senza Additivi | Vegan | Vegavero®",Vegavero,23.99,23.99,EUR,3.6,0.0,5.19,6.83
2R-49NC-R697,B00RCYQUII,FR,"MSM Vegavero® Poudre | 1 Kg Méthylsulfonylméthane Pur à 99,9% | Sans Additifs & VEGAN | Formation de Collagène | Testé en Laboratoire | Format Sachet ou Boîte",Vegavero,26.9,26.9,EUR,4.04,0.0,5.96,6.83
2R-49NC-R697,B00RCYQUII,DE,"Vegavero MSM Pulver hochdosiert 1000g, 99,9% reines Methylsulfonylmethan, 500 Portionen à 2000 mg, fein kristallin, leicht löslich, organischer Schwefel, ohne Zusatzstoffe, laborgeprüft & vegan",Vegavero,14.9,14.9,EUR,2.24,0.0,3.2,6.83
2R-49NC-R697,B00RCYQUII,GB,Vegavero Pure MSM Powder 1 kg | Bag | Distilled Organic Sulphur | NO Additives & Non GMO | Lab-Tested | 2000 mg Per Day | Vegan,Vegavero,24.99,24.99,GBP,3.75,0.0,,6.83
BJ-E223-8EKW,B00RBUM5JQ,IE,Vegavero Organic Moringa Oleifera Capsules 1800 mg | NO Additives | Pure Powder - Premium Quality | Lab-Tested & Non-GMO | Malunggay Supplement | 270 Capsules | Vegan,Vegavero,25.99,25.99,EUR,3.9,0.0,1.71,7.85
BJ-E223-8EKW,B00RBUM5JQ,NL,Vegavero Biologische Moringa 1800 mg | 270 Capsules,Vegavero,21.99,21.99,EUR,3.3,0.0,3.56,7.85
BJ-E223-8EKW,B00RBUM5JQ,ES,"BIO Moringa Oleifera Vegavero | Dosis Alta: 1800 mg | 270 Cápsulas | SUPERFOOD: Proteínas, Vitaminas, Minerales y Omega 3 | Antioxidante | Sin Aditivos | Vegana | Superalimentos",Vegavero,26.9,26.9,EUR,4.04,0.0,3.8,7.85
BJ-E223-8EKW,B00RBUM5JQ,IT,MORINGA OLEIFERA capsule Vegavero® | 100% BIO | 600 mg | 270 capsule | Vegan,Vegavero,27.99,27.99,EUR,4.2,0.0,4.61,7.85
BJ-E223-8EKW,B00RBUM5JQ,FR,Moringa BIO 1800 mg | 270 Gélules Vegan | SUPERFOOD : Multivitamines et Minéraux Naturels | Antioxydant + Energie | SANS ADDITIFS | Vegavero®,Vegavero,26.9,26.9,EUR,4.04,0.0,5.15,7.85
BJ-E223-8EKW,B00RBUM5JQ,DE,"Vegavero Bio Moringa Kapseln, 270 Stück für 90 Tage, 1800 mg Blattpulver täglich, Blätter aus Sri Lanka, ohne Zusatzstoffe, vegan, Hergestellt & laborgeprüft in Deutschland",Vegavero,24.9,24.9,EUR,3.74,0.0,3.18,7.85
BJ-E223-8EKW,B00RBUM5JQ,GB,Vegavero Organic Moringa Oleifera Capsules 1800 mg | NO Additives | Pure Powder - Premium Quality | Lab-Tested & Non-GMO | Malunggay Supplement | 270 Capsules | Vegan,Vegavero,22.99,22.99,GBP,3.45,0.0,3.05,7.85
VI-ZU99-SZ0B,B00N1QKQ5Y,IE,Vegavero L-Tryptophan 500 mg | NO Additives | Lab-Tested | Pure L Tryptophan Supplement | 120 Capsules (4 Months Supply) | Vegan,Vegavero,19.99,19.99,EUR,3.0,0.0,1.38,4.06
VI-ZU99-SZ0B,B00N1QKQ5Y,ES,L-Triptófano 500mg Puro* Vegavero | El Único Sin Aditivos | Para 4 meses | Estrés + Insomnio + Cansancio | Alta dosificación | 120 Cápsulas,Vegavero,18.9,18.9,EUR,2.84,0.0,3.28,4.06
VI-ZU99-SZ0B,B00N1QKQ5Y,IT,TRIPTOFANO Vegavero® | 500 mg | 100% NATURALE da Fermentazione | per Sonno e Buon Umore | Senza Additivi e no OGM | Precursore della SEROTONINA | 120 capsule | Vegan,Vegavero,18.99,18.99,EUR,2.85,0.0,3.64,4.06
VI-ZU99-SZ0B,B00N1QKQ5Y,FR,L-Tryptophane 500mg | 100% Naturel | Sans Additifs & Analysé en Laboratoire | Sommeil + Humeur + Anti Stress | VEGAN | 120 Gélules | Vegavero®,Vegavero,17.9,17.9,EUR,2.69,0.0,4.37,4.06
VI-ZU99-SZ0B,B00N1QKQ5Y,DE,"L-Tryptophan 500 mg Vegavero | Aus natürlicher Fermentation | > 99,5% reines L Tryptophan | Laborgeprüft | Vegan & Ohne Zusätze | 120 Kapseln",Vegavero,17.9,17.9,EUR,2.69,0.0,2.82,4.06
SKU-WT-WMGz,B0GP9354KP,BE,"wowtamins Gommes de Magnésium sans sucre pour enfants – 100 mg de citrate par gomme (60 pièces) – Douces pour l'estomac, sans additifs artificiels – Pour muscles et nerfs",wowtamins,19.9,19.9,EUR,2.99,0.0,3.73,4.27
SKU-WT-WMGz,B0GP9354KP,DE,"wowtamins Magnesium Gummies zuckerfrei für Kinder – 100mg Magnesiumcitrat pro Gummie (60 Stück) – Magenschonend & ohne künstliche Zusätze – Für Muskeln, Nerven & Elektrolythaushalt aktiver Kids",wowtamins,19.9,19.9,EUR,2.99,0.0,3.03,4.27
SKU-WT-WKPz,B0G1RKZQ8T,BE,wowtamins Kids Probio – Sticks directs avec 9 cultures de bactéries intestinales (pour 30 jours) pour une flore saine – Complément pour enfants dès 4 ans,wowtamins,34.9,34.9,EUR,5.24,0.0,3.44,7.14
SKU-WT-WKPz,B0G1RKZQ8T,DE,wowtamins Kids Probio – Leckere Direktsticks mit 9 ausgewählten Darmbakterien-Kulturen (30-Tage-Vorrat) für eine gesunde Darmflora – Nahrungsergänzungsmittel für Kinder ab 4 Jahre,wowtamins,34.9,34.9,EUR,5.24,0.0,3.17,7.14
NB-49AE-8MWZ,B0DR9CLXV5,DE,wowtamins Eisen Bisglycinat mit Vitamin C (60 Stück) - Zuckerfreie & Vegane Eisen Gummies - Hochdosiertes Eisenpräparat als Nahrungsergänzungsmittel für Kinder und Frauen bei Eisenunterversorgung,wowtamins,14.9,14.9,EUR,2.24,0.0,3.03,4.13
CW-BID2-NFIP,B0DJP4W7KC,DE,wowtamins Omega 3 für Kinder zuckerfrei - vegane & hochdosierte Gummies (60 Stück) mit EPA und DHA aus Algenöl - Nahrungsergänzungsmittel kinderleicht und lecker (Mango-Geschmack),wowtamins,24.9,24.9,EUR,3.74,0.0,3.21,5.26
A0-22PS-COWR,B0DHL6WSMT,DE,wowtamins Kids Multi Gummies zuckerfrei - Vitamine für Kinder (30-Tage-Vorrat) mit 13 Vitaminen & 3 Mineralstoffen - Nahrungsergänzungsmittel als hochdosierte & Vegane Multivitamin Gummies,wowtamins,27.9,27.9,EUR,4.19,0.0,3.21,3.58
Immun-Intense-1er,B0CKTFRW2T,BE,"wowtamins Immun Gommes – Zinc et précieux extraits végétaux pour le système immunitaire (pour 30 jours) – Complément au sureau, gingembre et plus pour enfants et adultes",wowtamins,24.9,24.9,EUR,3.74,0.0,3.73,8.54
Immun-Intense-1er,B0CKTFRW2T,NL,"wowtamins Immun gummies – Zink en waardevolle plantenextracten voor het immuunsysteem (voor 30 dagen) – Voedingssupplement met vlierbes, gember en meer voor kinderen en volwassenen",wowtamins,24.9,24.9,EUR,3.74,0.0,3.56,8.54
Immun-Intense-1er,B0CKTFRW2T,DE,"wowtamins Immun Gummies - Zink & wertvolle Pflanzenextrakte für das Immunsystem (30-Tage-Vorrat) - Nahrungsergänzungsmittel mit Holunder, Ingwer & mehr - Vitamin Gummies für Kinder & Erwachsene",wowtamins,24.9,24.9,EUR,3.74,0.0,,8.54
9G-B3KH-DDA0-Neu,B0CB8ZB9KT,DE,wowtamins Vitamin D3 Gummies + K2 - Vitamin Gummies mit 1000 IE Vitamin D3 (60 Stück) - Veganes Nahrungsergänzungsmittel für das Immunsystem,wowtamins,17.9,17.9,EUR,2.69,0.0,3.03,4.16
98-VX35-DC63-Neu,B0CB87LMH1,BE,"wowtamins Teens Complete sans sucre – Vitamines pour adolescents (pour 30 jours) – Gommes multivitaminées avec Oméga 3 – Complément immunitaire avec vitamine C, D3, B12 et zinc",wowtamins,39.9,39.9,EUR,5.99,0.0,3.73,6.6
98-VX35-DC63-Neu,B0CB87LMH1,NL,"wowtamins Teens Complete suikervrij – Vitamines voor tieners (voor 30 dagen) – Multivitamine gummies met Omega 3 – Voedingssupplement voor het immuunsysteem met vitamine C, D3, B12 en zink",wowtamins,39.9,39.9,EUR,5.99,0.0,3.56,6.6
98-VX35-DC63-Neu,B0CB87LMH1,DE,"wowtamins Teens Complete zuckerfrei - Vitamine für Jugendliche (30-Tage-Vorrat) - Multivitamin Gummies mit Omega 3 - Nahrungsergänzungsmittel für das Immunsystem mit Vitamin C, D3, B12, Zink & mehr",wowtamins,39.9,39.9,EUR,5.99,0.0,3.18,6.6
OD-MZWV-JBYL-Neu,B0C93RMXRR,BE,"wowtamins Kids Complete sans sucre – Gommes multivitaminées véganes avec Oméga 3 (pour 30 jours) – Vitamines pour enfants – Complément immunitaire avec vitamine C, D3, B12 et zinc",wowtamins,32.9,32.9,EUR,4.94,0.0,3.73,6.18
OD-MZWV-JBYL-Neu,B0C93RMXRR,DE,"wowtamins Kids Complete zuckerfrei - Vegane Multivitamin Gummies mit Omega 3 (30-Tage-Vorrat) - Vitamine für Kinder - Nahrungsergänzungsmittel für das Immunsystem mit Vitamin C, D3, B12, Zink & mehr",wowtamins,32.9,32.9,EUR,4.94,0.0,3.18,6.18
OD-OAK8-N5TW-Neu,B0C8Z557HT,DE,"wowtamins Kids Complete - Vegane Multivitamin Gummies mit Omega 3 (30-Tage-Vorrat) - Vitamine für Kinder - Nahrungsergänzungsmittel für das Immunsystem mit Vitamin C, D3, B12, Zink & mehr",wowtamins,32.9,32.9,EUR,4.94,0.0,3.18,5.35
VV-BUN-50+57-V2,B0GNMWZRGV,DE,"Vegavero Hyaluronsäure + Collagen Booster Bundle – 600 mg Hyaluron (800–1500 kDa) & Vegane Kollagen Alternative mit Aminosäuren & Vitamin C, 180 + 120 Kapseln",Vegavero,39.42,39.42,EUR,5.91,0.0,2.1,12.63
VMP_VV-VITA-94_2_PK,B0HFK14396,IT,Vegavero Fermenti Lattici Probiotici BIO | con Fibra di Acacia Biologica | per Flora Intestinale e Microbioma | Fermenti dalla Germania | Vegan | 60 capsule Gastroresistenti (Confezione da 2),Vegavero,57.98,57.98,EUR,8.7,0.0,4.23,19.0
VMP_VV-VITA-90_2_PK,B0GVZVNJY2,GB,"Vegavero Beta Carotene | 180 Capsules | Tan Accelerator | 100% Natural Source of Vitamin A | NO Additives, Lab-Tested | Vegan (Pack of 2)",Vegavero,39.58,39.58,GBP,5.94,0.0,2.98,12.64
VMP_VV-VITA-57-V2_2_PK,B0HDM33YPY,IT,Acido Ialuronico Integratore | 600 mg | 800-1500 kDa | VEGAN | 100% NATURALE da fermentazione | 90 capsule | Hyaluronic Acid | Vegavero® (Confezione da 2),Vegavero,49.98,49.98,EUR,7.5,0.0,4.23,17.54
VMP_VV-VITA-50_2_PK,B0HFBD6P4Z,DE,"Collagen Booster Vegavero | Vegane Alternative zu Kollagen Kapseln | Aminosäuren & Acerola Vitamin C | Mit Lycopin, Ginseng, Ginkgo, Hagebutte, Goji & Granatapfel | 120 Stück (Packung mit 2)",Vegavero,39.8,39.8,EUR,5.97,0.0,3.21,12.76
VMP_VV-VITA-46_2_PK,B0HDMBLD2K,IT,MULTIVITAMINICO Multiminerale Vegavero® | L’UNICO SENZA ADDITIVI | Con Vitamine e Minerali di Qualità | Integratore per Difese Immunitarie e Stanchezza per Uomo e Donna | Vegan (Confezione da 2),Vegavero,43.98,43.98,EUR,6.6,0.0,4.23,12.46
VMP_VV-VITA-39_2_PK,B0GWS2H4VN,ES,D-Mannose Complex Vegavero | 2000 mg | 100% NATURAL | Con Arándano Rojo (Cranberry) + Vitamina C | Cistitis + Infecciones Urinarias | 120 Cápsulas | Vegan (Paquete de 2),Vegavero,39.42,39.42,EUR,5.91,0.0,3.91,9.94
VMP_VV-VITA-396_2_PK,B0GV1TT8FC,DE,Vegavero MSM Pulver hochdosiert 300g – Nachfüllbeutel fein kristallines Methylsulfonylmethan Pulver - reiner organischer Schwefel - ohne Zusatzstoffe - Laborgeprüft & vegan (Packung mit 2),Vegavero,19.8,19.8,EUR,2.97,0.0,3.19,4.0
VMP_VV-VITA-395_4_PK,B0HDDF98D7,FR,Zinc Bisglycinate | 300 Gélules | 100% Pur – Sans Additifs | Haute Absorption + Vegan | Complément Alimentaire Peau (Acné) + Immunité | Vegavero® (Lot de 4),Vegavero,95.6,95.6,EUR,14.34,0.0,5.88,25.08
VMP_VV-VITA-395_2_PK,B0GVWSRWP8,DE,Zink Bisglycinate Kapseln Hochdosiert | 25 mg | Laborgeprüft & Vegan | 300 Kapseln | Vegavero (Packung mit 2),Vegavero,37.8,37.8,EUR,5.67,0.0,3.18,12.54
VMP_VV-VITA-392_2_PK,B0GVPTGNFD,IT,"GABA 1400 mg | ALTO DOSAGGIO | Per Stress, Ansia, Insonnia ed Equilibrio Emotivo | Supporta i livelli di Serotonina e Dopamina | Senza Additivi | Vegan | 90 Capsule | Vegavero® (Confezione da 2)",Vegavero,35.98,35.98,EUR,5.4,0.0,4.23,8.78
VMP_VV-VITA-392_2_PK,B0GVPTGNFD,FR,"GABA 1400 mg | Dosage Élevé | 100% Pur, Sans Excipient | Anti stress + Aide Sommeil | 90 Gélules | Vegavero® (Lot de 2)",Vegavero,35.9,35.9,EUR,5.39,0.0,4.79,8.78
VMP_VV-VITA-391_2_PK,B0HDM8PSXY,IT,"Quercetina Complex | 1000mg | Sophora Japonica | Con Bromelina, Vitamina C e Pepe Nero | Integratore di Flavonoidi | Alto Dosaggio | Vegan | Senza Additivi | Vegavero® (Confezione da 2)",Vegavero,53.98,53.98,EUR,8.1,0.0,4.23,14.48
VMP_VV-VITA-38_2_PK,B0HDMGKJR3,IT,"VITAMINA B Complex Alto Dosaggio | B1, B2, B3, B5, B6, B7 (Biotina), B9 (Acido Folico), B12 + Colina | Prodotto in Germania | Vegan e Certificato in Laboratorio | Vegavero® (Confezione da 2)",Vegavero,29.98,29.98,EUR,4.5,0.0,4.23,6.46
VMP_VV-VITA-389_2_PK,B0HFKW5PCC,IT,"Serenoa Repens 900 mg | 180 capsule (3 Mesi) | Saw Palmetto, Epilobio, Ortica e Zucca | Integratore Prostata Uomo | Prodotto e Testato in Germania | Altamente Dosato | Vegavero® (Confezione da 2)",Vegavero,51.98,51.98,EUR,7.8,0.0,5.02,19.62
VMP_VV-VITA-388_2_PK,B0HFZ4HLSV,GB,"Vegavero Pure Glycine Powder 300 g | 3000 mg Daily Dose | NO Additives, Lab-Tested | Recovery, Muscle & Collagen Synthesis | with Measuring Spoon | Vegan (Pack of 2)",Vegavero,31.98,31.98,GBP,4.8,0.0,2.98,3.34
VMP_VV-VITA-383_2_PK,B0GVPVT5L1,ES,Vitamina K2 (MK-7 100% ALL-TRANS) + Calcio | Fórmula Reforzada: 200 mcg K2 + 162 mg Calcio | PARA 6 MESES | Forma Totalmente Pura Trans Menaquinona-7 | Sin Aditivos y Vegano | Vegavero (Paquete de 2),Vegavero,34.02,34.02,EUR,5.1,0.0,3.91,10.34
VMP_VV-VITA-383_2_PK,B0GVPVT5L1,FR,Vitamine K2 MK7 All-trans + Calcium | Dosage Elevé : 200 mcg Vit K2 | Le Seul Sans Additif | Coagulant Sang + Anti Inflammatoire | Vegavero® (Lot de 2),Vegavero,41.6,41.6,EUR,6.24,0.0,4.79,10.34
VMP_VV-VITA-381_2_PK,B0GW6SXD89,DE,Myo-Inositol | Vitalstoffe für die Periode und PCO Syndrom | 4000mg Pro Dosis | Laborgeprüft & Vegan | 200g Pulver in recylebarer Dose | Ohne Zusätze | Deutsche Produktion Vegavero (Packung mit 2),Vegavero,30.2,30.2,EUR,4.53,0.0,3.19,7.18
VMP_VV-VITA-380_2_PK,B0HFKKHGY8,ES,"Party Hero | 60 comprimidos | Remedio Anti Resaca con Electrolitos y Protección Hepática | Magnesio, Sodio, Zinc, Vitaminas B y C | 100% Vegano, Sin Aditivos, No-OMG | Vegavero (Paquete de 2)",Vegavero,31.8,31.8,EUR,4.77,0.0,3.91,5.68
VMP_VV-VITA-378_2_PK,B0GVKX1LX2,GB,"Vegavero Brewer's Yeast 2500 mg | 100% Pure | Natural Source of B-Vitamins, Amino Acids, Minerals | Highly Dosed | NO Additives, Lab Tested | Vegan (Pack of 2)",Vegavero,29.98,29.98,GBP,4.5,0.0,,7.68
VMP_VV-VITA-375_2_PK,B0GVKYMPLP,ES,"Calcio, Magnesio y Zinc | 800 mg de Calcium Dosis Diaria | Para Fortalecer Huesos y Menopausia| 180 Cápsulas | Con Trébol Rojo | Sin Aditivos & Vegano | Vegavero (Paquete de 2)",Vegavero,34.02,34.02,EUR,5.1,0.0,3.91,9.72
VMP_VV-VITA-375_2_PK,B0GVKYMPLP,IT,"Calcio, Magnesio e Zinco | Per Ossa, Dolori Articolari, Stanchezza e Sistema Immunitario | Con Trifoglio Rosso | Vegan | Senza Additivi | No OGM | Vegavero® (Confezione da 2)",Vegavero,43.98,43.98,EUR,6.6,0.0,4.23,9.72
VMP_VV-VITA-375_2_PK,B0GVKYMPLP,FR,Strong Bones | Calcium Magnesium Zinc | RENFORCEMENT DES OS | Avec Trèfle Rouge | Sans Additifs Artificiels & Vegan | 180 Comprimés | Vegavero® (Lot de 2),Vegavero,35.9,35.9,EUR,5.39,0.0,4.79,9.72
VMP_VV-VITA-375_2_PK,B0GVKYMPLP,DE,Strong Bones | 800 mg Calcium hochdosiert + 400 mg Magnesium pro Tag | Laborgeprüft & Vegan | 180 Tabletten | Ohne Zusatzstoffe | Deutsche Produktion von Vegavero® (Packung mit 2),Vegavero,30.76,30.76,EUR,4.61,0.0,3.21,9.72
VMP_VV-VITA-375_2_PK,B0GVKYMPLP,GB,Vegavero Calcium Tablets 1645 mg Magnesium 1251 mg | with Zinc Bisglycinate and Red Clover Extract | Bone Health Supplements | NO Additives | 180 Capsules | Vegan (Pack of 2),Vegavero,28.78,28.78,GBP,4.32,0.0,2.98,9.72
VMP_VV-VITA-374_2_PK,B0HFKCL27J,IT,Bucce di Psillio BIO | Polvere Pura al 99% | Psyllium Husk Biologico | Fibre Naturali Prebiotiche per Salute dell’Intestino | Analizzato in Laboratorio e Senza Additivi | Vegavero (Confezione da 2),Vegavero,41.98,41.98,EUR,6.3,0.0,5.02,10.72
VMP_VV-VITA-371_2_PK,B0HCWKFQKR,GB,Vegavero Nattokinase 2000 FU – 100 mg | 180 Capsules | 100% Natural from Fermented SOYA Bean Extract | Enzyme from Japanese Natto | NO Additives | Vegan (Pack of 2),Vegavero,35.98,35.98,GBP,5.4,0.0,2.98,9.62
VMP_VV-VITA-370_2_PK,B0GVPNKQ9Y,IT,Magnesio Bisglicinato | 400 mg di Magnesium Puro Elementare | Forma Chelata Biodisponibile | Contro Stanchezza e Affaticamento | Certificato in Laboratorio | Vegavero (Confezione da 2),Vegavero,39.98,39.98,EUR,6.0,0.0,4.23,8.0
VMP_VV-VITA-370_2_PK,B0GVPNKQ9Y,DE,Magnesium Bisglycinat Kapseln hochdosiert | 400 mg elementares Magn. pro Tag | gegen Müdigkeit* | Laborgeprüft & Vegan | Ohne Füll- und Zusatzstoffe | Deutsche Produktion von Vegavero® (Packung mit 2),Vegavero,35.8,35.8,EUR,5.37,0.0,3.21,8.0
VMP_VV-VITA-370-V_2_PK,B0HDX2VDQY,GB,"Vegavero Magnesium Bisglycinate 2000 mg | 365 Capsules | Max Absoption & Bioavailability | Relaxation, Muscle Health, Stress & Energy Support Supplement | Vegan (Pack of 2)",Vegavero,59.98,59.98,GBP,9.0,0.0,3.09,13.7
VMP_VV-VITA-366_2_PK,B0HCWPK176,GB,Vegavero Iron Gummies for Kids and Adults | 97% Fruit | Immunity & Energy Supplements | NO Sweeteners | NO Added Sugar or Gelatine | Vegan | 90 Gummies (Pack of 2),Vegavero,29.98,29.98,GBP,4.5,0.0,3.09,7.42
VMP_VV-VITA-365_2_PK,B0HDQXJNZP,ES,Gominolas Vinagre de Sidra de Manzana | 450mg | Deliciosas SIN AZÚCAR | Metabolismo & Digestión | Keto Apple Cider Vinegar ACV Gummies | 100% Vegano y Sin Aditivos | Vegavero (Paquete de 2),Vegavero,31.8,31.8,EUR,4.77,0.0,4.01,6.76
VMP_VV-VITA-364_2_PK,B0GWGWRHNH,DE,Bio Astaxanthin hochdosiert | Natürlicher Rohstoff aus der EU – schonende CO2-Extraktion | Vegan | Alge + Olivenöl | Laborgeprüft | 60 Kapseln | Deutsche Produktion von Vegavero (Packung mit 2),Vegavero,43.5,43.5,EUR,6.53,0.0,3.21,15.96
VMP_VV-VITA-363_2_PK,B0HFQ5KPWF,FR,"Complexe Vinaigre de Cidre 1950mg | Avec Chrome, Cannelle, Gingembre et Piment de Cayenne | Glycémie + Keto | 120 Gélules | Sans Additifs & Vegan | Vegavero® (Lot de 2)",Vegavero,43.8,43.8,EUR,6.57,0.0,5.15,10.04
VMP_VV-VITA-362_2_PK,B0HFKF6YKC,IT,"Echinacea Complex | con Vitamina C, Zinco, Reishi e Curcuma | per Sistema Immunitario | Senza Additivi e Certificato in Laboratorio | 120 capsule | Vegan | Vegavero® (Confezione da 2)",Vegavero,43.98,43.98,EUR,6.6,0.0,4.23,13.02
VMP_VV-VITA-361_2_PK,B0HDMBJDHG,IT,"Integratore per Capelli | Biotina, Zinco, Selenio e Vitamine B | Rinforzante per il Benessere di Chioma e Unghie | Vegan | 120 Capsule | Senza Additivi | No OGM | Vegavero (Confezione da 2)",Vegavero,39.98,39.98,EUR,6.0,0.0,4.23,10.76
VMP_VV-VITA-359_2_PK,B0GVX85KHT,IT,"Riso Rosso Fermentato | 2,9 mg di Monacolina K | Con Coenzima Q10, Bergamotto e Carciofo | Salute Cardiovascolare e Controllo dei Lipidi | Vegan | No OGM | Vegavero® (Confezione da 2)",Vegavero,43.98,43.98,EUR,6.6,0.0,4.23,10.98
VMP_VV-VITA-359_2_PK,B0GVX85KHT,DE,"Roter Reis Plus Kapseln Vegavero® | 2,9 mg Monakolin K | Komplex mit Bergamotte + Artischocke + Q10 | Red Yeast Rice | Flavonoide & Antioxidantien | Ohne Zusatzstoffe | Vegan (Packung mit 2)",Vegavero,34.4,34.4,EUR,5.16,0.0,3.21,10.98
VMP_VV-VITA-357_2_PK,B0HFTVSF3W,DE,Taurin hochdosiert | 1000 mg | Mit Curcuma & L-Theanin aus Grüntee Extrakt | Vegan & Ohne Zusatzstoffe | 90 Kapseln | Deutsche Produktion von Vegavero (Packung mit 2),Vegavero,37.8,37.8,EUR,5.67,0.0,,7.84
VMP_VV-VITA-355_2_PK,B0GVPYJRLD,DE,"Vegavero Reduziertes Glutathion | Liposomales Pureway-G | Mit NAC, Glycin, Glutamin, Vitamin C, Selen, Mariendistel & Curcuma Extrakt | Vegan & Ohne Zusatzstoffe | Deutsche Produktion (Packung mit 2)",Vegavero,43.5,43.5,EUR,6.53,0.0,3.21,16.86
VMP_VV-VITA-355-V_2_PK,B0HF76XM2M,FR,"GLUTATHION Liposomal & Réduit à 98% | 180 Gélules | Avec Précurseurs : NAC, Vitamine C, MSM, Glycine | PureWay™- G | Antioxydant + Anti age + Immunité | Vegan & Sans Additifs | Vegavero® (Lot de 2)",Vegavero,91.8,91.8,EUR,13.77,0.0,5.15,32.32
VMP_VV-VITA-352_2_PK,B0HDM2QPG3,IT,"Omega 3 VEGAN | + Vitamina D3, K2, E, A | DHA + EPA | con olio di alghe Premium Life’s OMEGA Pressato a Freddo | Vitamine ADEK | 60 capsule vegane | Vegavero® (Confezione da 2)",Vegavero,53.98,53.98,EUR,8.1,0.0,4.23,14.72
VMP_VV-VITA-351_2_PK,B0GVKYVYSS,GB,"Vegavero Cordyceps Sinensis Organic 13,000 mg | Mushroom Extract 20:1 | 40% Polysaccharides and 0.5% Adenosin | NO Additives | Lab-Tested | Vegan (Pack of 2)",Vegavero,35.98,35.98,GBP,5.4,0.0,2.98,10.68
VMP_VV-VITA-349_2_PK,B0HD2T2D5D,DE,Bio Bockshornklee Aktiviert | 2.900 mg Pulver + organic Extrakt pro Tag | Hochdosiert | Fenugreek Ohne Zusätze | Deutsche Produktion von Vegavero | 120 Kapseln (Packung mit 2),Vegavero,33.8,33.8,EUR,5.07,0.0,3.18,8.64
VMP_VV-VITA-346_2_PK,B0HF7KD1JV,FR,"CHROME 250 µg | Avec Magnésium, Vitamine B12 et Extrait d'Artichaut | 3 Mois | GLYCEMIE + METABOLISME | Biodisponibilité Elevée | Vegan et Sans Additifs | Vegavero® (Lot de 2)",Vegavero,33.8,33.8,EUR,5.07,0.0,4.79,5.92
VMP_VV-VITA-344_2_PK,B0HFKLSYJK,IT,Ashwagandha KSM-66 Pura BIO | 600 mg per dose giornaliera | Alto Dosaggio di Withania Somnifera con 5% di Withanolidi | 180 capsule: 3 Mesi | Vegan e Senza Additivi | Vegavero (Confezione da 2),Vegavero,51.98,51.98,EUR,7.8,0.0,4.23,14.82
VMP_VV-VITA-342_2_PK,B0HDM87VY7,IT,Vitamina D3 + K2 Gocce | 1000 UI | K2VITAL® All-Trans MK-7 + D3EirVit® | Colecalciferolo & Menachinone | con Olio MCT | Vegan | Alta Biodisponibilità e Alto Dosaggio | Vegavero® (Confezione da 2),Vegavero,39.98,39.98,EUR,6.0,0.0,4.0,13.24
VMP_VV-VITA-341_2_PK,B0GWGMGY7V,DE,Vitamin B12 Tropfen | 50 ml ohne Alkohol | 500 Tage | Aktivformen: 80% Methyl- & 20% Adenosylcobalamin | 500 µg B-12 flüssig | Laborgeprüft & Keine Konservierungsstoffe | Vegavero (Packung mit 2),Vegavero,31.8,31.8,EUR,4.77,0.0,2.82,10.54
VMP_VV-VITA-339_2_PK,B0HDM353QV,IT,"L-Tirosina Vegavero® | 1200 mg | con Iodio, Selenio, Vitamina B12, B5, B3, Acido Folico e Biotina | Integratore per Tiroide, Metabolismo e Concentrazione | 180 capsule | Vegan (Confezione da 2)",Vegavero,41.98,41.98,EUR,6.3,0.0,4.61,13.94
VMP_VV-VITA-338_2_PK,B0HDM4ZGBG,IT,Vegavero Curcuma biologica con pepe nero | 144 mg di curcumina per capsula | Con 162 mg di curcuminoidi + piperina | 120 Capsule | Prodotto in Germania | Senza additivi e Vegano (Confezione da 2),Vegavero,47.98,47.98,EUR,7.2,0.0,4.23,14.02
VMP_VV-VITA-336_2_PK,B0HDCPT7RR,FR,"Harpagophytum BIO | Extra Fort : 4995 mg | 2,7% Harpagosides | ARTICULATION : Douleurs Articulaires + Anti Inflammatoire + Mobilité | SANS ADDITIFS et VEGAN | 90 Gélules (Lot de 2)",Vegavero,35.8,35.8,EUR,5.37,0.0,4.79,10.14
VMP_VV-VITA-329_2_PK,B0GW715GVV,IT,Vitamina C Liposomiale | Dosaggio Ottimale | Pureway-C™ | Alta Biodisponibilità | Acido Ascorbico Puro | 120 Capsule | Vegano & Senza Additivi | Vegavero® (Confezione da 2),Vegavero,39.88,39.88,EUR,5.98,0.0,4.23,11.48
VMP_VV-VITA-31_2_PK,B0GWGPPZT6,DE,Papaya Enzym Vegavero | Geruchlos | Hochdosiert: 2.100 mg reines Papain pro Tagesdosis | Hohe Enzymaktivität: 4.2 Mio U | Natürlich aus der Frucht| 120 Kapseln | Vegan & Ohne Zusätze (Packung mit 2),Vegavero,40.74,40.74,EUR,6.11,0.0,3.21,11.06
VMP_VV-VITA-319_2_PK,B0HFKQ5XCT,IT,OMEGA 3 6 9 Vegavero® | 1400 mg di Olio di Semi di Chia 100% BIO | VEGAN | Spremuto a Freddo | Acidi Grassi Essenziali di Qualità Superiore Benexia® | Senza Additivi | 120 capsule (Confezione da 2),Vegavero,41.98,41.98,EUR,6.3,0.0,4.23,12.04
VMP_VV-VITA-318_2_PK,B0GVKY2F2V,FR,"CHOLESTEROL & TENSION ARTERIELLE | Avec Ail + Aubepine + Olivier | 3 MOIS | Extraits Qualité Supérieure : 40% Oleuropeine, 3% Flavones, 1% Allicine | Sans Additifs & Vegan | Vegavero® (Lot de 2)",Vegavero,35.8,35.8,EUR,5.37,0.0,4.79,9.54
VMP_VV-VITA-318_2_PK,B0GVKY2F2V,GB,Vegavero Hawthorn Garlic Supplement | NO Additives | with Olive Leaf Extract | 4 mg Allicin | Lab-Tested & Non-GMO | 90 Capsules | Vegan (Pack of 2),Vegavero,32.38,32.38,GBP,4.86,0.0,2.98,9.54
VMP_VV-VITA-316_2_PK,B0GWH6F2TS,IT,"CANNELLA CEYLON BIO Vegavero® | 2500 mg (5:1) | 4 Mesi di Fornitura | Cinnamon (Zimt) dal Madagascar | con 0,7% di Tannini | Vegan (Confezione da 2)",Vegavero,35.98,35.98,EUR,5.4,0.0,4.23,11.94
VMP_VV-VITA-316_2_PK,B0GWH6F2TS,DE,Bio Ceylon Zimt Kapseln | Premium: 2500 mg (5:1 Extrakt) |aus Madagaskar | Zimtextrakt – kein einfaches Pulver | Laborgeprüft | Vegan - Ohne Zusatzstoffe | Deutsche Produktion Vegavero (Packung mit 2),Vegavero,37.8,37.8,EUR,5.67,0.0,3.21,11.94
VMP_VV-VITA-314_2_PK,B0GVPSK8PD,ES,Vegavero Glicina Polvo | 1 Kg de L-Glicina (330 porciones) | Pura y Sin Aditivos | Con Cuchara Medidora | Vegano & Testado en Laboratorio (Paquete de 2),Vegavero,28.72,28.72,EUR,4.31,0.0,5.58,6.5
VMP_VV-VITA-314_2_PK,B0GVPSK8PD,FR,"Glycine Poudre Vegavero® | 1000g (1kg) | 100% Pure, Sans Additifs et Vegan | Analysé en Laboratoire | Synthèse du Collagène & Aide au Sommeil | Avec Cuillère à Mesurer (Lot de 2)",Vegavero,34.0,34.0,EUR,5.1,0.0,7.92,6.5
VMP_VV-VITA-314_2_PK,B0GVPSK8PD,DE,Vegavero Glycin Pulver 1000g mit Messlöffel – 100% Aminosäure hochdosiert - reines Glycine Pulver ohne Zusatzstoffe - fein löslich - Laborgeprüft & vegan (Packung mit 2),Vegavero,30.42,30.42,EUR,4.56,0.0,,6.5
VMP_VV-VITA-314_2_PK,B0GVPSK8PD,GB,"Vegavero Pure Glycine Powder 1 kg | 3000 mg Daily Dose | NO Additives, Lab-Tested | Recovery, Muscle & Collagen Synthesis | with Measuring Spoon | Vegan (Pack of 2)",Vegavero,43.18,43.18,GBP,6.48,0.0,,6.5
VMP_VV-VITA-313_2_PK,B0HDM9XY2Q,IT,BOSWELLIA Vegavero® | 9.450 mg (15:1) | con 85% di Acidi Boswellici | Per Articolazioni e Digestione | Senza Additivi | 120 capsule | Vegan (Confezione da 2),Vegavero,43.98,43.98,EUR,6.6,0.0,4.61,10.52
VMP_VV-VITA-308_2_PK,B0HFKQS66L,IT,"ENZIMI DIGESTIVI Vegavero® | 100% NATURALE | Con Bromelina, Papaina, Amilasi, Lipasi, Cellulasi, Proteasi e Lattasi | 180 capsule gastroresistenti DRcaps® | Vegan (Confezione da 2)",Vegavero,45.98,45.98,EUR,6.9,0.0,4.61,14.52
VMP_VV-VITA-307_2_PK,B0HDMJNTQM,IT,NICOTINAMIDE (Vitamina B3) Vegavero® | 180 capsule | FLUSH FREE: non provoca arrossamenti | Senza additivi artificiali | Vegan (Confezione da 2),Vegavero,31.98,31.98,EUR,4.8,0.0,4.23,7.42
VMP_VV-VITA-298_2_PK,B0HDQQNHV6,ES,Maca Negra + Tribulus Terrestris + Zinc | PARA 4 MESES | Dosis Más Alta | VIGORIZANTE | Fuerza + Energía + Resistencia | Vegano & Sin Aditivos | Vegavero (Paquete de 2),Vegavero,47.8,47.8,EUR,7.17,0.0,3.91,12.58
VMP_VV-VITA-297_2_PK,B0HFTT1WF5,DE,Beta Carotin Bräunungskapseln | mit Astaxanthin + Vitamin E | Premium Rohstoffe: Lucarotin + AstaZine | Keine Gelatine | Laborgeprüft | Ohne Zusätze | Deutsche Produktion Vegavero (Packung mit 2),Vegavero,39.8,39.8,EUR,5.97,0.0,3.21,14.34
VMP_VV-VITA-295_2_PK,B0HFKFD53H,IT,"Integratore GLICEMIA Vegavero | 120 capsule | con Cromo, Gymnema Sylvestre, Cannella Ceylon e Momordica Charantia | Cromo Picolinato | Senza Additivi | Vegan (Confezione da 2)",Vegavero,45.98,45.98,EUR,6.9,0.0,4.23,11.66
VMP_VV-VITA-284_2_PK,B0HFKD5KKR,IT,CHAGA BIO Vegavero® | 6000 mg (10:1) | Fungo Inonotus Obliquus | con 40% di Polisaccaridi e 30% di Beta Glucani | 120 capsule | Vegan (Confezione da 2),Vegavero,49.98,49.98,EUR,7.5,0.0,4.23,14.84
VMP_VV-VITA-277_2_PK,B0GW6Z874Y,DE,Vitamin B12 Spray für Kinder Vegavero | Vegan & Zuckerfrei | 5 µg B 12 in zwei Formen | Methylcobalamin | Leckerer Kirschgeschmack | Immunsystem & Energie* (Packung mit 2),Vegavero,24.76,24.76,EUR,3.71,0.0,2.82,6.96
VMP_VV-VITA-264_2_PK,B0HD269ML8,DE,"Vegavero Beifuß Kapseln hochdosiert - 600 mg Artemisia Vulgaris Extrakt (10:1) mit Flavonoiden (Bitterstoffe) - 180 Kapseln für 6 Monate - Vegan, laborgeprüft & ohne Zusatzstoffe (Packung mit 2)",Vegavero,51.8,51.8,EUR,7.77,0.0,3.18,5.76
VMP_VV-VITA-262_2_PK,B0GVPV2LR7,DE,Bio Bilberry & Pine Bark Kapseln Vegavero | Anthocyane aus Heidelbeer-Extrakt Feno-Myrtillus & Kiefernrinden-Extraktion aus Finnland | Vegan & Ohne Zusätze | 90 Stück (Packung mit 2),Vegavero,37.8,37.8,EUR,5.67,0.0,3.21,16.5
VMP_VV-VITA-257_2_PK,B0GWH29Y6N,DE,Vegavero Bio Lecithin Öl Kapseln 120 Stück - 1800 mg Sonnenblumenlecithin mit 15% Phosphatidylcholin - carrageenfrei - Lecithin Kapseln vegan & laborgeprüft (Packung mit 2),Vegavero,49.5,49.5,EUR,7.43,0.0,3.21,17.3
VMP_VV-VITA-256_2_PK,B0HDXNJ3Z5,GB,Vegavero Organic Pumpkin Seed Oil Capsules 1000 mg | Prostate Supplements | 45% Omega 6 Fatty Acids | NO Additives | Overactive Bladder & Urinary Tract Health | 180 Capsule | Vegan (Pack of 2),Vegavero,47.98,47.98,GBP,7.2,0.0,,16.1
VMP_VV-VITA-252_2_PK,B0GVX5QFPN,DE,Shiitake Kapseln Vegavero | Mit 750 mg Shiitakeextrakt pro Einheit | 1500 mg Tagesdosis | 40% Polysaccharide & 30% Beta Glucan | 100% Natürlich & Vegan | Ohne Zusatzstoffe | 120 Stück (Packung mit 2),Vegavero,41.68,41.68,EUR,6.25,0.0,3.21,16.1
VMP_VV-VITA-250_2_PK,B0HDRBFDYB,ES,Bacopa Monnieri BIO | 180 Comprimidos | Nootropicos Memoria y Concentracion | BRAHMI Orgánico | 1500 mg | Vegano | Vegavero (Paquete de 2),Vegavero,33.8,33.8,EUR,5.07,0.0,4.01,10.28
VMP_VV-VITA-243_2_PK,B0GW7187P9,ES,Magnesio Complex | 375 mg de Magnesio | Citrato + Bisglicinato + Taurato + Malato | 180 Cápsulas | Vitamina B6 & B2 | Sin Aditivos & Vegano | Vegavero (Paquete de 2),Vegavero,41.22,41.22,EUR,6.18,0.0,3.8,12.74
VMP_VV-VITA-243_2_PK,B0GW7187P9,IT,Magnesio Completo Complex | 4 Forme Migliori: Citrato + Bisglicinato + Malato + Taurato | con Vitamina B2 e B6 | 180 capsule | Vegan | Vegavero® (Confezione da 2),Vegavero,46.78,46.78,EUR,7.02,0.0,4.61,12.74
VMP_VV-VITA-243_2_PK,B0GW7187P9,DE,Vegavero Magnesium Komplex hochdosiert mit Vitamin B6 und B2-180 Kapseln - 375 mg/Tag mit Magnesiumbisglycinat - Magnesium Kapseln vegan & ohne Zusätze - Magnesium-Supplement (Packung mit 2),Vegavero,41.6,41.6,EUR,6.24,0.0,3.18,12.74
VMP_VV-VITA-231_2_PK,B0GVQ9RG6V,DE,"Vegavero Myo-Inositol Komplex - 120 Kapseln mit 1800 mg Myo Inositol, D-Chiro-Inositol, Resveratrol, Q10, Zink, Vitamin B6 & Folsäure - Hochdosiert, vegan, ohne Zusatzstoffe (Packung mit 2)",Vegavero,49.5,49.5,EUR,7.43,0.0,3.21,14.2
VMP_VV-VITA-230_2_PK,B0GVPWW9LH,FR,"Berberine 1032 mg | Avec Ail Noir, Chrome et Poivre | 3 MOIS | 97% Berbérine HCl | Cholestérol + Métabolisme | 90 Gélules | Sans Additifs | Vegavero® (Lot de 2)",Vegavero,49.2,49.2,EUR,7.38,0.0,4.79,17.44
VMP_VV-VITA-227_2_PK,B0HF7HPVD2,FR,Onagre BIO + Bourrache - 700 mg | VEGAN & Naturel | Avec Omega 6 | Pour la Peau + Rééquilibrage hormonal | Qualité Supérieure & Sans Additifs | 3 Mois | Vegavero® (Lot de 2),Vegavero,41.8,41.8,EUR,6.27,0.0,4.79,13.4
VMP_VV-VITA-225_2_PK,B0GVQ3JH4D,FR,Shilajit Pure 78.000 mg Vegavero® | Extrait 60:1 | 60% Acides Fulviques + 12% Humiques | Résine de l'Himalaya | Energie + Immunité + Antioxydant | 90 Gélules | VEGAN & Sans Additifs (Lot de 2),Vegavero,47.3,47.3,EUR,7.1,0.0,4.79,15.26
VMP_VV-VITA-223_2_PK,B0GVL3G6SL,GB,Vegavero Vegan Omega 3 | Algae Oil DHA & EPA | 90 Capsules | NO Additives | Lab-Tested (Pack of 2),Vegavero,43.18,43.18,GBP,6.48,0.0,2.98,17.8
VMP_VV-VITA-216_2_PK,B0HDMGCBZ6,IT,"KUDZU Vegavero ® | 6.000 mg (10:1) | 180 capsule | 8% Isoflavoni | con Vitamina C da Acerola | Alto Dosaggio | Integratore per Menopausa, Ansia e Astinenza | Vegan (Confezione da 2)",Vegavero,45.98,45.98,EUR,6.9,0.0,4.23,11.16
VMP_VV-VITA-208_2_PK,B0GW1B2FZZ,DE,"Vegavero Rosskastanien Kapseln 120 Stück - Bio Rosskastanienextrakt Kapseln mit rotem Weinlaub & Acerola Vitamin C - mit Aescin & Polyphenolen - Vegan, ohne Zusatzstoffe (Packung mit 2)",Vegavero,37.42,37.42,EUR,5.61,0.0,3.18,15.24
VMP_VV-VITA-208_2_PK,B0GW1B2FZZ,GB,Vegavero Organic Horse Chestnut Extract | with Red Vines & Acerola Cherry | 120 Capsules | NO Additives | Circulation & Varicose Veins Support | Aesculus Hippocastanum | Vegan (Pack of 2),Vegavero,39.58,39.58,GBP,5.94,0.0,3.05,15.24
VMP_VV-VITA-207_2_PK,B0GWGPCPJZ,DE,Vegavero Bio Astragalus Kapseln hochdosiert 120 Stück - 750 mg Astragalus Extrakt 15:1 mit 20% Polysacchariden - aus Bio Tragantwurzel - Vegan & laborgeprüft (Packung mit 2),Vegavero,35.82,35.82,EUR,5.37,0.0,3.21,11.48
VMP_VV-VITA-206_2_PK,B0GWGTFFY6,DE,"Bio Artischocken Kapseln Hochdosiert | 40.000 mg Pulver äquivalent (20:1) | 2,5% Cynarin | Rohstoff aus Frankreich | Laborgeprüft | Ohne Zusatzstoffe | Deutsche Produktion Vegavero (Packung mit 2)",Vegavero,32.58,32.58,EUR,4.89,0.0,3.18,10.22
VMP_VV-VITA-206_2_PK,B0GWGTFFY6,GB,"Vegavero Organic Artichoke 40,000 mg 20:1 High Strength Extract | Without Leaf Fibre or Inulin | 2.5% Cynarin | NO Additives, Lab-Tested | 120 Capsules | Vegan (Pack of 2)",Vegavero,35.98,35.98,GBP,5.4,0.0,,10.22
VMP_VV-VITA-204_2_PK,B0GVXM959S,DE,Teufelskralle Kapseln Vegavero | 550 mg | Mit Weidenrinde (Salix alba) & Ingwer | 2% Harpagoside aus Harpagophytum procumbens | Vegan & Ohne Zusätze | 120 Stück (Packung mit 2),Vegavero,34.02,34.02,EUR,5.1,0.0,3.21,10.28
VMP_VV-VITA-203_2_PK,B0GW7D62J2,DE,Vegavero Gaba Kapseln hochdosiert 120 Stück - 1000 mg Gaba mit L-Theanin aus Grüntee Extrakt & Vitamin B6 - Gamma Aminobuttersäure vegan - ohne Zusatzstoffe (Packung mit 2),Vegavero,36.62,36.62,EUR,5.49,0.0,3.21,11.54
VMP_VV-VITA-199_2_PK,B0HFBJX67B,DE,"Vegavero BIO Johanniskraut Kapseln mit Passionsblume - 500 mg Extrakt 2:1 - Johanniskraut hochdosiert aus Europa - vegan & laborgeprüft, ohne Zusatzstoffe - 90 Stück (Packung mit 2)",Vegavero,39.8,39.8,EUR,5.97,0.0,3.21,10.68
VMP_VV-VITA-198_2_PK,B0GW6SV2B2,IT,Vegavero BROMELINA Forte Drenante | 1.300 mg (5.000 F.I.P./g) | con Capsule Gastroresistenti Drcaps | Enzima digestivo dell’Ananas | Integratore Diuretico | Vegan (Confezione da 2),Vegavero,39.98,39.98,EUR,6.0,0.0,4.23,14.18
VMP_VV-VITA-188_2_PK,B0HCX462KM,GB,"Vegavero Organic STINGING Nettle 3600 mg | from 4:1 Root & Leaf Extracts | Blood Sugar Control, Joint Health, Prostate Health | NO Additives | Urtica Dioica | 120 Capsules | Vegan (Pack of 2)",Vegavero,35.9,35.9,GBP,5.39,0.0,,11.42
VMP_VV-VITA-186_2_PK,B0HDWX7ZJS,GB,"Vegavero Organic Chlorella Broken Cell Wall 3000 mg | NO Additives, Lab-Tested | 180 Tablets | Pure Powder | Vegan (Pack of 2)",Vegavero,49.98,49.98,GBP,7.5,0.0,3.09,14.08
VMP_VV-VITA-171_2_PK,B0HDRN26BV,ES,Vegavero Luteína Complex | 40mg Luteina + 8mg Zeaxantina | 16000 MG Flor de Cálendula | Materia Premium: Xanmax | Testado en Alemania | Sin Aditivos y Vegano (Paquete de 2),Vegavero,49.64,49.64,EUR,7.45,0.0,3.91,25.5
VMP_VV-VITA-166_2_PK,B0HCW5LPYK,GB,"Vegavero Pure Triphala Powder Organic 1300 mg | 180 Capsules (3 Month Supply) | NO Additives, Lab-Tested | Ayurveda Products | Gut Health Supplements & Immune System Booster | Vegan (Pack of 2)",Vegavero,43.98,43.98,GBP,6.6,0.0,,11.48
VMP_VV-VITA-159_2_PK,B0GW774BD9,IT,EAA Aminoacidi Essenziali | NATURALI da Fermentazione e SENZA ADDITIVI | Con Aminoacidi Ramificati BCAA 2.1.1 | 300 compresse | VEGAN | Vegavero (Confezione da 2),Vegavero,49.98,49.98,EUR,7.5,0.0,5.02,15.76
VMP_VV-VITA-157_2_PK,B0GVQ3J6C3,ES,Espino Blanco Orgánico Vegavero | 2800 mg | Extracto estandarizado a 1.5% Flavonoides | Sin Aditivos | Origen Europeo | Colesterol + Salud Cardiovascular (Paquete de 2),Vegavero,32.22,32.22,EUR,4.83,0.0,3.91,9.26
VMP_VV-VITA-157_2_PK,B0GVQ3J6C3,IT,"BIANCOSPINO BIO Vegavero® | 700 mg | con 1,5% di Flavonoidi | Senza Additivi | Integratore per Sistema Cardiovascolare (Pressione arteriosa) e Calmante Naturale* | Vegan (Confezione da 2)",Vegavero,32.28,32.28,EUR,4.84,0.0,4.23,9.26
VMP_VV-VITA-151_2_PK,B0GW798J1L,IT,"Vegavero FEMALE BALANCE | 180 capsule | per Squilibrio Ormonale con Agnocasto, Maca, Magnesio, Acido Folico, Vitamine e Minerali | Amenorrea e PMS | Vegan e Senza Additivi (Confezione da 2)",Vegavero,46.78,46.78,EUR,7.02,0.0,4.23,16.22
VMP_VV-VITA-146_2_PK,B0GW7B97PB,IT,"Spirulina Bio | 4.000 al giorno – 1.000 mg per compressa | 3,9% di Ficocianina | 100% Pura e Biologica | Alga Spirulin Platensis | Certificata in Laboratorio Tedesco | Vegavero® (Confezione da 2)",Vegavero,39.98,39.98,EUR,6.0,0.0,5.02,13.22
VMP_VV-VITA-146_2_PK,B0GW7B97PB,DE,"Spirulina Bio | 4000 mg | Höchste Dosis pro Tablette | Laborgeprüft | Vegan & Ohne Zusatzstoffe | 3,9% Phycocyanin | 300 Stück | Deutsche Produktion von Vegavero (Packung mit 2)",Vegavero,37.8,37.8,EUR,5.67,0.0,3.19,13.22
VMP_VV-VITA-143_2_PK,B0HFKNFSW9,IT,"Vegavero Vitamina B12 Vegan 1000 mcg | con Acido Folico, Vitamina B6 e Colina | Metilcobalamina + Adenosilcobalamina (Forme Attive) | SENZA ADDITIVI | 180 capsule (Confezione da 2)",Vegavero,47.98,47.98,EUR,7.2,0.0,4.61,19.2
VMP_VV-VITA-142_2_PK,B0HF3SVG2T,DE,"Prostata Komplex Vegavero | 800 mg Kürbiskernextrakt |180 Kapseln Hochdosiert | Mit Sägepalmenextrakt, Kürbiskernen, Brennnessel & Mehr | Vegan & Ohne Zusätze (Packung mit 2)",Vegavero,51.8,51.8,EUR,7.77,0.0,3.18,17.22
VMP_VV-VITA-136_2_PK,B0GWRNCMY1,ES,Vegavero Piernas Cansadas | 120 Cápsulas | Circulacion + Light Legs + Retencion Liquidos | SIN ADITIVOS | Con Centella Asiática & Arandanos | Vegano (Paquete de 2),Vegavero,41.22,41.22,EUR,6.18,0.0,3.8,14.3
VMP_VV-VITA-129_2_PK,B0HFQ2MJ46,FR,"Gingembre BIO 650 mg | 120 Gélules (4 mois) | 1,5% Gingerol | Digestion + Vomissement | Testé en Laboratoire | Vegan & Sans Additifs | Vegavero® (Lot de 2)",Vegavero,31.8,31.8,EUR,4.77,0.0,5.15,8.08
VMP_VV-VITA-127_2_PK,B0GVQ41N77,DE,"Vegavero Safran Kapseln hochdosiert 120 Stück - 30 mg Safran Extrakt mit AFFRON® aus Spanien - standardisiert auf 3,5% Lepticrosalide - Vegan, ohne Zusatzstoffe (Packung mit 2)",Vegavero,44.82,44.82,EUR,6.72,0.0,3.21,15.36
VMP_VV-VITA-127_2_PK,B0GVQ41N77,GB,Vegavero Saffron Supplement 90 mg | 3.5% Lepticrosaliden | Pure Saffran 3:1 Extract | 120 Capsules | Premium Crocus Sativus | NO Additives | Lab-Tested | Vegan (Pack of 2),Vegavero,46.78,46.78,GBP,7.02,0.0,2.98,15.36
VMP_VV-VITA-124_2_PK,B0GVWL1XTV,IT,Vitamina C Naturale BIO | 1060 mg di Acerola | L’unica Biologica e Senza Additivi | Integratore per Sistema Immunitario e Antiossidante | 180 capsule | Vegan (Confezione da 2),Vegavero,51.8,51.8,EUR,7.77,0.0,4.61,17.84
VMP_VV-VITA-124_2_PK,B0GVWL1XTV,DE,Natürliches Vitamin C Vegavero | aus Bio Acerola Extrakt | Vegan | Immunsystem stärken * | Ohne Zusatzstoffe | 180 Kapseln (Packung mit 2),Vegavero,45.88,45.88,EUR,6.88,0.0,3.18,17.84
VMP_VV-VITA-122_2_PK,B0HDMGXB52,IT,"Vegavero Difese Immunitarie Adulti | 120 capsule | con Echinacea, Vitamina C, D3, Zinco e Selenio | Senza Additivi e Certificato in Laboratorio | Rinforzo Sistema Immunitario (Confezione da 2)",Vegavero,45.98,45.98,EUR,6.9,0.0,4.23,9.62
VMP_VV-VITA-122-V_2_PK,B0HDMGB8MJ,IT,"Difese Immunitarie Adulti | 240 capsule | con Echinacea, Vitamina C, D3, Zinco e Selenio | Senza Additivi e Certificato in Laboratorio | Rinforzo Sistema Immunitario | Vegavero® (Confezione da 2)",Vegavero,59.98,59.98,EUR,9.0,0.0,4.61,13.98
VMP_VV-VITA-121_2_PK,B0HDQR455N,ES,"Vegavero Menopausia Complex | Control de Sofocos y Bienestar Emocional | Con Salvia, Lúpulo, Yam Silvestre, Onagra, Manzanilla | 120 Cápsulas | 100% Natural, Sin Aditivos y Vegano (Paquete de 2)",Vegavero,41.8,41.8,EUR,6.27,0.0,3.8,14.6
VMP_VV-VITA-119_2_PK,B0GVZWG6D7,GB,"Vegavero Magnesium 2,000 mg + Potassium 2,083 mg | High Strength Citrate Forms | 180 Vegan Capsules | Electrolytes for Hydration & Recovery | 45 Day Supply (Pack of 2)",Vegavero,43.68,43.68,GBP,6.55,0.0,3.09,10.02
VMP_VV-VITA-109_2_PK,B0HDM6FL8Y,IT,"Detox FEGATO Vegavero® | Cardo Mariano, Carciofo, Tarassaco, Cicoria e Colina | Depurante + Disintossicante | Con Silimarina e Cinarina | 120 capsule | Vegan (Confezione da 2)",Vegavero,45.98,45.98,EUR,6.9,0.0,4.23,10.26
VMP_VV-VITA-107_2_PK,B0GVPZDG7V,FR,Cannelle de Ceylan Vegavero® | Fortement Dosé : 2500 mg de Poudre (250 mg d'Extrait 10:1) | Pour 4 Mois | 10% Polyphénols | Sans Additifs & Vegan | 120 Gélules (Lot de 2),Vegavero,32.1,32.1,EUR,4.82,0.0,4.79,6.9
VMP_VV-VITA-105_2_PK,B0HF6Y4D65,FR,PANAX GINSENG Rouge + Coréen | 120 Gélules | Extra Fort : 4800 mg/j | Anti Stress + Concentration + Énergie Booster | 20% de Ginsenosides | SANS ADDITIFS & VEGAN | Vegavero® (Lot de 2),Vegavero,41.8,41.8,EUR,6.27,0.0,5.15,4.28
VMP_VV-VITA-102_2_PK,B0HDMC2J99,IT,"GINKGO BILOBA Vegavero® | estratto 50:1 | 24% di Glucosidi Flavonoidi e 6% di Terpenoidi | Circolazione, Memoria & Concentrazione | Senza Additivi | 180 capsule | Vegan (Confezione da 2)",Vegavero,39.98,39.98,EUR,6.0,0.0,4.23,12.26
VMP_VV-VITA-101_2_PK,B0GVQ1JD46,FR,Rhodiola Rosea Vegavero® | 1200 mg (Extrait 6:1) | 120 Gélules (4 MOIS) | Anti Stress + Fatigue + Mémoire | RHODIOLIFE® | 3% Rosavine + 1% Salidroside | SANS ADDITIFS et VEGAN (Lot de 2),Vegavero,41.6,41.6,EUR,6.24,0.0,4.79,15.64
VMP_VV-ALO-06_2_PK,B0HFTH21JD,DE,Vegavero MSM Pulver hochdosiert 1000g – Fein kristallines Methylsulfonylmethan Pulver - reiner organischer Schwefel - ohne Zusatzstoffe - Laborgeprüft & vegan (Packung mit 2),Vegavero,37.8,37.8,EUR,5.67,0.0,4.35,9.86
VMP_NX-CVPF-VCEZ_2_PK,B0GW74HBK7,IT,REISHI Vegavero | 27.300 mg (14:1) | con 40% Polisaccaridi + 20% Beta Glucani | Ganoderma Lucidum Puro | Analisi di Laboratorio | 120 capsule | Vegan (Confezione da 2),Vegavero,47.98,47.98,EUR,7.2,0.0,4.61,17.86
VMP_CW-KVIN-V39Y_2_PK,B0HFFH68S9,GB,Vegavero Pure D-Mannose Powder 250 g | 4 Months’ Supply | 2000 mg per Day | NO Additives | 100% Naturally Sourced | Urinary Tract Infection | Vegan (Pack of 2),Vegavero,59.98,59.98,GBP,9.0,0.0,,8.16
VMP_2R-49NC-R697_2_PK,B0GVZYS27M,DE,"MSM Pulver 1000 g Vegavero | 99,9% rein | Deutsche Produktion | Methylsulfonylmethan | Organischer Schwefel | Kristallin | Laborgeprüft & Ohne Zusätze | Vegan (Packung mit 2)",Vegavero,28.3,28.3,EUR,4.25,0.0,4.34,8.72
VMP_2R-49NC-R697_2_PK,B0GVZYS27M,GB,Vegavero Pure MSM Powder 1 kg | Bag | Distilled Organic Sulphur | NO Additives & Non GMO | Lab-Tested | 1000 g Per Day | Vegan (Pack of 2),Vegavero,44.98,44.98,GBP,6.75,0.0,3.32,8.72
T5-SR1L-UZBW,B0GNMWZRGV,ES,Vegavero Pack Dúo: Colla-Veg + Ácido Hialurónico | Complejo Vegano para Colágeno y Piel | Testados en Laboratorio | Sin Aditivos,Vegavero,43.92,43.92,EUR,6.59,0.0,2.81,
